ID_Tactique,ID_Match,ID_Joueur,Zones_Influence,Transitions_Rapides,Pressions_Réussies
1,1,414,Aucune,0,0
2,1,617,Défensive,0,0
3,1,829,Aucune,0,0
4,1,666,Défensive,5,8
5,1,445,Aucune,0,0
6,1,101,Défensive,6,15
7,1,802,Aucune,0,0
8,1,757,Défensive,6,18
9,1,152,Défensive,7,9
10,1,270,Médiane,8,12
11,1,393,Aucune,0,0
12,1,124,Aucune,0,0
13,1,341,Aucune,0,0
14,1,974,Médiane,5,7
15,1,439,Offensive,8,14
16,1,818,Défensive,5,12
17,1,688,Défensive,2,7
18,1,807,Aucune,0,0
19,1,895,Offensive,5,15
20,1,678,Défensive,10,14
21,1,32,Défensive,9,17
22,1,881,Médiane,2,8
23,1,600,Aucune,0,0
24,1,285,Défensive,10,5
25,2,414,Défensive,0,0
26,2,617,Défensive,0,0
27,2,829,Défensive,0,0
28,2,666,Médiane,7,9
29,2,445,Toute Surface,7,14
30,2,101,Toute Surface,6,14
31,2,802,Défensive,12,10
32,2,757,Toute Surface,5,19
33,2,152,Toute Surface,8,15
34,2,270,Défensive,6,13
35,2,393,Médiane,8,12
36,2,124,Défensive,8,8
37,2,341,Défensive,12,3
38,2,974,Toute Surface,6,7
39,2,439,Offensive,12,14
40,2,818,Médiane,7,16
41,2,688,Toute Surface,5,5
42,2,807,Aucune,0,0
43,2,895,Médiane,11,14
44,2,678,Médiane,11,20
45,2,32,Toute Surface,8,10
46,2,881,Défensive,4,6
47,2,600,Médiane,9,11
48,2,285,Toute Surface,10,10
49,3,414,Défensive,0,0
50,3,617,Défensive,0,0
51,3,829,Défensive,0,0
52,3,666,Offensive,4,6
53,3,445,Toute Surface,11,12
54,3,101,Défensive,8,17
55,3,802,Défensive,6,22
56,3,757,Toute Surface,5,18
57,3,152,Toute Surface,9,11
58,3,270,Défensive,12,17
59,3,393,Offensive,11,19
60,3,124,Médiane,8,9
61,3,341,Toute Surface,8,11
62,3,974,Médiane,7,13
63,3,439,Médiane,12,14
64,3,818,Défensive,9,22
65,3,688,Médiane,5,14
66,3,807,Aucune,0,0
67,3,895,Défensive,6,13
68,3,678,Offensive,9,13
69,3,32,Défensive,5,16
70,3,881,Offensive,7,5
71,3,600,Médiane,8,15
72,3,285,Défensive,12,4
73,4,414,Défensive,0,0
74,4,617,Défensive,0,0
75,4,829,Défensive,0,0
76,4,666,Toute Surface,5,16
77,4,445,Défensive,11,13
78,4,101,Offensive,5,16
79,4,802,Offensive,8,12
80,4,757,Offensive,13,11
81,4,152,Offensive,8,17
82,4,270,Offensive,6,17
83,4,393,Défensive,13,20
84,4,124,Toute Surface,4,5
85,4,341,Toute Surface,9,8
86,4,974,Défensive,5,12
87,4,439,Offensive,9,16
88,4,818,Offensive,12,11
89,4,688,Médiane,8,12
90,4,807,Offensive,6,16
91,4,895,Toute Surface,13,12
92,4,678,Médiane,11,15
93,4,32,Défensive,13,11
94,4,881,Défensive,7,16
95,4,600,Médiane,12,18
96,4,285,Médiane,11,9
97,5,414,Défensive,0,0
98,5,617,Défensive,0,0
99,5,829,Défensive,0,0
100,5,666,Offensive,6,9
101,5,445,Toute Surface,8,15
102,5,101,Défensive,8,9
103,5,802,Toute Surface,6,9
104,5,757,Offensive,4,16
105,5,152,Défensive,10,13
106,5,270,Offensive,9,14
107,5,393,Toute Surface,9,16
108,5,124,Défensive,4,13
109,5,341,Offensive,12,4
110,5,974,Toute Surface,4,9
111,5,439,Offensive,8,9
112,5,818,Médiane,10,15
113,5,688,Offensive,7,12
114,5,807,Défensive,6,11
115,5,895,Défensive,7,9
116,5,678,Toute Surface,10,12
117,5,32,Médiane,9,15
118,5,881,Toute Surface,6,6
119,5,600,Offensive,7,9
120,5,285,Offensive,8,3
121,6,414,Défensive,0,0
122,6,617,Défensive,0,0
123,6,829,Défensive,0,0
124,6,666,Médiane,6,15
125,6,445,Toute Surface,8,11
126,6,101,Toute Surface,12,18
127,6,802,Offensive,9,15
128,6,757,Médiane,12,16
129,6,152,Défensive,11,17
130,6,270,Médiane,10,13
131,6,393,Défensive,7,10
132,6,124,Toute Surface,8,9
133,6,341,Défensive,11,6
134,6,974,Offensive,3,5
135,6,439,Médiane,5,13
136,6,818,Offensive,7,18
137,6,688,Médiane,7,15
138,6,807,Offensive,6,10
139,6,895,Offensive,11,10
140,6,678,Offensive,12,11
141,6,32,Offensive,10,20
142,6,881,Toute Surface,5,15
143,6,600,Médiane,9,17
144,6,285,Offensive,10,3
145,7,414,Défensive,0,0
146,7,617,Défensive,0,0
147,7,829,Défensive,0,0
148,7,666,Médiane,7,11
149,7,445,Offensive,10,17
150,7,101,Offensive,9,11
151,7,802,Offensive,8,11
152,7,757,Médiane,4,13
153,7,152,Offensive,10,14
154,7,270,Offensive,5,18
155,7,393,Offensive,5,9
156,7,124,Médiane,5,6
157,7,341,Médiane,10,6
158,7,974,Toute Surface,4,10
159,7,439,Défensive,7,14
160,7,818,Défensive,10,17
161,7,688,Toute Surface,6,12
162,7,807,Toute Surface,5,10
163,7,895,Toute Surface,10,9
164,7,678,Toute Surface,6,10
165,7,32,Toute Surface,7,16
166,7,881,Défensive,5,5
167,7,600,Offensive,5,13
168,7,285,Défensive,10,7
169,8,414,Défensive,0,0
170,8,617,Défensive,0,0
171,8,829,Défensive,0,0
172,8,666,Défensive,3,5
173,8,445,Médiane,7,18
174,8,101,Offensive,8,18
175,8,802,Toute Surface,9,14
176,8,757,Défensive,9,20
177,8,152,Défensive,11,13
178,8,270,Offensive,7,20
179,8,393,Offensive,8,14
180,8,124,Médiane,5,14
181,8,341,Défensive,9,5
182,8,974,Défensive,4,8
183,8,439,Médiane,8,20
184,8,818,Toute Surface,7,17
185,8,688,Médiane,8,8
186,8,807,Médiane,7,5
187,8,895,Toute Surface,8,16
188,8,678,Médiane,11,14
189,8,32,Offensive,9,22
190,8,881,Toute Surface,7,15
191,8,600,Médiane,5,20
192,8,285,Défensive,8,8
193,9,414,Défensive,0,0
194,9,617,Défensive,0,0
195,9,829,Défensive,0,0
196,9,666,Toute Surface,4,11
197,9,445,Défensive,5,19
198,9,101,Défensive,5,16
199,9,802,Médiane,6,12
200,9,757,Défensive,9,11
201,9,152,Défensive,12,14
202,9,270,Offensive,13,11
203,9,393,Défensive,5,17
204,9,124,Défensive,5,7
205,9,341,Offensive,14,4
206,9,974,Toute Surface,7,15
207,9,439,Défensive,13,18
208,9,818,Médiane,7,16
209,9,688,Médiane,8,14
210,9,807,Offensive,4,6
211,9,895,Médiane,5,13
212,9,678,Défensive,8,16
213,9,32,Défensive,8,17
214,9,881,Offensive,8,16
215,9,600,Défensive,6,15
216,9,285,Offensive,13,6
217,10,414,Défensive,0,0
218,10,617,Défensive,0,0
219,10,829,Défensive,0,0
220,10,666,Médiane,3,15
221,10,445,Offensive,7,19
222,10,101,Défensive,5,15
223,10,802,Médiane,11,17
224,10,757,Médiane,13,15
225,10,152,Médiane,7,16
226,10,270,Toute Surface,12,14
227,10,393,Offensive,12,15
228,10,124,Médiane,8,12
229,10,341,Médiane,9,11
230,10,974,Toute Surface,7,5
231,10,439,Toute Surface,12,18
232,10,818,Toute Surface,11,22
233,10,688,Toute Surface,6,13
234,10,807,Toute Surface,6,5
235,10,895,Défensive,5,19
236,10,678,Toute Surface,13,14
237,10,32,Toute Surface,5,15
238,10,881,Défensive,3,6
239,10,600,Médiane,11,15
240,10,285,Défensive,12,11
241,11,414,Défensive,0,0
242,11,617,Défensive,0,0
243,11,829,Défensive,0,0
244,11,666,Défensive,2,9
245,11,445,Toute Surface,9,13
246,11,101,Défensive,10,16
247,11,802,Défensive,5,14
248,11,757,Toute Surface,8,9
249,11,152,Toute Surface,4,18
250,11,270,Médiane,6,9
251,11,393,Défensive,4,15
252,11,124,Toute Surface,7,12
253,11,341,Offensive,12,9
254,11,974,Médiane,2,5
255,11,439,Toute Surface,8,14
256,11,818,Toute Surface,9,18
257,11,688,Toute Surface,2,12
258,11,807,Médiane,5,13
259,11,895,Défensive,7,10
260,11,678,Offensive,10,16
261,11,32,Toute Surface,7,16
262,11,881,Défensive,5,10
263,11,600,Toute Surface,4,15
264,11,285,Offensive,11,7
265,12,414,Défensive,0,0
266,12,617,Défensive,0,0
267,12,829,Défensive,0,0
268,12,666,Médiane,8,14
269,12,445,Médiane,8,13
270,12,101,Toute Surface,7,19
271,12,802,Défensive,5,16
272,12,757,Défensive,6,16
273,12,152,Offensive,8,13
274,12,270,Médiane,11,17
275,12,393,Défensive,8,14
276,12,124,Toute Surface,8,8
277,12,341,Médiane,11,4
278,12,974,Défensive,3,16
279,12,439,Offensive,11,15
280,12,818,Toute Surface,5,22
281,12,688,Défensive,8,6
282,12,807,Défensive,3,15
283,12,895,Défensive,9,19
284,12,678,Défensive,8,13
285,12,32,Défensive,12,13
286,12,881,Défensive,3,9
287,12,600,Offensive,11,16
288,12,285,Défensive,14,7
289,13,414,Défensive,0,0
290,13,617,Défensive,0,0
291,13,829,Défensive,0,0
292,13,666,Toute Surface,8,14
293,13,445,Offensive,6,14
294,13,101,Toute Surface,12,14
295,13,802,Défensive,12,13
296,13,757,Offensive,7,16
297,13,152,Toute Surface,6,14
298,13,270,Toute Surface,8,15
299,13,393,Défensive,9,14
300,13,124,Défensive,4,11
301,13,341,Médiane,11,9
302,13,974,Médiane,8,15
303,13,439,Défensive,9,18
304,13,818,Toute Surface,10,16
305,13,688,Défensive,5,7
306,13,807,Défensive,3,9
307,13,895,Offensive,8,10
308,13,678,Médiane,9,17
309,13,32,Défensive,10,16
310,13,881,Toute Surface,3,11
311,13,600,Toute Surface,8,11
312,13,285,Toute Surface,9,3
313,14,414,Défensive,0,0
314,14,617,Défensive,0,0
315,14,829,Défensive,0,0
316,14,666,Médiane,5,7
317,14,445,Toute Surface,5,10
318,14,101,Médiane,7,13
319,14,802,Médiane,11,10
320,14,757,Offensive,9,15
321,14,152,Offensive,8,18
322,14,270,Toute Surface,11,14
323,14,393,Offensive,12,18
324,14,124,Offensive,4,13
325,14,341,Médiane,15,9
326,14,974,Médiane,8,12
327,14,439,Défensive,7,13
328,14,818,Défensive,12,14
329,14,688,Toute Surface,7,13
330,14,807,Défensive,3,14
331,14,895,Médiane,6,10
332,14,678,Offensive,11,14
333,14,32,Défensive,12,18
334,14,881,Médiane,5,7
335,14,600,Défensive,7,12
336,14,285,Défensive,12,9
337,15,414,Défensive,0,0
338,15,617,Défensive,0,0
339,15,829,Défensive,0,0
340,15,666,Toute Surface,8,9
341,15,445,Offensive,5,18
342,15,101,Défensive,9,11
343,15,802,Toute Surface,11,16
344,15,757,Médiane,8,15
345,15,152,Défensive,12,14
346,15,270,Défensive,6,11
347,15,393,Défensive,5,17
348,15,124,Médiane,7,6
349,15,341,Offensive,13,8
350,15,974,Toute Surface,3,7
351,15,439,Toute Surface,10,14
352,15,818,Défensive,6,18
353,15,688,Toute Surface,4,12
354,15,807,Défensive,7,7
355,15,895,Offensive,11,17
356,15,678,Offensive,6,19
357,15,32,Toute Surface,9,13
358,15,881,Défensive,4,14
359,15,600,Offensive,9,15
360,15,285,Offensive,10,7
361,16,414,Défensive,0,0
362,16,617,Défensive,0,0
363,16,829,Défensive,0,0
364,16,666,Médiane,4,9
365,16,445,Médiane,12,13
366,16,101,Offensive,7,13
367,16,802,Médiane,5,11
368,16,757,Toute Surface,11,15
369,16,152,Offensive,5,16
370,16,270,Défensive,6,18
371,16,393,Toute Surface,12,17
372,16,124,Offensive,4,16
373,16,341,Toute Surface,8,8
374,16,974,Offensive,4,12
375,16,439,Défensive,7,19
376,16,818,Défensive,13,13
377,16,688,Médiane,7,11
378,16,807,Médiane,6,8
379,16,895,Toute Surface,8,15
380,16,678,Médiane,9,12
381,16,32,Toute Surface,5,16
382,16,881,Médiane,3,15
383,16,600,Toute Surface,12,13
384,16,285,Offensive,11,11
385,17,414,Défensive,0,0
386,17,617,Défensive,0,0
387,17,829,Défensive,0,0
388,17,666,Toute Surface,2,10
389,17,445,Médiane,9,16
390,17,101,Médiane,4,16
391,17,802,Médiane,7,18
392,17,757,Médiane,7,12
393,17,152,Médiane,10,17
394,17,270,Défensive,5,9
395,17,393,Toute Surface,9,16
396,17,124,Défensive,4,11
397,17,341,Médiane,9,4
398,17,974,Toute Surface,4,12
399,17,439,Médiane,7,9
400,17,818,Offensive,9,12
401,17,688,Défensive,4,7
402,17,807,Défensive,4,6
403,17,895,Défensive,8,17
404,17,678,Toute Surface,10,11
405,17,32,Offensive,8,10
406,17,881,Défensive,6,9
407,17,600,Toute Surface,9,9
408,17,285,Médiane,10,6
409,18,414,Défensive,0,0
410,18,617,Défensive,0,0
411,18,829,Défensive,0,0
412,18,666,Médiane,6,7
413,18,445,Défensive,5,16
414,18,101,Défensive,9,12
415,18,802,Défensive,6,17
416,18,757,Défensive,9,10
417,18,152,Défensive,4,15
418,18,270,Offensive,8,17
419,18,393,Offensive,4,14
420,18,124,Médiane,7,9
421,18,341,Défensive,13,4
422,18,974,Médiane,5,6
423,18,439,Offensive,6,18
424,18,818,Offensive,9,12
425,18,688,Médiane,5,6
426,18,807,Toute Surface,3,12
427,18,895,Défensive,9,11
428,18,678,Toute Surface,10,18
429,18,32,Toute Surface,8,18
430,18,881,Médiane,5,12
431,18,600,Défensive,8,15
432,18,285,Médiane,10,6
433,19,414,Défensive,0,0
434,19,617,Défensive,0,0
435,19,829,Défensive,0,0
436,19,666,Défensive,8,13
437,19,445,Offensive,9,16
438,19,101,Médiane,12,22
439,19,802,Offensive,6,11
440,19,757,Défensive,11,12
441,19,152,Défensive,6,13
442,19,270,Défensive,6,12
443,19,393,Médiane,9,17
444,19,124,Toute Surface,8,13
445,19,341,Défensive,16,8
446,19,974,Médiane,6,13
447,19,439,Défensive,5,13
448,19,818,Défensive,5,22
449,19,688,Offensive,8,14
450,19,807,Médiane,6,11
451,19,895,Toute Surface,9,12
452,19,678,Toute Surface,9,22
453,19,32,Offensive,12,20
454,19,881,Défensive,7,14
455,19,600,Toute Surface,6,15
456,19,285,Défensive,12,6
457,20,414,Défensive,0,0
458,20,617,Défensive,0,0
459,20,829,Défensive,0,0
460,20,666,Médiane,6,4
461,20,445,Médiane,9,9
462,20,101,Défensive,9,9
463,20,802,Toute Surface,10,18
464,20,757,Médiane,9,18
465,20,152,Médiane,4,14
466,20,270,Toute Surface,9,11
467,20,393,Toute Surface,5,17
468,20,124,Toute Surface,6,9
469,20,341,Toute Surface,12,4
470,20,974,Toute Surface,5,8
471,20,439,Offensive,8,13
472,20,818,Offensive,10,10
473,20,688,Défensive,5,9
474,20,807,Médiane,3,9
475,20,895,Défensive,4,13
476,20,678,Médiane,9,17
477,20,32,Médiane,8,12
478,20,881,Médiane,4,8
479,20,600,Offensive,10,13
480,20,285,Médiane,7,6
481,21,414,Défensive,0,0
482,21,617,Défensive,0,0
483,21,829,Défensive,0,0
484,21,666,Toute Surface,3,13
485,21,445,Défensive,4,17
486,21,101,Offensive,9,13
487,21,802,Défensive,9,16
488,21,757,Défensive,6,18
489,21,152,Toute Surface,5,14
490,21,270,Toute Surface,7,16
491,21,393,Médiane,5,14
492,21,124,Défensive,5,7
493,21,341,Offensive,13,9
494,21,974,Toute Surface,2,5
495,21,439,Offensive,5,9
496,21,818,Toute Surface,10,12
497,21,688,Toute Surface,4,12
498,21,807,Toute Surface,2,5
499,21,895,Défensive,9,10
500,21,678,Offensive,9,11
501,21,32,Défensive,9,15
502,21,881,Défensive,2,11
503,21,600,Toute Surface,9,11
504,21,285,Défensive,9,9
505,22,414,Défensive,0,0
506,22,617,Défensive,0,0
507,22,829,Défensive,0,0
508,22,666,Toute Surface,7,11
509,22,445,Toute Surface,6,13
510,22,101,Toute Surface,9,9
511,22,802,Médiane,7,12
512,22,757,Offensive,7,10
513,22,152,Défensive,4,18
514,22,270,Défensive,4,10
515,22,393,Défensive,10,12
516,22,124,Toute Surface,3,13
517,22,341,Défensive,12,4
518,22,974,Offensive,5,12
519,22,439,Toute Surface,8,14
520,22,818,Défensive,5,10
521,22,688,Offensive,4,9
522,22,807,Toute Surface,5,7
523,22,895,Médiane,9,17
524,22,678,Toute Surface,8,15
525,22,32,Médiane,10,18
526,22,881,Médiane,3,6
527,22,600,Toute Surface,4,9
528,22,285,Offensive,7,4
529,23,414,Défensive,0,0
530,23,617,Défensive,0,0
531,23,829,Défensive,0,0
532,23,666,Offensive,5,14
533,23,445,Toute Surface,11,17
534,23,101,Toute Surface,5,22
535,23,802,Toute Surface,7,12
536,23,757,Toute Surface,13,12
537,23,152,Toute Surface,6,17
538,23,270,Toute Surface,5,19
539,23,393,Toute Surface,12,20
540,23,124,Médiane,5,7
541,23,341,Défensive,13,6
542,23,974,Toute Surface,6,16
543,23,439,Toute Surface,11,18
544,23,818,Offensive,12,22
545,23,688,Médiane,5,15
546,23,807,Toute Surface,6,8
547,23,895,Défensive,13,19
548,23,678,Médiane,11,17
549,23,32,Offensive,8,11
550,23,881,Offensive,8,14
551,23,600,Médiane,5,11
552,23,285,Médiane,14,11
553,24,414,Défensive,0,0
554,24,617,Défensive,0,0
555,24,829,Défensive,0,0
556,24,666,Offensive,5,9
557,24,445,Défensive,5,12
558,24,101,Toute Surface,5,15
559,24,802,Toute Surface,9,13
560,24,757,Médiane,4,9
561,24,152,Médiane,9,14
562,24,270,Offensive,10,11
563,24,393,Offensive,9,9
564,24,124,Défensive,6,13
565,24,341,Défensive,11,2
566,24,974,Offensive,3,7
567,24,439,Toute Surface,8,11
568,24,818,Défensive,9,13
569,24,688,Toute Surface,4,7
570,24,807,Médiane,7,9
571,24,895,Offensive,8,11
572,24,678,Défensive,8,12
573,24,32,Défensive,4,17
574,24,881,Médiane,3,9
575,24,600,Médiane,5,9
576,24,285,Toute Surface,7,3
577,25,414,Défensive,0,0
578,25,617,Défensive,0,0
579,25,829,Défensive,0,0
580,25,666,Médiane,4,6
581,25,445,Défensive,12,11
582,25,101,Défensive,11,12
583,25,802,Offensive,5,11
584,25,757,Défensive,9,17
585,25,152,Médiane,9,13
586,25,270,Médiane,12,10
587,25,393,Médiane,5,19
588,25,124,Toute Surface,5,15
589,25,341,Défensive,9,5
590,25,974,Médiane,6,13
591,25,439,Défensive,12,16
592,25,818,Toute Surface,8,19
593,25,688,Toute Surface,6,9
594,25,807,Défensive,5,6
595,25,895,Défensive,10,20
596,25,678,Défensive,11,12
597,25,32,Défensive,6,11
598,25,881,Toute Surface,4,14
599,25,600,Médiane,11,19
600,25,285,Médiane,11,8
601,26,414,Défensive,0,0
602,26,617,Défensive,0,0
603,26,829,Défensive,0,0
604,26,666,Médiane,6,12
605,26,445,Médiane,6,18
606,26,101,Médiane,9,12
607,26,802,Toute Surface,12,12
608,26,757,Toute Surface,8,14
609,26,152,Offensive,6,12
610,26,270,Toute Surface,12,17
611,26,393,Offensive,13,14
612,26,124,Médiane,6,9
613,26,341,Défensive,13,4
614,26,974,Médiane,7,15
615,26,439,Médiane,5,18
616,26,818,Offensive,12,18
617,26,688,Offensive,5,8
618,26,807,Offensive,4,7
619,26,895,Défensive,8,14
620,26,678,Défensive,8,22
621,26,32,Offensive,7,17
622,26,881,Médiane,6,9
623,26,600,Toute Surface,13,13
624,26,285,Toute Surface,12,6
625,27,414,Défensive,0,0
626,27,617,Défensive,0,0
627,27,829,Défensive,0,0
628,27,666,Défensive,6,8
629,27,445,Offensive,9,19
630,27,101,Défensive,13,14
631,27,802,Offensive,8,13
632,27,757,Toute Surface,5,15
633,27,152,Défensive,6,16
634,27,270,Médiane,7,20
635,27,393,Offensive,9,22
636,27,124,Médiane,8,13
637,27,341,Médiane,8,9
638,27,974,Toute Surface,3,14
639,27,439,Offensive,9,11
640,27,818,Offensive,11,15
641,27,688,Offensive,5,9
642,27,807,Médiane,5,14
643,27,895,Défensive,13,11
644,27,678,Toute Surface,5,18
645,27,32,Défensive,7,20
646,27,881,Médiane,8,13
647,27,600,Toute Surface,5,16
648,27,285,Médiane,15,4
649,28,414,Défensive,0,0
650,28,617,Défensive,0,0
651,28,829,Défensive,0,0
652,28,666,Médiane,4,13
653,28,445,Défensive,7,14
654,28,101,Défensive,4,11
655,28,802,Défensive,9,18
656,28,757,Toute Surface,6,14
657,28,152,Médiane,7,15
658,28,270,Médiane,7,10
659,28,393,Offensive,9,17
660,28,124,Défensive,5,7
661,28,341,Offensive,10,7
662,28,974,Défensive,2,6
663,28,439,Médiane,9,14
664,28,818,Offensive,9,12
665,28,688,Médiane,3,9
666,28,807,Défensive,2,11
667,28,895,Défensive,10,17
668,28,678,Toute Surface,7,11
669,28,32,Défensive,5,11
670,28,881,Toute Surface,4,9
671,28,600,Offensive,9,12
672,28,285,Médiane,8,4
673,29,414,Défensive,0,0
674,29,617,Défensive,0,0
675,29,829,Défensive,0,0
676,29,666,Défensive,3,15
677,29,445,Défensive,11,17
678,29,101,Médiane,9,14
679,29,802,Toute Surface,10,16
680,29,757,Défensive,11,14
681,29,152,Défensive,10,17
682,29,270,Toute Surface,9,13
683,29,393,Défensive,10,15
684,29,124,Médiane,4,8
685,29,341,Défensive,11,8
686,29,974,Toute Surface,3,10
687,29,439,Défensive,6,19
688,29,818,Offensive,6,11
689,29,688,Médiane,8,5
690,29,807,Toute Surface,5,9
691,29,895,Médiane,12,17
692,29,678,Offensive,7,10
693,29,32,Offensive,5,18
694,29,881,Médiane,5,10
695,29,600,Médiane,10,20
696,29,285,Médiane,9,10
697,30,414,Défensive,0,0
698,30,617,Défensive,0,0
699,30,829,Défensive,0,0
700,30,666,Défensive,4,11
701,30,445,Médiane,8,16
702,30,101,Défensive,4,12
703,30,802,Médiane,6,10
704,30,757,Défensive,10,12
705,30,152,Offensive,7,18
706,30,270,Médiane,6,12
707,30,393,Toute Surface,9,16
708,30,124,Défensive,7,6
709,30,341,Défensive,12,6
710,30,974,Toute Surface,7,13
711,30,439,Toute Surface,9,16
712,30,818,Médiane,9,16
713,30,688,Toute Surface,7,9
714,30,807,Défensive,5,6
715,30,895,Médiane,4,16
716,30,678,Médiane,10,10
717,30,32,Défensive,10,13
718,30,881,Médiane,4,10
719,30,600,Toute Surface,8,9
720,30,285,Défensive,11,2
721,31,414,Défensive,0,0
722,31,617,Défensive,0,0
723,31,829,Défensive,0,0
724,31,666,Médiane,7,15
725,31,445,Médiane,13,20
726,31,101,Médiane,8,22
727,31,802,Toute Surface,7,15
728,31,757,Défensive,8,18
729,31,152,Médiane,13,13
730,31,270,Défensive,8,12
731,31,393,Toute Surface,5,15
732,31,124,Toute Surface,4,5
733,31,341,Offensive,11,3
734,31,974,Toute Surface,6,9
735,31,439,Offensive,12,14
736,31,818,Offensive,8,11
737,31,688,Défensive,8,14
738,31,807,Toute Surface,5,6
739,31,895,Offensive,8,15
740,31,678,Défensive,8,16
741,31,32,Médiane,9,11
742,31,881,Médiane,8,15
743,31,600,Offensive,12,22
744,31,285,Médiane,12,5
745,32,414,Défensive,0,0
746,32,617,Défensive,0,0
747,32,829,Défensive,0,0
748,32,666,Défensive,3,14
749,32,445,Toute Surface,12,13
750,32,101,Défensive,8,16
751,32,802,Toute Surface,8,18
752,32,757,Toute Surface,8,18
753,32,152,Toute Surface,6,16
754,32,270,Toute Surface,11,11
755,32,393,Offensive,9,15
756,32,124,Médiane,4,8
757,32,341,Médiane,10,8
758,32,974,Toute Surface,4,7
759,32,439,Toute Surface,5,12
760,32,818,Défensive,7,18
761,32,688,Défensive,3,5
762,32,807,Médiane,4,15
763,32,895,Toute Surface,7,15
764,32,678,Toute Surface,7,15
765,32,32,Médiane,7,20
766,32,881,Médiane,7,5
767,32,600,Défensive,7,18
768,32,285,Toute Surface,15,6
769,33,414,Défensive,0,0
770,33,617,Défensive,0,0
771,33,829,Défensive,0,0
772,33,666,Défensive,3,9
773,33,445,Toute Surface,9,17
774,33,101,Toute Surface,6,12
775,33,802,Médiane,4,9
776,33,757,Médiane,4,9
777,33,152,Médiane,10,18
778,33,270,Défensive,4,13
779,33,393,Défensive,4,9
780,33,124,Toute Surface,5,7
781,33,341,Offensive,9,3
782,33,974,Offensive,4,9
783,33,439,Médiane,4,18
784,33,818,Défensive,8,13
785,33,688,Toute Surface,4,10
786,33,807,Offensive,5,6
787,33,895,Médiane,6,17
788,33,678,Médiane,10,17
789,33,32,Offensive,7,10
790,33,881,Toute Surface,7,9
791,33,600,Offensive,6,9
792,33,285,Médiane,12,5
793,34,414,Défensive,0,0
794,34,617,Défensive,0,0
795,34,829,Défensive,0,0
796,34,666,Médiane,7,11
797,34,445,Défensive,7,10
798,34,101,Défensive,5,13
799,34,802,Défensive,9,12
800,34,757,Médiane,6,12
801,34,152,Défensive,10,10
802,34,270,Offensive,4,16
803,34,393,Toute Surface,9,10
804,34,124,Médiane,4,11
805,34,341,Toute Surface,12,6
806,34,974,Toute Surface,3,9
807,34,439,Offensive,9,18
808,34,818,Défensive,10,17
809,34,688,Toute Surface,3,12
810,34,807,Toute Surface,2,6
811,34,895,Toute Surface,10,14
812,34,678,Offensive,8,17
813,34,32,Offensive,4,14
814,34,881,Toute Surface,3,9
815,34,600,Défensive,7,17
816,34,285,Offensive,11,5
817,35,414,Défensive,0,0
818,35,617,Défensive,0,0
819,35,829,Défensive,0,0
820,35,666,Médiane,2,11
821,35,445,Médiane,10,14
822,35,101,Médiane,5,10
823,35,802,Toute Surface,6,14
824,35,757,Toute Surface,9,9
825,35,152,Médiane,6,17
826,35,270,Offensive,9,12
827,35,393,Médiane,5,15
828,35,124,Toute Surface,7,10
829,35,341,Défensive,11,5
830,35,974,Médiane,7,13
831,35,439,Toute Surface,7,18
832,35,818,Toute Surface,6,18
833,35,688,Toute Surface,4,10
834,35,807,Défensive,2,8
835,35,895,Défensive,9,12
836,35,678,Défensive,9,16
837,35,32,Médiane,9,9
838,35,881,Défensive,7,9
839,35,600,Toute Surface,10,13
840,35,285,Défensive,8,6
841,36,414,Défensive,0,0
842,36,617,Défensive,0,0
843,36,829,Défensive,0,0
844,36,666,Défensive,6,12
845,36,445,Défensive,5,16
846,36,101,Offensive,11,16
847,36,802,Offensive,12,17
848,36,757,Offensive,8,22
849,36,152,Défensive,8,17
850,36,270,Toute Surface,5,20
851,36,393,Médiane,7,19
852,36,124,Défensive,8,14
853,36,341,Toute Surface,13,7
854,36,974,Offensive,4,9
855,36,439,Défensive,13,20
856,36,818,Défensive,11,20
857,36,688,Offensive,3,12
858,36,807,Défensive,4,12
859,36,895,Médiane,6,13
860,36,678,Médiane,12,19
861,36,32,Médiane,5,14
862,36,881,Médiane,6,14
863,36,600,Toute Surface,5,19
864,36,285,Défensive,14,6
865,37,414,Défensive,0,0
866,37,617,Défensive,0,0
867,37,829,Défensive,0,0
868,37,666,Médiane,8,15
869,37,445,Défensive,6,12
870,37,101,Offensive,6,18
871,37,802,Offensive,12,13
872,37,757,Défensive,6,16
873,37,152,Défensive,12,15
874,37,270,Offensive,6,11
875,37,393,Médiane,7,14
876,37,124,Médiane,5,12
877,37,341,Offensive,11,3
878,37,974,Défensive,6,13
879,37,439,Défensive,6,17
880,37,818,Toute Surface,5,22
881,37,688,Défensive,7,7
882,37,807,Défensive,7,13
883,37,895,Défensive,11,12
884,37,678,Médiane,8,11
885,37,32,Défensive,13,16
886,37,881,Défensive,5,8
887,37,600,Médiane,5,11
888,37,285,Défensive,14,6
889,38,414,Défensive,0,0
890,38,617,Défensive,0,0
891,38,829,Défensive,0,0
892,38,666,Toute Surface,4,10
893,38,445,Médiane,8,16
894,38,101,Médiane,7,18
895,38,802,Défensive,9,12
896,38,757,Offensive,9,14
897,38,152,Toute Surface,9,12
898,38,270,Offensive,8,18
899,38,393,Offensive,6,9
900,38,124,Défensive,2,10
901,38,341,Médiane,12,6
902,38,974,Toute Surface,7,12
903,38,439,Toute Surface,9,10
904,38,818,Défensive,5,11
905,38,688,Médiane,5,10
906,38,807,Médiane,7,7
907,38,895,Toute Surface,9,18
908,38,678,Toute Surface,8,13
909,38,32,Médiane,9,9
910,38,881,Défensive,3,12
911,38,600,Offensive,10,16
912,38,285,Médiane,8,7
913,39,414,Défensive,0,0
914,39,617,Défensive,0,0
915,39,829,Défensive,0,0
916,39,666,Toute Surface,8,12
917,39,445,Médiane,6,18
918,39,101,Offensive,12,19
919,39,802,Médiane,6,22
920,39,757,Médiane,12,17
921,39,152,Offensive,7,11
922,39,270,Offensive,13,11
923,39,393,Toute Surface,8,14
924,39,124,Offensive,6,7
925,39,341,Offensive,8,4
926,39,974,Médiane,3,16
927,39,439,Offensive,8,11
928,39,818,Médiane,6,20
929,39,688,Défensive,3,7
930,39,807,Offensive,3,12
931,39,895,Offensive,6,13
932,39,678,Défensive,13,11
933,39,32,Défensive,7,22
934,39,881,Toute Surface,6,11
935,39,600,Médiane,13,13
936,39,285,Médiane,8,4
937,40,414,Défensive,0,0
938,40,617,Défensive,0,0
939,40,829,Défensive,0,0
940,40,666,Médiane,5,6
941,40,445,Offensive,13,11
942,40,101,Toute Surface,12,22
943,40,802,Médiane,7,22
944,40,757,Toute Surface,11,14
945,40,152,Offensive,9,20
946,40,270,Médiane,8,18
947,40,393,Défensive,8,12
948,40,124,Offensive,5,13
949,40,341,Offensive,15,5
950,40,974,Défensive,4,5
951,40,439,Défensive,12,11
952,40,818,Médiane,8,11
953,40,688,Offensive,4,7
954,40,807,Défensive,4,12
955,40,895,Médiane,6,20
956,40,678,Toute Surface,12,17
957,40,32,Défensive,7,11
958,40,881,Médiane,5,5
959,40,600,Médiane,13,18
960,40,285,Défensive,14,3
961,41,414,Défensive,0,0
962,41,617,Défensive,0,0
963,41,829,Défensive,0,0
964,41,666,Médiane,5,14
965,41,445,Défensive,9,18
966,41,101,Défensive,7,17
967,41,802,Toute Surface,13,15
968,41,757,Toute Surface,13,17
969,41,152,Défensive,7,20
970,41,270,Médiane,7,17
971,41,393,Médiane,13,16
972,41,124,Défensive,6,7
973,41,341,Médiane,16,11
974,41,974,Toute Surface,4,6
975,41,439,Offensive,8,11
976,41,818,Médiane,7,16
977,41,688,Offensive,7,13
978,41,807,Offensive,4,6
979,41,895,Offensive,12,22
980,41,678,Médiane,11,18
981,41,32,Médiane,6,16
982,41,881,Défensive,4,6
983,41,600,Médiane,6,19
984,41,285,Toute Surface,12,9
985,42,728,Défensive,0,0
986,42,213,Aucune,0,0
987,42,610,Aucune,0,0
988,42,582,Toute Surface,3,15
989,42,723,Médiane,8,5
990,42,689,Aucune,0,0
991,42,449,Offensive,8,9
992,42,668,Aucune,0,0
993,42,176,Aucune,0,0
994,42,529,Aucune,0,0
995,42,833,Aucune,0,0
996,42,571,Aucune,0,0
997,42,476,Offensive,15,5
998,42,939,Offensive,8,17
999,42,434,Toute Surface,6,20
1000,42,348,Offensive,12,19
1001,42,942,Médiane,14,4
1002,42,748,Médiane,14,7
1003,42,147,Défensive,5,7
1004,42,825,Défensive,14,3
1005,42,212,Toute Surface,8,13
1006,42,756,Aucune,0,0
1007,42,211,Offensive,11,15
1008,42,827,Toute Surface,9,20
1009,42,468,Aucune,0,0
1010,43,728,Défensive,0,0
1011,43,213,Défensive,0,0
1012,43,610,Défensive,0,0
1013,43,582,Offensive,4,8
1014,43,723,Toute Surface,3,5
1015,43,689,Toute Surface,7,7
1016,43,449,Toute Surface,9,3
1017,43,668,Offensive,10,17
1018,43,176,Aucune,0,0
1019,43,529,Toute Surface,8,7
1020,43,833,Toute Surface,10,3
1021,43,571,Aucune,0,0
1022,43,476,Offensive,10,6
1023,43,939,Médiane,6,20
1024,43,434,Offensive,10,14
1025,43,348,Médiane,9,17
1026,43,942,Défensive,9,9
1027,43,748,Offensive,8,8
1028,43,147,Toute Surface,4,7
1029,43,825,Défensive,11,5
1030,43,212,Médiane,8,18
1031,43,756,Toute Surface,8,3
1032,43,211,Défensive,6,11
1033,43,827,Défensive,11,18
1034,43,468,Aucune,0,0
1035,44,728,Défensive,0,0
1036,44,213,Défensive,0,0
1037,44,610,Défensive,0,0
1038,44,582,Offensive,6,7
1039,44,723,Médiane,5,12
1040,44,689,Défensive,3,12
1041,44,449,Offensive,11,6
1042,44,668,Toute Surface,8,18
1043,44,176,Aucune,0,0
1044,44,529,Offensive,4,7
1045,44,833,Médiane,13,7
1046,44,571,Défensive,3,15
1047,44,476,Toute Surface,8,5
1048,44,939,Toute Surface,9,16
1049,44,434,Médiane,6,15
1050,44,348,Offensive,7,13
1051,44,942,Défensive,9,9
1052,44,748,Médiane,8,9
1053,44,147,Défensive,6,7
1054,44,825,Défensive,13,6
1055,44,212,Offensive,7,19
1056,44,756,Médiane,14,5
1057,44,211,Défensive,12,15
1058,44,827,Défensive,6,20
1059,44,468,Médiane,5,15
1060,45,728,Défensive,0,0
1061,45,213,Défensive,0,0
1062,45,610,Défensive,0,0
1063,45,582,Médiane,8,9
1064,45,723,Offensive,6,5
1065,45,689,Défensive,4,8
1066,45,449,Défensive,8,7
1067,45,668,Médiane,12,14
1068,45,176,Aucune,0,0
1069,45,529,Médiane,8,13
1070,45,833,Offensive,16,9
1071,45,571,Médiane,7,9
1072,45,476,Médiane,8,11
1073,45,939,Toute Surface,6,18
1074,45,434,Défensive,6,20
1075,45,348,Défensive,11,14
1076,45,942,Défensive,16,8
1077,45,748,Défensive,9,9
1078,45,147,Toute Surface,4,5
1079,45,825,Toute Surface,8,4
1080,45,212,Toute Surface,8,13
1081,45,756,Toute Surface,15,8
1082,45,211,Offensive,6,15
1083,45,827,Médiane,12,14
1084,45,468,Médiane,6,17
1085,46,728,Défensive,0,0
1086,46,213,Défensive,0,0
1087,46,610,Défensive,0,0
1088,46,582,Offensive,6,13
1089,46,723,Médiane,7,9
1090,46,689,Offensive,7,9
1091,46,449,Toute Surface,9,9
1092,46,668,Défensive,9,14
1093,46,176,Défensive,3,8
1094,46,529,Offensive,3,10
1095,46,833,Médiane,9,5
1096,46,571,Défensive,2,13
1097,46,476,Offensive,7,8
1098,46,939,Médiane,9,9
1099,46,434,Défensive,7,15
1100,46,348,Toute Surface,8,14
1101,46,942,Médiane,13,6
1102,46,748,Défensive,11,5
1103,46,147,Offensive,5,9
1104,46,825,Défensive,7,4
1105,46,212,Médiane,5,10
1106,46,756,Médiane,8,8
1107,46,211,Offensive,6,9
1108,46,827,Toute Surface,6,15
1109,46,468,Médiane,9,15
1110,47,728,Défensive,0,0
1111,47,213,Défensive,0,0
1112,47,610,Défensive,0,0
1113,47,582,Médiane,8,14
1114,47,723,Médiane,7,8
1115,47,689,Offensive,5,7
1116,47,449,Médiane,14,4
1117,47,668,Offensive,9,13
1118,47,176,Toute Surface,5,6
1119,47,529,Défensive,8,12
1120,47,833,Toute Surface,16,8
1121,47,571,Offensive,5,12
1122,47,476,Toute Surface,14,7
1123,47,939,Offensive,8,18
1124,47,434,Médiane,5,17
1125,47,348,Offensive,7,12
1126,47,942,Toute Surface,13,4
1127,47,748,Toute Surface,16,6
1128,47,147,Défensive,8,8
1129,47,825,Toute Surface,13,6
1130,47,212,Toute Surface,13,19
1131,47,756,Médiane,16,11
1132,47,211,Toute Surface,6,22
1133,47,827,Offensive,5,15
1134,47,468,Défensive,9,20
1135,48,728,Défensive,0,0
1136,48,213,Défensive,0,0
1137,48,610,Défensive,0,0
1138,48,582,Toute Surface,4,8
1139,48,723,Toute Surface,6,14
1140,48,689,Toute Surface,4,12
1141,48,449,Toute Surface,16,4
1142,48,668,Défensive,8,16
1143,48,176,Toute Surface,3,8
1144,48,529,Toute Surface,3,14
1145,48,833,Offensive,14,5
1146,48,571,Médiane,4,5
1147,48,476,Défensive,8,6
1148,48,939,Défensive,5,17
1149,48,434,Offensive,6,19
1150,48,348,Défensive,7,18
1151,48,942,Offensive,11,5
1152,48,748,Médiane,9,8
1153,48,147,Médiane,6,16
1154,48,825,Offensive,14,7
1155,48,212,Offensive,12,20
1156,48,756,Défensive,15,8
1157,48,211,Médiane,6,14
1158,48,827,Défensive,12,17
1159,48,468,Toute Surface,6,22
1160,49,728,Défensive,0,0
1161,49,213,Défensive,0,0
1162,49,610,Défensive,0,0
1163,49,582,Toute Surface,8,7
1164,49,723,Défensive,4,13
1165,49,689,Toute Surface,6,15
1166,49,449,Médiane,14,10
1167,49,668,Défensive,12,11
1168,49,176,Médiane,7,7
1169,49,529,Offensive,3,15
1170,49,833,Défensive,14,3
1171,49,571,Offensive,7,15
1172,49,476,Défensive,8,7
1173,49,939,Toute Surface,9,20
1174,49,434,Offensive,5,11
1175,49,348,Défensive,10,18
1176,49,942,Toute Surface,11,8
1177,49,748,Médiane,8,9
1178,49,147,Médiane,4,15
1179,49,825,Défensive,15,8
1180,49,212,Offensive,11,10
1181,49,756,Médiane,8,7
1182,49,211,Toute Surface,12,17
1183,49,827,Défensive,9,13
1184,49,468,Toute Surface,6,15
1185,50,728,Défensive,0,0
1186,50,213,Défensive,0,0
1187,50,610,Défensive,0,0
1188,50,582,Toute Surface,7,7
1189,50,723,Médiane,4,4
1190,50,689,Médiane,3,9
1191,50,449,Défensive,11,2
1192,50,668,Médiane,7,16
1193,50,176,Médiane,5,5
1194,50,529,Offensive,2,4
1195,50,833,Offensive,8,3
1196,50,571,Toute Surface,5,9
1197,50,476,Défensive,9,7
1198,50,939,Offensive,8,13
1199,50,434,Offensive,5,11
1200,50,348,Médiane,9,17
1201,50,942,Médiane,7,4
1202,50,748,Médiane,7,3
1203,50,147,Toute Surface,7,7
1204,50,825,Toute Surface,9,7
1205,50,212,Toute Surface,9,9
1206,50,756,Médiane,12,4
1207,50,211,Toute Surface,9,18
1208,50,827,Toute Surface,8,17
1209,50,468,Toute Surface,4,15
1210,51,728,Défensive,0,0
1211,51,213,Défensive,0,0
1212,51,610,Défensive,0,0
1213,51,582,Défensive,4,6
1214,51,723,Défensive,5,8
1215,51,689,Toute Surface,8,5
1216,51,449,Offensive,14,6
1217,51,668,Médiane,11,11
1218,51,176,Défensive,4,7
1219,51,529,Offensive,8,8
1220,51,833,Médiane,12,11
1221,51,571,Offensive,4,16
1222,51,476,Toute Surface,9,8
1223,51,939,Offensive,5,14
1224,51,434,Toute Surface,12,12
1225,51,348,Toute Surface,13,15
1226,51,942,Médiane,13,3
1227,51,748,Médiane,15,7
1228,51,147,Offensive,5,7
1229,51,825,Médiane,12,9
1230,51,212,Défensive,12,13
1231,51,756,Toute Surface,9,4
1232,51,211,Médiane,6,19
1233,51,827,Toute Surface,7,15
1234,51,468,Médiane,12,20
1235,52,728,Défensive,0,0
1236,52,213,Défensive,0,0
1237,52,610,Défensive,0,0
1238,52,582,Médiane,8,7
1239,52,723,Toute Surface,4,9
1240,52,689,Offensive,4,10
1241,52,449,Offensive,13,3
1242,52,668,Offensive,11,17
1243,52,176,Offensive,8,7
1244,52,529,Défensive,3,9
1245,52,833,Défensive,14,4
1246,52,571,Offensive,4,15
1247,52,476,Défensive,14,8
1248,52,939,Offensive,12,15
1249,52,434,Offensive,9,13
1250,52,348,Offensive,8,14
1251,52,942,Médiane,9,8
1252,52,748,Médiane,15,4
1253,52,147,Offensive,7,14
1254,52,825,Offensive,12,6
1255,52,212,Médiane,6,10
1256,52,756,Défensive,13,6
1257,52,211,Offensive,9,11
1258,52,827,Toute Surface,10,10
1259,52,468,Offensive,9,15
1260,53,728,Défensive,0,0
1261,53,213,Défensive,0,0
1262,53,610,Défensive,0,0
1263,53,582,Médiane,5,11
1264,53,723,Défensive,5,13
1265,53,689,Toute Surface,5,9
1266,53,449,Médiane,13,3
1267,53,668,Toute Surface,9,11
1268,53,176,Offensive,4,9
1269,53,529,Offensive,4,7
1270,53,833,Médiane,13,2
1271,53,571,Offensive,7,6
1272,53,476,Toute Surface,12,6
1273,53,939,Médiane,9,10
1274,53,434,Toute Surface,9,17
1275,53,348,Toute Surface,8,13
1276,53,942,Offensive,10,3
1277,53,748,Défensive,8,2
1278,53,147,Toute Surface,3,9
1279,53,825,Médiane,9,2
1280,53,212,Médiane,7,18
1281,53,756,Médiane,7,9
1282,53,211,Défensive,8,9
1283,53,827,Toute Surface,9,12
1284,53,468,Médiane,5,15
1285,54,728,Défensive,0,0
1286,54,213,Défensive,0,0
1287,54,610,Défensive,0,0
1288,54,582,Offensive,5,11
1289,54,723,Médiane,7,14
1290,54,689,Toute Surface,6,6
1291,54,449,Toute Surface,12,3
1292,54,668,Médiane,7,17
1293,54,176,Toute Surface,3,15
1294,54,529,Toute Surface,3,6
1295,54,833,Toute Surface,14,5
1296,54,571,Médiane,5,9
1297,54,476,Toute Surface,16,4
1298,54,939,Toute Surface,11,13
1299,54,434,Toute Surface,5,19
1300,54,348,Offensive,9,16
1301,54,942,Défensive,11,11
1302,54,748,Toute Surface,13,6
1303,54,147,Offensive,3,16
1304,54,825,Toute Surface,12,11
1305,54,212,Défensive,6,14
1306,54,756,Offensive,16,4
1307,54,211,Offensive,6,14
1308,54,827,Toute Surface,8,19
1309,54,468,Défensive,7,16
1310,55,728,Défensive,0,0
1311,55,213,Défensive,0,0
1312,55,610,Défensive,0,0
1313,55,582,Toute Surface,4,10
1314,55,723,Médiane,5,4
1315,55,689,Toute Surface,6,6
1316,55,449,Toute Surface,9,5
1317,55,668,Défensive,9,15
1318,55,176,Toute Surface,2,11
1319,55,529,Toute Surface,2,8
1320,55,833,Toute Surface,9,8
1321,55,571,Médiane,3,4
1322,55,476,Médiane,9,2
1323,55,939,Toute Surface,5,13
1324,55,434,Toute Surface,7,18
1325,55,348,Médiane,8,17
1326,55,942,Offensive,11,3
1327,55,748,Médiane,10,3
1328,55,147,Offensive,4,6
1329,55,825,Défensive,8,8
1330,55,212,Médiane,9,12
1331,55,756,Offensive,13,7
1332,55,211,Médiane,9,18
1333,55,827,Offensive,10,9
1334,55,468,Toute Surface,6,14
1335,56,728,Défensive,0,0
1336,56,213,Défensive,0,0
1337,56,610,Défensive,0,0
1338,56,582,Médiane,6,9
1339,56,723,Médiane,4,11
1340,56,689,Médiane,8,11
1341,56,449,Offensive,13,4
1342,56,668,Offensive,7,11
1343,56,176,Toute Surface,4,5
1344,56,529,Défensive,7,6
1345,56,833,Offensive,10,8
1346,56,571,Défensive,3,8
1347,56,476,Médiane,14,8
1348,56,939,Médiane,10,11
1349,56,434,Défensive,8,16
1350,56,348,Médiane,5,16
1351,56,942,Toute Surface,13,3
1352,56,748,Toute Surface,14,9
1353,56,147,Toute Surface,5,14
1354,56,825,Offensive,15,10
1355,56,212,Médiane,8,18
1356,56,756,Toute Surface,9,7
1357,56,211,Offensive,6,17
1358,56,827,Médiane,10,15
1359,56,468,Défensive,6,18
1360,57,728,Défensive,0,0
1361,57,213,Défensive,0,0
1362,57,610,Défensive,0,0
1363,57,582,Défensive,4,10
1364,57,723,Défensive,6,15
1365,57,689,Offensive,3,8
1366,57,449,Offensive,9,5
1367,57,668,Toute Surface,5,20
1368,57,176,Toute Surface,5,5
1369,57,529,Médiane,7,11
1370,57,833,Médiane,8,9
1371,57,571,Toute Surface,3,9
1372,57,476,Toute Surface,15,9
1373,57,939,Toute Surface,9,12
1374,57,434,Défensive,12,10
1375,57,348,Médiane,6,10
1376,57,942,Défensive,11,4
1377,57,748,Offensive,14,4
1378,57,147,Médiane,5,7
1379,57,825,Toute Surface,15,8
1380,57,212,Défensive,7,17
1381,57,756,Défensive,9,10
1382,57,211,Toute Surface,6,13
1383,57,827,Médiane,10,18
1384,57,468,Médiane,6,16
1385,58,728,Défensive,0,0
1386,58,213,Défensive,0,0
1387,58,610,Défensive,0,0
1388,58,582,Médiane,4,10
1389,58,723,Médiane,5,12
1390,58,689,Toute Surface,2,7
1391,58,449,Offensive,11,9
1392,58,668,Toute Surface,9,9
1393,58,176,Toute Surface,4,12
1394,58,529,Médiane,6,13
1395,58,833,Offensive,12,6
1396,58,571,Médiane,6,10
1397,58,476,Médiane,11,8
1398,58,939,Offensive,9,16
1399,58,434,Offensive,10,13
1400,58,348,Médiane,10,16
1401,58,942,Défensive,10,9
1402,58,748,Défensive,13,6
1403,58,147,Offensive,2,7
1404,58,825,Médiane,13,7
1405,58,212,Toute Surface,6,9
1406,58,756,Médiane,7,5
1407,58,211,Offensive,9,12
1408,58,827,Médiane,9,10
1409,58,468,Médiane,8,13
1410,59,728,Défensive,0,0
1411,59,213,Défensive,0,0
1412,59,610,Défensive,0,0
1413,59,582,Défensive,4,6
1414,59,723,Offensive,5,10
1415,59,689,Toute Surface,7,9
1416,59,449,Médiane,13,6
1417,59,668,Offensive,10,13
1418,59,176,Offensive,3,8
1419,59,529,Défensive,6,12
1420,59,833,Toute Surface,7,5
1421,59,571,Médiane,4,4
1422,59,476,Médiane,9,4
1423,59,939,Toute Surface,6,17
1424,59,434,Toute Surface,10,13
1425,59,348,Toute Surface,9,18
1426,59,942,Défensive,11,2
1427,59,748,Toute Surface,9,3
1428,59,147,Défensive,6,6
1429,59,825,Offensive,11,8
1430,59,212,Défensive,6,16
1431,59,756,Toute Surface,8,4
1432,59,211,Médiane,4,15
1433,59,827,Défensive,4,14
1434,59,468,Offensive,4,13
1435,60,728,Défensive,0,0
1436,60,213,Défensive,0,0
1437,60,610,Défensive,0,0
1438,60,582,Défensive,5,7
1439,60,723,Offensive,3,9
1440,60,689,Toute Surface,6,6
1441,60,449,Défensive,11,10
1442,60,668,Défensive,12,12
1443,60,176,Médiane,3,12
1444,60,529,Toute Surface,8,5
1445,60,833,Toute Surface,9,6
1446,60,571,Offensive,5,12
1447,60,476,Toute Surface,13,5
1448,60,939,Défensive,5,19
1449,60,434,Médiane,10,16
1450,60,348,Toute Surface,6,20
1451,60,942,Toute Surface,15,10
1452,60,748,Médiane,11,6
1453,60,147,Offensive,3,15
1454,60,825,Toute Surface,11,9
1455,60,212,Offensive,10,18
1456,60,756,Toute Surface,14,8
1457,60,211,Offensive,6,20
1458,60,827,Défensive,5,14
1459,60,468,Toute Surface,10,12
1460,61,728,Défensive,0,0
1461,61,213,Défensive,0,0
1462,61,610,Défensive,0,0
1463,61,582,Médiane,7,12
1464,61,723,Défensive,4,11
1465,61,689,Médiane,2,10
1466,61,449,Offensive,9,7
1467,61,668,Toute Surface,8,10
1468,61,176,Toute Surface,4,11
1469,61,529,Médiane,5,11
1470,61,833,Médiane,13,2
1471,61,571,Défensive,3,5
1472,61,476,Toute Surface,13,2
1473,61,939,Médiane,9,16
1474,61,434,Médiane,10,9
1475,61,348,Défensive,8,9
1476,61,942,Médiane,9,3
1477,61,748,Offensive,8,4
1478,61,147,Médiane,3,9
1479,61,825,Défensive,10,5
1480,61,212,Toute Surface,6,17
1481,61,756,Médiane,9,7
1482,61,211,Médiane,10,9
1483,61,827,Défensive,8,15
1484,61,468,Offensive,4,11
1485,62,728,Défensive,0,0
1486,62,213,Défensive,0,0
1487,62,610,Défensive,0,0
1488,62,582,Toute Surface,7,5
1489,62,723,Toute Surface,4,15
1490,62,689,Défensive,8,9
1491,62,449,Défensive,12,8
1492,62,668,Défensive,10,12
1493,62,176,Toute Surface,5,5
1494,62,529,Toute Surface,8,9
1495,62,833,Défensive,13,8
1496,62,571,Offensive,6,9
1497,62,476,Défensive,9,9
1498,62,939,Offensive,5,10
1499,62,434,Offensive,6,18
1500,62,348,Offensive,10,14
1501,62,942,Offensive,9,9
1502,62,748,Médiane,14,4
1503,62,147,Médiane,8,13
1504,62,825,Défensive,11,6
1505,62,212,Médiane,7,10
1506,62,756,Toute Surface,11,5
1507,62,211,Toute Surface,9,20
1508,62,827,Toute Surface,8,20
1509,62,468,Offensive,9,10
1510,63,728,Défensive,0,0
1511,63,213,Défensive,0,0
1512,63,610,Défensive,0,0
1513,63,582,Défensive,7,15
1514,63,723,Offensive,5,6
1515,63,689,Toute Surface,4,12
1516,63,449,Toute Surface,12,4
1517,63,668,Médiane,13,22
1518,63,176,Médiane,5,5
1519,63,529,Offensive,8,7
1520,63,833,Médiane,13,8
1521,63,571,Offensive,3,9
1522,63,476,Médiane,11,8
1523,63,939,Médiane,7,17
1524,63,434,Défensive,6,19
1525,63,348,Offensive,12,11
1526,63,942,Médiane,9,5
1527,63,748,Offensive,11,6
1528,63,147,Défensive,7,8
1529,63,825,Toute Surface,9,9
1530,63,212,Médiane,9,16
1531,63,756,Toute Surface,9,5
1532,63,211,Toute Surface,6,13
1533,63,827,Défensive,12,18
1534,63,468,Toute Surface,13,19
1535,64,728,Défensive,0,0
1536,64,213,Défensive,0,0
1537,64,610,Défensive,0,0
1538,64,582,Médiane,8,9
1539,64,723,Défensive,5,16
1540,64,689,Toute Surface,4,13
1541,64,449,Offensive,8,5
1542,64,668,Toute Surface,8,18
1543,64,176,Toute Surface,3,5
1544,64,529,Défensive,8,6
1545,64,833,Offensive,11,11
1546,64,571,Toute Surface,6,11
1547,64,476,Offensive,13,5
1548,64,939,Médiane,12,22
1549,64,434,Toute Surface,11,18
1550,64,348,Offensive,12,19
1551,64,942,Médiane,11,5
1552,64,748,Toute Surface,13,4
1553,64,147,Médiane,8,13
1554,64,825,Toute Surface,13,8
1555,64,212,Médiane,8,13
1556,64,756,Toute Surface,15,8
1557,64,211,Médiane,5,12
1558,64,827,Toute Surface,5,20
1559,64,468,Défensive,7,11
1560,65,728,Défensive,0,0
1561,65,213,Défensive,0,0
1562,65,610,Défensive,0,0
1563,65,582,Offensive,4,9
1564,65,723,Défensive,7,4
1565,65,689,Médiane,6,12
1566,65,449,Toute Surface,11,5
1567,65,668,Défensive,7,14
1568,65,176,Médiane,5,8
1569,65,529,Toute Surface,3,9
1570,65,833,Médiane,9,2
1571,65,571,Toute Surface,7,10
1572,65,476,Défensive,10,5
1573,65,939,Défensive,4,9
1574,65,434,Défensive,7,10
1575,65,348,Défensive,9,9
1576,65,942,Défensive,13,3
1577,65,748,Médiane,7,3
1578,65,147,Toute Surface,3,9
1579,65,825,Médiane,10,5
1580,65,212,Offensive,10,12
1581,65,756,Médiane,9,3
1582,65,211,Médiane,5,11
1583,65,827,Offensive,5,12
1584,65,468,Défensive,8,17
1585,66,728,Défensive,0,0
1586,66,213,Défensive,0,0
1587,66,610,Défensive,0,0
1588,66,582,Toute Surface,4,9
1589,66,723,Offensive,7,13
1590,66,689,Défensive,4,7
1591,66,449,Toute Surface,9,5
1592,66,668,Médiane,9,9
1593,66,176,Offensive,7,10
1594,66,529,Défensive,4,10
1595,66,833,Toute Surface,9,6
1596,66,571,Offensive,6,9
1597,66,476,Toute Surface,10,2
1598,66,939,Toute Surface,9,11
1599,66,434,Offensive,9,9
1600,66,348,Médiane,7,9
1601,66,942,Défensive,12,3
1602,66,748,Toute Surface,10,2
1603,66,147,Défensive,3,4
1604,66,825,Offensive,8,4
1605,66,212,Médiane,7,9
1606,66,756,Défensive,12,7
1607,66,211,Médiane,9,15
1608,66,827,Toute Surface,10,13
1609,66,468,Défensive,7,18
1610,67,728,Défensive,0,0
1611,67,213,Défensive,0,0
1612,67,610,Défensive,0,0
1613,67,582,Défensive,7,13
1614,67,723,Défensive,8,5
1615,67,689,Défensive,7,11
1616,67,449,Offensive,10,7
1617,67,668,Toute Surface,5,15
1618,67,176,Médiane,5,11
1619,67,529,Médiane,5,11
1620,67,833,Offensive,8,4
1621,67,571,Défensive,6,12
1622,67,476,Offensive,9,3
1623,67,939,Défensive,5,16
1624,67,434,Offensive,11,20
1625,67,348,Toute Surface,10,13
1626,67,942,Offensive,12,8
1627,67,748,Médiane,9,7
1628,67,147,Médiane,8,11
1629,67,825,Médiane,14,3
1630,67,212,Offensive,5,12
1631,67,756,Défensive,8,10
1632,67,211,Offensive,9,18
1633,67,827,Offensive,12,10
1634,67,468,Médiane,12,15
1635,68,728,Défensive,0,0
1636,68,213,Défensive,0,0
1637,68,610,Défensive,0,0
1638,68,582,Médiane,5,6
1639,68,723,Offensive,5,8
1640,68,689,Défensive,7,16
1641,68,449,Toute Surface,11,4
1642,68,668,Toute Surface,6,14
1643,68,176,Médiane,6,12
1644,68,529,Défensive,3,11
1645,68,833,Offensive,11,9
1646,68,571,Offensive,6,15
1647,68,476,Toute Surface,12,7
1648,68,939,Toute Surface,12,18
1649,68,434,Défensive,12,17
1650,68,348,Défensive,13,20
1651,68,942,Médiane,9,4
1652,68,748,Défensive,8,3
1653,68,147,Toute Surface,8,8
1654,68,825,Défensive,9,5
1655,68,212,Défensive,11,15
1656,68,756,Offensive,11,9
1657,68,211,Offensive,6,14
1658,68,827,Toute Surface,9,15
1659,68,468,Offensive,11,15
1660,69,728,Défensive,0,0
1661,69,213,Défensive,0,0
1662,69,610,Défensive,0,0
1663,69,582,Défensive,5,5
1664,69,723,Toute Surface,5,12
1665,69,689,Défensive,8,5
1666,69,449,Défensive,9,6
1667,69,668,Défensive,6,17
1668,69,176,Défensive,5,16
1669,69,529,Médiane,5,7
1670,69,833,Offensive,15,11
1671,69,571,Médiane,6,12
1672,69,476,Défensive,11,9
1673,69,939,Toute Surface,9,12
1674,69,434,Toute Surface,5,16
1675,69,348,Défensive,9,14
1676,69,942,Toute Surface,9,4
1677,69,748,Toute Surface,12,7
1678,69,147,Toute Surface,5,13
1679,69,825,Toute Surface,11,9
1680,69,212,Toute Surface,9,20
1681,69,756,Médiane,16,4
1682,69,211,Médiane,7,22
1683,69,827,Défensive,9,19
1684,69,468,Médiane,12,16
1685,70,728,Défensive,0,0
1686,70,213,Défensive,0,0
1687,70,610,Défensive,0,0
1688,70,582,Médiane,4,13
1689,70,723,Médiane,8,14
1690,70,689,Toute Surface,7,12
1691,70,449,Défensive,15,6
1692,70,668,Défensive,5,15
1693,70,176,Toute Surface,3,8
1694,70,529,Médiane,3,9
1695,70,833,Défensive,16,4
1696,70,571,Médiane,4,14
1697,70,476,Défensive,14,9
1698,70,939,Médiane,6,17
1699,70,434,Défensive,13,11
1700,70,348,Offensive,13,15
1701,70,942,Médiane,11,4
1702,70,748,Défensive,15,3
1703,70,147,Offensive,4,8
1704,70,825,Toute Surface,14,7
1705,70,212,Offensive,12,22
1706,70,756,Offensive,11,9
1707,70,211,Toute Surface,6,17
1708,70,827,Défensive,8,16
1709,70,468,Médiane,12,19
1710,71,728,Défensive,0,0
1711,71,213,Défensive,0,0
1712,71,610,Défensive,0,0
1713,71,582,Médiane,4,8
1714,71,723,Offensive,7,16
1715,71,689,Médiane,5,15
1716,71,449,Toute Surface,11,6
1717,71,668,Défensive,8,14
1718,71,176,Offensive,7,13
1719,71,529,Offensive,8,5
1720,71,833,Toute Surface,16,7
1721,71,571,Défensive,4,15
1722,71,476,Toute Surface,9,5
1723,71,939,Médiane,8,13
1724,71,434,Toute Surface,11,12
1725,71,348,Médiane,9,13
1726,71,942,Toute Surface,11,7
1727,71,748,Toute Surface,12,5
1728,71,147,Défensive,4,15
1729,71,825,Médiane,15,11
1730,71,212,Toute Surface,7,18
1731,71,756,Médiane,12,4
1732,71,211,Toute Surface,6,17
1733,71,827,Défensive,11,15
1734,71,468,Offensive,5,17
1735,72,728,Défensive,0,0
1736,72,213,Défensive,0,0
1737,72,610,Défensive,0,0
1738,72,582,Défensive,5,9
1739,72,723,Toute Surface,5,7
1740,72,689,Toute Surface,4,16
1741,72,449,Médiane,8,9
1742,72,668,Médiane,5,11
1743,72,176,Médiane,4,15
1744,72,529,Médiane,4,12
1745,72,833,Défensive,9,5
1746,72,571,Défensive,4,5
1747,72,476,Médiane,8,5
1748,72,939,Offensive,13,17
1749,72,434,Offensive,12,14
1750,72,348,Toute Surface,13,13
1751,72,942,Médiane,14,4
1752,72,748,Défensive,15,4
1753,72,147,Offensive,5,13
1754,72,825,Offensive,15,3
1755,72,212,Médiane,8,17
1756,72,756,Offensive,8,3
1757,72,211,Offensive,5,12
1758,72,827,Défensive,12,12
1759,72,468,Toute Surface,5,18
1760,73,728,Défensive,0,0
1761,73,213,Défensive,0,0
1762,73,610,Défensive,0,0
1763,73,582,Toute Surface,4,8
1764,73,723,Défensive,7,9
1765,73,689,Offensive,4,9
1766,73,449,Médiane,10,5
1767,73,668,Médiane,7,18
1768,73,176,Offensive,4,11
1769,73,529,Défensive,7,7
1770,73,833,Défensive,9,7
1771,73,571,Offensive,5,11
1772,73,476,Défensive,13,6
1773,73,939,Toute Surface,8,9
1774,73,434,Toute Surface,7,10
1775,73,348,Médiane,10,16
1776,73,942,Médiane,10,6
1777,73,748,Médiane,11,8
1778,73,147,Médiane,3,8
1779,73,825,Offensive,12,7
1780,73,212,Toute Surface,7,17
1781,73,756,Offensive,11,5
1782,73,211,Médiane,9,17
1783,73,827,Médiane,9,16
1784,73,468,Toute Surface,6,12
1785,74,728,Défensive,0,0
1786,74,213,Défensive,0,0
1787,74,610,Défensive,0,0
1788,74,582,Médiane,8,13
1789,74,723,Toute Surface,5,13
1790,74,689,Défensive,4,12
1791,74,449,Toute Surface,13,3
1792,74,668,Défensive,7,18
1793,74,176,Défensive,3,14
1794,74,529,Offensive,4,6
1795,74,833,Toute Surface,11,10
1796,74,571,Défensive,6,13
1797,74,476,Médiane,8,10
1798,74,939,Médiane,6,14
1799,74,434,Offensive,8,15
1800,74,348,Défensive,11,20
1801,74,942,Toute Surface,11,6
1802,74,748,Toute Surface,13,6
1803,74,147,Offensive,8,5
1804,74,825,Offensive,11,7
1805,74,212,Toute Surface,11,16
1806,74,756,Offensive,13,10
1807,74,211,Offensive,12,19
1808,74,827,Offensive,10,19
1809,74,468,Toute Surface,6,11
1810,75,728,Défensive,0,0
1811,75,213,Défensive,0,0
1812,75,610,Défensive,0,0
1813,75,582,Offensive,7,12
1814,75,723,Défensive,3,13
1815,75,689,Médiane,4,13
1816,75,449,Défensive,15,3
1817,75,668,Médiane,11,19
1818,75,176,Médiane,5,5
1819,75,529,Défensive,3,11
1820,75,833,Offensive,9,5
1821,75,571,Offensive,3,14
1822,75,476,Défensive,14,11
1823,75,939,Toute Surface,8,18
1824,75,434,Offensive,12,17
1825,75,348,Toute Surface,5,15
1826,75,942,Défensive,9,7
1827,75,748,Médiane,8,9
1828,75,147,Médiane,6,11
1829,75,825,Médiane,11,3
1830,75,212,Toute Surface,13,15
1831,75,756,Offensive,15,4
1832,75,211,Médiane,11,12
1833,75,827,Toute Surface,6,17
1834,75,468,Médiane,11,20
1835,76,728,Défensive,0,0
1836,76,213,Défensive,0,0
1837,76,610,Défensive,0,0
1838,76,582,Défensive,7,12
1839,76,723,Toute Surface,4,11
1840,76,689,Toute Surface,6,7
1841,76,449,Offensive,15,9
1842,76,668,Toute Surface,12,19
1843,76,176,Toute Surface,5,10
1844,76,529,Médiane,6,12
1845,76,833,Toute Surface,14,9
1846,76,571,Médiane,3,8
1847,76,476,Défensive,14,10
1848,76,939,Défensive,10,17
1849,76,434,Défensive,6,10
1850,76,348,Offensive,10,17
1851,76,942,Médiane,15,6
1852,76,748,Toute Surface,10,7
1853,76,147,Défensive,3,5
1854,76,825,Médiane,11,5
1855,76,212,Défensive,11,18
1856,76,756,Toute Surface,9,7
1857,76,211,Défensive,7,14
1858,76,827,Toute Surface,11,19
1859,76,468,Toute Surface,5,19
1860,77,728,Défensive,0,0
1861,77,213,Défensive,0,0
1862,77,610,Défensive,0,0
1863,77,582,Défensive,5,13
1864,77,723,Toute Surface,5,13
1865,77,689,Défensive,7,13
1866,77,449,Offensive,13,9
1867,77,668,Défensive,10,17
1868,77,176,Défensive,5,13
1869,77,529,Offensive,6,6
1870,77,833,Offensive,9,3
1871,77,571,Défensive,2,7
1872,77,476,Défensive,9,4
1873,77,939,Offensive,6,17
1874,77,434,Défensive,10,16
1875,77,348,Toute Surface,5,11
1876,77,942,Défensive,11,5
1877,77,748,Médiane,13,2
1878,77,147,Médiane,6,5
1879,77,825,Offensive,9,5
1880,77,212,Offensive,9,13
1881,77,756,Toute Surface,8,9
1882,77,211,Médiane,5,18
1883,77,827,Défensive,6,14
1884,77,468,Toute Surface,5,9
1885,78,728,Défensive,0,0
1886,78,213,Défensive,0,0
1887,78,610,Défensive,0,0
1888,78,582,Toute Surface,7,11
1889,78,723,Offensive,6,11
1890,78,689,Toute Surface,5,9
1891,78,449,Offensive,12,5
1892,78,668,Offensive,9,13
1893,78,176,Offensive,5,8
1894,78,529,Médiane,7,7
1895,78,833,Offensive,13,4
1896,78,571,Offensive,4,8
1897,78,476,Médiane,13,8
1898,78,939,Médiane,6,9
1899,78,434,Toute Surface,5,18
1900,78,348,Offensive,5,15
1901,78,942,Médiane,8,9
1902,78,748,Toute Surface,9,8
1903,78,147,Toute Surface,2,13
1904,78,825,Médiane,12,3
1905,78,212,Offensive,6,12
1906,78,756,Offensive,10,8
1907,78,211,Toute Surface,5,12
1908,78,827,Toute Surface,8,10
1909,78,468,Offensive,9,17
1910,79,728,Défensive,0,0
1911,79,213,Défensive,0,0
1912,79,610,Défensive,0,0
1913,79,582,Défensive,6,11
1914,79,723,Offensive,8,8
1915,79,689,Défensive,8,7
1916,79,449,Médiane,8,6
1917,79,668,Défensive,12,12
1918,79,176,Offensive,6,15
1919,79,529,Défensive,4,9
1920,79,833,Toute Surface,11,8
1921,79,571,Toute Surface,7,5
1922,79,476,Médiane,8,9
1923,79,939,Défensive,6,19
1924,79,434,Toute Surface,9,18
1925,79,348,Toute Surface,5,19
1926,79,942,Toute Surface,11,8
1927,79,748,Médiane,12,9
1928,79,147,Toute Surface,5,6
1929,79,825,Toute Surface,12,10
1930,79,212,Médiane,6,13
1931,79,756,Toute Surface,11,5
1932,79,211,Offensive,7,11
1933,79,827,Toute Surface,5,16
1934,79,468,Défensive,6,12
1935,80,728,Défensive,0,0
1936,80,213,Défensive,0,0
1937,80,610,Défensive,0,0
1938,80,582,Toute Surface,6,13
1939,80,723,Offensive,2,11
1940,80,689,Toute Surface,4,13
1941,80,449,Défensive,10,8
1942,80,668,Défensive,9,16
1943,80,176,Défensive,4,11
1944,80,529,Défensive,3,10
1945,80,833,Offensive,12,9
1946,80,571,Médiane,3,4
1947,80,476,Offensive,7,8
1948,80,939,Défensive,9,11
1949,80,434,Défensive,8,14
1950,80,348,Médiane,9,10
1951,80,942,Défensive,9,6
1952,80,748,Toute Surface,11,8
1953,80,147,Médiane,5,6
1954,80,825,Médiane,10,7
1955,80,212,Médiane,4,9
1956,80,756,Médiane,10,4
1957,80,211,Médiane,7,17
1958,80,827,Toute Surface,6,9
1959,80,468,Médiane,5,9
1960,81,728,Défensive,0,0
1961,81,213,Défensive,0,0
1962,81,610,Défensive,0,0
1963,81,582,Offensive,5,16
1964,81,723,Toute Surface,6,16
1965,81,689,Toute Surface,3,9
1966,81,449,Médiane,13,5
1967,81,668,Toute Surface,11,22
1968,81,176,Défensive,3,5
1969,81,529,Offensive,7,16
1970,81,833,Toute Surface,9,5
1971,81,571,Offensive,5,15
1972,81,476,Médiane,9,11
1973,81,939,Offensive,6,18
1974,81,434,Défensive,8,16
1975,81,348,Médiane,7,18
1976,81,942,Médiane,13,11
1977,81,748,Médiane,13,6
1978,81,147,Toute Surface,7,15
1979,81,825,Médiane,8,9
1980,81,212,Toute Surface,9,19
1981,81,756,Offensive,14,6
1982,81,211,Médiane,7,20
1983,81,827,Toute Surface,11,19
1984,81,468,Toute Surface,13,11
1985,82,728,Défensive,0,0
1986,82,213,Défensive,0,0
1987,82,610,Défensive,0,0
1988,82,582,Toute Surface,6,7
1989,82,723,Toute Surface,2,5
1990,82,689,Médiane,3,9
1991,82,449,Toute Surface,12,2
1992,82,668,Toute Surface,9,17
1993,82,176,Médiane,4,9
1994,82,529,Défensive,6,6
1995,82,833,Défensive,10,4
1996,82,571,Offensive,4,4
1997,82,476,Offensive,8,7
1998,82,939,Toute Surface,6,12
1999,82,434,Offensive,9,9
2000,82,348,Médiane,7,13
2001,82,942,Défensive,12,7
2002,82,748,Défensive,13,8
2003,82,147,Médiane,5,11
2004,82,825,Toute Surface,12,3
2005,82,212,Toute Surface,5,15
2006,82,756,Médiane,9,9
2007,82,211,Offensive,9,18
2008,82,827,Offensive,8,14
2009,82,468,Défensive,7,10
2010,83,728,Défensive,0,0
2011,83,213,Défensive,0,0
2012,83,610,Défensive,0,0
2013,83,582,Médiane,3,4
2014,83,723,Toute Surface,5,10
2015,83,689,Médiane,2,8
2016,83,449,Offensive,9,2
2017,83,668,Toute Surface,5,13
2018,83,176,Défensive,4,9
2019,83,529,Médiane,2,10
2020,83,833,Offensive,11,6
2021,83,571,Toute Surface,4,10
2022,83,476,Toute Surface,8,4
2023,83,939,Défensive,8,15
2024,83,434,Offensive,9,9
2025,83,348,Médiane,5,9
2026,83,942,Toute Surface,11,9
2027,83,748,Offensive,8,6
2028,83,147,Médiane,4,10
2029,83,825,Défensive,8,8
2030,83,212,Médiane,9,9
2031,83,756,Médiane,11,5
2032,83,211,Médiane,4,17
2033,83,827,Médiane,10,17
2034,83,468,Médiane,9,13
2035,84,728,Défensive,0,0
2036,84,213,Défensive,0,0
2037,84,610,Défensive,0,0
2038,84,582,Médiane,6,16
2039,84,723,Toute Surface,5,5
2040,84,689,Toute Surface,8,7
2041,84,449,Médiane,16,9
2042,84,668,Médiane,6,12
2043,84,176,Offensive,5,7
2044,84,529,Médiane,4,16
2045,84,833,Offensive,15,4
2046,84,571,Défensive,6,14
2047,84,476,Défensive,9,11
2048,84,939,Médiane,9,19
2049,84,434,Médiane,5,16
2050,84,348,Toute Surface,12,13
2051,84,942,Toute Surface,11,7
2052,84,748,Défensive,8,8
2053,84,147,Médiane,5,14
2054,84,825,Toute Surface,9,4
2055,84,212,Toute Surface,8,11
2056,84,756,Toute Surface,9,7
2057,84,211,Médiane,13,12
2058,84,827,Toute Surface,11,11
2059,84,468,Médiane,7,13
2060,85,728,Défensive,0,0
2061,85,213,Défensive,0,0
2062,85,610,Défensive,0,0
2063,85,582,Médiane,6,8
2064,85,723,Toute Surface,6,8
2065,85,689,Toute Surface,2,13
2066,85,449,Médiane,9,3
2067,85,668,Défensive,9,11
2068,85,176,Toute Surface,5,12
2069,85,529,Offensive,7,4
2070,85,833,Médiane,12,5
2071,85,571,Offensive,3,11
2072,85,476,Toute Surface,7,3
2073,85,939,Offensive,6,11
2074,85,434,Défensive,7,14
2075,85,348,Offensive,9,9
2076,85,942,Médiane,12,9
2077,85,748,Défensive,9,7
2078,85,147,Médiane,2,9
2079,85,825,Toute Surface,12,5
2080,85,212,Défensive,4,17
2081,85,756,Toute Surface,9,8
2082,85,211,Offensive,5,13
2083,85,827,Défensive,4,16
2084,85,468,Défensive,9,18
2085,86,728,Défensive,0,0
2086,86,213,Défensive,0,0
2087,86,610,Défensive,0,0
2088,86,582,Défensive,3,16
2089,86,723,Défensive,8,7
2090,86,689,Médiane,5,14
2091,86,449,Défensive,16,8
2092,86,668,Médiane,8,15
2093,86,176,Toute Surface,4,9
2094,86,529,Défensive,5,14
2095,86,833,Défensive,9,8
2096,86,571,Médiane,7,6
2097,86,476,Toute Surface,11,4
2098,86,939,Offensive,13,20
2099,86,434,Offensive,7,20
2100,86,348,Défensive,12,14
2101,86,942,Défensive,12,11
2102,86,748,Médiane,11,7
2103,86,147,Offensive,8,12
2104,86,825,Offensive,14,3
2105,86,212,Offensive,11,11
2106,86,756,Défensive,12,4
2107,86,211,Médiane,13,20
2108,86,827,Toute Surface,12,19
2109,86,468,Offensive,11,15
2110,87,237,Défensive,0,0
2111,87,573,Défensive,0,0
2112,87,886,Aucune,0,0
2113,87,491,Aucune,0,0
2114,87,428,Aucune,0,0
2115,87,774,Médiane,15,5
2116,87,311,Aucune,0,0
2117,87,968,Toute Surface,6,15
2118,87,204,Aucune,0,0
2119,87,42,Toute Surface,8,19
2120,87,297,Défensive,5,5
2121,87,669,Aucune,0,0
2122,87,578,Offensive,5,18
2123,87,810,Offensive,6,14
2124,87,162,Défensive,8,18
2125,87,621,Médiane,4,16
2126,87,115,Défensive,3,11
2127,87,98,Défensive,6,18
2128,87,527,Aucune,0,0
2129,87,646,Aucune,0,0
2130,87,793,Défensive,15,5
2131,87,229,Offensive,8,9
2132,87,269,Aucune,0,0
2133,87,359,Médiane,14,8
2134,87,461,Offensive,8,6
2135,88,237,Défensive,0,0
2136,88,573,Défensive,0,0
2137,88,886,Défensive,0,0
2138,88,491,Aucune,0,0
2139,88,428,Aucune,0,0
2140,88,774,Toute Surface,9,6
2141,88,311,Défensive,9,5
2142,88,968,Médiane,8,8
2143,88,204,Offensive,8,11
2144,88,42,Défensive,5,18
2145,88,297,Défensive,3,16
2146,88,669,Toute Surface,8,20
2147,88,578,Offensive,8,17
2148,88,810,Défensive,11,11
2149,88,162,Toute Surface,13,11
2150,88,621,Offensive,8,15
2151,88,115,Défensive,6,14
2152,88,98,Médiane,12,18
2153,88,527,Aucune,0,0
2154,88,646,Défensive,11,16
2155,88,793,Médiane,13,3
2156,88,229,Médiane,9,7
2157,88,269,Offensive,11,8
2158,88,359,Toute Surface,9,6
2159,88,461,Défensive,3,5
2160,89,237,Défensive,0,0
2161,89,573,Défensive,0,0
2162,89,886,Défensive,0,0
2163,89,491,Défensive,6,12
2164,89,428,Offensive,8,11
2165,89,774,Toute Surface,11,7
2166,89,311,Offensive,16,8
2167,89,968,Offensive,4,13
2168,89,204,Offensive,5,14
2169,89,42,Défensive,6,17
2170,89,297,Médiane,4,5
2171,89,669,Offensive,13,14
2172,89,578,Défensive,12,15
2173,89,810,Toute Surface,13,12
2174,89,162,Défensive,13,12
2175,89,621,Toute Surface,6,8
2176,89,115,Médiane,4,5
2177,89,98,Médiane,8,20
2178,89,527,Aucune,0,0
2179,89,646,Offensive,7,22
2180,89,793,Toute Surface,11,4
2181,89,229,Médiane,16,11
2182,89,269,Défensive,16,3
2183,89,359,Défensive,12,9
2184,89,461,Toute Surface,4,9
2185,90,237,Défensive,0,0
2186,90,573,Défensive,0,0
2187,90,886,Défensive,0,0
2188,90,491,Toute Surface,10,18
2189,90,428,Toute Surface,10,9
2190,90,774,Toute Surface,10,8
2191,90,311,Toute Surface,14,4
2192,90,968,Défensive,4,14
2193,90,204,Offensive,8,13
2194,90,42,Toute Surface,5,15
2195,90,297,Toute Surface,8,10
2196,90,669,Toute Surface,7,16
2197,90,578,Médiane,10,20
2198,90,810,Défensive,6,16
2199,90,162,Toute Surface,6,19
2200,90,621,Défensive,7,8
2201,90,115,Toute Surface,8,11
2202,90,98,Offensive,6,14
2203,90,527,Aucune,0,0
2204,90,646,Offensive,8,14
2205,90,793,Offensive,12,10
2206,90,229,Toute Surface,14,8
2207,90,269,Toute Surface,15,4
2208,90,359,Toute Surface,14,3
2209,90,461,Offensive,5,14
2210,91,237,Défensive,0,0
2211,91,573,Défensive,0,0
2212,91,886,Défensive,0,0
2213,91,491,Offensive,6,14
2214,91,428,Toute Surface,12,6
2215,91,774,Défensive,13,3
2216,91,311,Offensive,8,11
2217,91,968,Médiane,5,6
2218,91,204,Défensive,5,15
2219,91,42,Offensive,13,22
2220,91,297,Offensive,3,9
2221,91,669,Offensive,5,16
2222,91,578,Offensive,8,16
2223,91,810,Offensive,6,15
2224,91,162,Défensive,7,15
2225,91,621,Toute Surface,4,5
2226,91,115,Toute Surface,4,7
2227,91,98,Médiane,6,19
2228,91,527,Aucune,0,0
2229,91,646,Offensive,12,18
2230,91,793,Défensive,14,6
2231,91,229,Défensive,14,11
2232,91,269,Défensive,8,4
2233,91,359,Toute Surface,9,11
2234,91,461,Défensive,8,6
2235,92,237,Défensive,0,0
2236,92,573,Défensive,0,0
2237,92,886,Défensive,0,0
2238,92,491,Défensive,11,17
2239,92,428,Médiane,15,8
2240,92,774,Défensive,16,9
2241,92,311,Médiane,13,4
2242,92,968,Offensive,3,6
2243,92,204,Toute Surface,5,19
2244,92,42,Toute Surface,6,22
2245,92,297,Médiane,6,12
2246,92,669,Médiane,8,20
2247,92,578,Médiane,11,12
2248,92,810,Toute Surface,9,11
2249,92,162,Toute Surface,7,15
2250,92,621,Défensive,5,14
2251,92,115,Défensive,5,5
2252,92,98,Offensive,6,18
2253,92,527,Offensive,15,7
2254,92,646,Défensive,11,19
2255,92,793,Défensive,16,6
2256,92,229,Toute Surface,13,5
2257,92,269,Toute Surface,12,3
2258,92,359,Toute Surface,14,7
2259,92,461,Toute Surface,3,7
2260,93,237,Défensive,0,0
2261,93,573,Défensive,0,0
2262,93,886,Défensive,0,0
2263,93,491,Médiane,6,12
2264,93,428,Médiane,10,8
2265,93,774,Médiane,13,10
2266,93,311,Toute Surface,10,4
2267,93,968,Défensive,5,12
2268,93,204,Défensive,7,19
2269,93,42,Médiane,5,12
2270,93,297,Toute Surface,6,14
2271,93,669,Offensive,6,11
2272,93,578,Médiane,7,15
2273,93,810,Toute Surface,9,13
2274,93,162,Médiane,10,18
2275,93,621,Médiane,4,7
2276,93,115,Toute Surface,8,14
2277,93,98,Toute Surface,6,17
2278,93,527,Offensive,14,3
2279,93,646,Offensive,9,10
2280,93,793,Médiane,15,7
2281,93,229,Toute Surface,12,8
2282,93,269,Offensive,10,3
2283,93,359,Toute Surface,14,6
2284,93,461,Médiane,6,9
2285,94,237,Défensive,0,0
2286,94,573,Défensive,0,0
2287,94,886,Défensive,0,0
2288,94,491,Toute Surface,6,9
2289,94,428,Offensive,11,6
2290,94,774,Défensive,10,4
2291,94,311,Défensive,8,5
2292,94,968,Toute Surface,5,11
2293,94,204,Offensive,9,13
2294,94,42,Défensive,8,14
2295,94,297,Offensive,5,5
2296,94,669,Médiane,8,13
2297,94,578,Médiane,4,11
2298,94,810,Médiane,8,17
2299,94,162,Défensive,5,13
2300,94,621,Médiane,7,5
2301,94,115,Offensive,6,9
2302,94,98,Toute Surface,7,15
2303,94,527,Défensive,12,4
2304,94,646,Défensive,5,15
2305,94,793,Toute Surface,8,6
2306,94,229,Toute Surface,9,7
2307,94,269,Offensive,13,4
2308,94,359,Offensive,7,9
2309,94,461,Toute Surface,3,11
2310,95,237,Défensive,0,0
2311,95,573,Défensive,0,0
2312,95,886,Défensive,0,0
2313,95,491,Défensive,10,9
2314,95,428,Défensive,11,4
2315,95,774,Médiane,11,3
2316,95,311,Défensive,9,3
2317,95,968,Médiane,7,13
2318,95,204,Médiane,8,15
2319,95,42,Offensive,7,9
2320,95,297,Offensive,7,5
2321,95,669,Médiane,7,17
2322,95,578,Défensive,4,14
2323,95,810,Défensive,8,15
2324,95,162,Défensive,7,17
2325,95,621,Toute Surface,4,6
2326,95,115,Offensive,5,10
2327,95,98,Toute Surface,7,15
2328,95,527,Médiane,13,4
2329,95,646,Défensive,10,14
2330,95,793,Défensive,11,3
2331,95,229,Médiane,7,7
2332,95,269,Défensive,13,8
2333,95,359,Défensive,8,4
2334,95,461,Toute Surface,4,9
2335,96,237,Défensive,0,0
2336,96,573,Défensive,0,0
2337,96,886,Défensive,0,0
2338,96,491,Toute Surface,11,15
2339,96,428,Toute Surface,12,3
2340,96,774,Offensive,12,7
2341,96,311,Offensive,11,5
2342,96,968,Médiane,6,11
2343,96,204,Défensive,12,19
2344,96,42,Défensive,9,16
2345,96,297,Offensive,7,9
2346,96,669,Toute Surface,6,22
2347,96,578,Toute Surface,7,18
2348,96,810,Défensive,12,11
2349,96,162,Médiane,11,18
2350,96,621,Offensive,5,9
2351,96,115,Offensive,8,16
2352,96,98,Médiane,13,19
2353,96,527,Défensive,11,8
2354,96,646,Offensive,13,20
2355,96,793,Toute Surface,11,11
2356,96,229,Défensive,12,4
2357,96,269,Défensive,14,11
2358,96,359,Médiane,8,9
2359,96,461,Médiane,7,5
2360,97,237,Défensive,0,0
2361,97,573,Défensive,0,0
2362,97,886,Défensive,0,0
2363,97,491,Défensive,9,12
2364,97,428,Offensive,9,6
2365,97,774,Offensive,9,6
2366,97,311,Toute Surface,8,2
2367,97,968,Médiane,2,12
2368,97,204,Offensive,9,10
2369,97,42,Médiane,8,9
2370,97,297,Médiane,7,10
2371,97,669,Défensive,4,18
2372,97,578,Toute Surface,9,15
2373,97,810,Médiane,7,9
2374,97,162,Offensive,4,16
2375,97,621,Médiane,6,13
2376,97,115,Toute Surface,2,4
2377,97,98,Défensive,4,10
2378,97,527,Médiane,12,7
2379,97,646,Médiane,6,18
2380,97,793,Médiane,13,7
2381,97,229,Toute Surface,9,4
2382,97,269,Offensive,10,4
2383,97,359,Toute Surface,13,4
2384,97,461,Défensive,7,7
2385,98,237,Défensive,0,0
2386,98,573,Défensive,0,0
2387,98,886,Défensive,0,0
2388,98,491,Offensive,7,15
2389,98,428,Défensive,11,3
2390,98,774,Défensive,9,8
2391,98,311,Toute Surface,12,3
2392,98,968,Défensive,3,8
2393,98,204,Toute Surface,8,19
2394,98,42,Offensive,9,17
2395,98,297,Défensive,6,6
2396,98,669,Toute Surface,9,13
2397,98,578,Médiane,13,12
2398,98,810,Médiane,12,19
2399,98,162,Médiane,11,18
2400,98,621,Défensive,8,11
2401,98,115,Toute Surface,3,9
2402,98,98,Médiane,6,18
2403,98,527,Toute Surface,16,4
2404,98,646,Défensive,6,17
2405,98,793,Toute Surface,12,5
2406,98,229,Défensive,16,5
2407,98,269,Défensive,12,7
2408,98,359,Médiane,14,4
2409,98,461,Toute Surface,7,15
2410,99,237,Défensive,0,0
2411,99,573,Défensive,0,0
2412,99,886,Défensive,0,0
2413,99,491,Toute Surface,6,18
2414,99,428,Défensive,13,5
2415,99,774,Médiane,13,6
2416,99,311,Toute Surface,10,6
2417,99,968,Défensive,6,4
2418,99,204,Défensive,6,12
2419,99,42,Offensive,6,14
2420,99,297,Médiane,7,11
2421,99,669,Toute Surface,7,13
2422,99,578,Toute Surface,4,12
2423,99,810,Défensive,7,16
2424,99,162,Défensive,5,14
2425,99,621,Médiane,5,11
2426,99,115,Toute Surface,3,12
2427,99,98,Offensive,4,16
2428,99,527,Offensive,7,4
2429,99,646,Médiane,6,16
2430,99,793,Défensive,8,2
2431,99,229,Offensive,11,2
2432,99,269,Toute Surface,10,3
2433,99,359,Médiane,7,3
2434,99,461,Défensive,4,6
2435,100,237,Défensive,0,0
2436,100,573,Défensive,0,0
2437,100,886,Défensive,0,0
2438,100,491,Médiane,9,17
2439,100,428,Défensive,7,6
2440,100,774,Offensive,11,9
2441,100,311,Toute Surface,7,5
2442,100,968,Toute Surface,3,5
2443,100,204,Médiane,9,9
2444,100,42,Offensive,10,14
2445,100,297,Défensive,7,6
2446,100,669,Toute Surface,10,16
2447,100,578,Toute Surface,4,13
2448,100,810,Médiane,5,14
2449,100,162,Offensive,7,16
2450,100,621,Toute Surface,5,5
2451,100,115,Offensive,7,11
2452,100,98,Offensive,9,12
2453,100,527,Offensive,9,9
2454,100,646,Défensive,10,16
2455,100,793,Médiane,12,3
2456,100,229,Défensive,9,8
2457,100,269,Toute Surface,7,8
2458,100,359,Offensive,13,9
2459,100,461,Défensive,4,7
2460,101,237,Défensive,0,0
2461,101,573,Défensive,0,0
2462,101,886,Défensive,0,0
2463,101,491,Défensive,9,10
2464,101,428,Toute Surface,7,8
2465,101,774,Médiane,7,3
2466,101,311,Médiane,11,8
2467,101,968,Défensive,4,5
2468,101,204,Offensive,4,15
2469,101,42,Offensive,6,11
2470,101,297,Offensive,2,9
2471,101,669,Offensive,6,16
2472,101,578,Défensive,6,10
2473,101,810,Toute Surface,6,16
2474,101,162,Offensive,6,17
2475,101,621,Médiane,4,10
2476,101,115,Toute Surface,4,9
2477,101,98,Défensive,9,16
2478,101,527,Défensive,10,3
2479,101,646,Toute Surface,8,14
2480,101,793,Offensive,8,4
2481,101,229,Défensive,11,5
2482,101,269,Offensive,9,4
2483,101,359,Offensive,12,6
2484,101,461,Offensive,4,6
2485,102,237,Défensive,0,0
2486,102,573,Défensive,0,0
2487,102,886,Défensive,0,0
2488,102,491,Offensive,9,20
2489,102,428,Défensive,11,6
2490,102,774,Médiane,12,6
2491,102,311,Offensive,8,4
2492,102,968,Toute Surface,3,5
2493,102,204,Toute Surface,8,11
2494,102,42,Toute Surface,6,22
2495,102,297,Offensive,5,12
2496,102,669,Médiane,12,17
2497,102,578,Défensive,13,12
2498,102,810,Médiane,9,12
2499,102,162,Toute Surface,9,16
2500,102,621,Médiane,6,11
2501,102,115,Défensive,7,12
2502,102,98,Médiane,13,19
2503,102,527,Médiane,16,5
2504,102,646,Offensive,7,15
2505,102,793,Toute Surface,14,7
2506,102,229,Toute Surface,15,3
2507,102,269,Offensive,14,6
2508,102,359,Offensive,12,6
2509,102,461,Défensive,5,15
2510,103,237,Défensive,0,0
2511,103,573,Défensive,0,0
2512,103,886,Défensive,0,0
2513,103,491,Toute Surface,12,16
2514,103,428,Défensive,11,5
2515,103,774,Défensive,12,6
2516,103,311,Défensive,11,6
2517,103,968,Défensive,4,14
2518,103,204,Médiane,6,10
2519,103,42,Toute Surface,6,19
2520,103,297,Défensive,5,6
2521,103,669,Offensive,10,14
2522,103,578,Toute Surface,10,19
2523,103,810,Défensive,7,14
2524,103,162,Offensive,7,14
2525,103,621,Défensive,8,7
2526,103,115,Médiane,3,7
2527,103,98,Toute Surface,6,10
2528,103,527,Toute Surface,15,10
2529,103,646,Défensive,8,12
2530,103,793,Défensive,13,6
2531,103,229,Toute Surface,10,5
2532,103,269,Médiane,13,4
2533,103,359,Offensive,13,9
2534,103,461,Défensive,7,9
2535,104,237,Défensive,0,0
2536,104,573,Défensive,0,0
2537,104,886,Défensive,0,0
2538,104,491,Défensive,5,11
2539,104,428,Défensive,9,9
2540,104,774,Médiane,9,6
2541,104,311,Offensive,11,3
2542,104,968,Offensive,8,5
2543,104,204,Offensive,5,11
2544,104,42,Toute Surface,5,12
2545,104,297,Offensive,4,12
2546,104,669,Défensive,5,12
2547,104,578,Toute Surface,12,13
2548,104,810,Défensive,7,14
2549,104,162,Offensive,7,12
2550,104,621,Toute Surface,3,6
2551,104,115,Toute Surface,5,11
2552,104,98,Défensive,8,17
2553,104,527,Offensive,12,9
2554,104,646,Médiane,10,17
2555,104,793,Défensive,15,10
2556,104,229,Défensive,11,10
2557,104,269,Médiane,14,8
2558,104,359,Offensive,10,6
2559,104,461,Offensive,3,6
2560,105,237,Défensive,0,0
2561,105,573,Défensive,0,0
2562,105,886,Défensive,0,0
2563,105,491,Défensive,8,19
2564,105,428,Offensive,8,6
2565,105,774,Médiane,11,6
2566,105,311,Toute Surface,8,9
2567,105,968,Toute Surface,8,5
2568,105,204,Défensive,12,20
2569,105,42,Offensive,8,15
2570,105,297,Médiane,3,7
2571,105,669,Médiane,13,18
2572,105,578,Défensive,6,22
2573,105,810,Toute Surface,5,17
2574,105,162,Défensive,5,18
2575,105,621,Offensive,4,9
2576,105,115,Toute Surface,7,7
2577,105,98,Toute Surface,12,13
2578,105,527,Défensive,14,5
2579,105,646,Défensive,11,12
2580,105,793,Toute Surface,16,9
2581,105,229,Médiane,15,8
2582,105,269,Défensive,8,4
2583,105,359,Offensive,9,8
2584,105,461,Médiane,3,9
2585,106,237,Défensive,0,0
2586,106,573,Défensive,0,0
2587,106,886,Défensive,0,0
2588,106,491,Toute Surface,12,18
2589,106,428,Toute Surface,8,4
2590,106,774,Toute Surface,9,5
2591,106,311,Médiane,11,9
2592,106,968,Médiane,3,13
2593,106,204,Toute Surface,9,12
2594,106,42,Toute Surface,7,13
2595,106,297,Médiane,4,15
2596,106,669,Toute Surface,5,22
2597,106,578,Toute Surface,7,19
2598,106,810,Défensive,12,16
2599,106,162,Médiane,5,19
2600,106,621,Toute Surface,8,5
2601,106,115,Médiane,3,5
2602,106,98,Offensive,9,20
2603,106,527,Défensive,12,7
2604,106,646,Médiane,13,16
2605,106,793,Défensive,14,6
2606,106,229,Défensive,14,9
2607,106,269,Toute Surface,12,5
2608,106,359,Défensive,11,4
2609,106,461,Offensive,5,12
2610,107,237,Défensive,0,0
2611,107,573,Défensive,0,0
2612,107,886,Défensive,0,0
2613,107,491,Toute Surface,10,10
2614,107,428,Médiane,8,9
2615,107,774,Toute Surface,11,5
2616,107,311,Médiane,13,3
2617,107,968,Offensive,2,9
2618,107,204,Défensive,9,14
2619,107,42,Médiane,9,14
2620,107,297,Médiane,2,8
2621,107,669,Défensive,10,9
2622,107,578,Offensive,7,14
2623,107,810,Défensive,8,14
2624,107,162,Toute Surface,8,14
2625,107,621,Défensive,7,5
2626,107,115,Toute Surface,6,12
2627,107,98,Offensive,10,15
2628,107,527,Offensive,10,4
2629,107,646,Toute Surface,4,15
2630,107,793,Médiane,11,4
2631,107,229,Médiane,12,9
2632,107,269,Toute Surface,9,6
2633,107,359,Médiane,7,6
2634,107,461,Défensive,6,13
2635,108,237,Défensive,0,0
2636,108,573,Défensive,0,0
2637,108,886,Défensive,0,0
2638,108,491,Toute Surface,11,19
2639,108,428,Médiane,12,6
2640,108,774,Offensive,12,5
2641,108,311,Offensive,13,7
2642,108,968,Médiane,3,10
2643,108,204,Offensive,6,14
2644,108,42,Offensive,8,13
2645,108,297,Défensive,5,6
2646,108,669,Médiane,10,14
2647,108,578,Offensive,6,18
2648,108,810,Défensive,7,16
2649,108,162,Offensive,7,14
2650,108,621,Toute Surface,3,13
2651,108,115,Toute Surface,4,8
2652,108,98,Médiane,5,18
2653,108,527,Médiane,10,8
2654,108,646,Défensive,12,14
2655,108,793,Médiane,13,4
2656,108,229,Médiane,9,7
2657,108,269,Défensive,9,4
2658,108,359,Toute Surface,9,8
2659,108,461,Défensive,5,15
2660,109,237,Défensive,0,0
2661,109,573,Défensive,0,0
2662,109,886,Défensive,0,0
2663,109,491,Toute Surface,13,12
2664,109,428,Défensive,11,9
2665,109,774,Offensive,14,6
2666,109,311,Offensive,8,3
2667,109,968,Médiane,5,5
2668,109,204,Médiane,7,22
2669,109,42,Offensive,7,22
2670,109,297,Médiane,3,8
2671,109,669,Médiane,6,20
2672,109,578,Défensive,6,15
2673,109,810,Médiane,7,13
2674,109,162,Offensive,12,22
2675,109,621,Médiane,3,16
2676,109,115,Défensive,4,9
2677,109,98,Médiane,11,14
2678,109,527,Médiane,14,8
2679,109,646,Offensive,5,18
2680,109,793,Défensive,16,7
2681,109,229,Offensive,12,8
2682,109,269,Offensive,8,4
2683,109,359,Défensive,11,8
2684,109,461,Offensive,7,15
2685,110,237,Défensive,0,0
2686,110,573,Défensive,0,0
2687,110,886,Défensive,0,0
2688,110,491,Toute Surface,8,15
2689,110,428,Offensive,11,7
2690,110,774,Toute Surface,14,11
2691,110,311,Défensive,9,3
2692,110,968,Médiane,8,11
2693,110,204,Offensive,8,22
2694,110,42,Offensive,11,16
2695,110,297,Offensive,4,8
2696,110,669,Offensive,7,16
2697,110,578,Toute Surface,8,11
2698,110,810,Toute Surface,11,14
2699,110,162,Médiane,12,18
2700,110,621,Médiane,4,6
2701,110,115,Toute Surface,7,8
2702,110,98,Toute Surface,9,19
2703,110,527,Offensive,16,9
2704,110,646,Médiane,13,18
2705,110,793,Médiane,8,8
2706,110,229,Médiane,11,4
2707,110,269,Offensive,12,6
2708,110,359,Défensive,15,4
2709,110,461,Offensive,4,14
2710,111,237,Défensive,0,0
2711,111,573,Défensive,0,0
2712,111,886,Défensive,0,0
2713,111,491,Défensive,4,11
2714,111,428,Toute Surface,11,3
2715,111,774,Toute Surface,9,6
2716,111,311,Défensive,11,2
2717,111,968,Défensive,4,4
2718,111,204,Toute Surface,4,9
2719,111,42,Offensive,6,10
2720,111,297,Médiane,3,10
2721,111,669,Défensive,6,10
2722,111,578,Offensive,10,18
2723,111,810,Défensive,7,16
2724,111,162,Médiane,9,17
2725,111,621,Défensive,2,9
2726,111,115,Offensive,7,4
2727,111,98,Toute Surface,7,13
2728,111,527,Toute Surface,11,7
2729,111,646,Médiane,7,15
2730,111,793,Médiane,13,9
2731,111,229,Toute Surface,8,5
2732,111,269,Défensive,13,5
2733,111,359,Offensive,13,6
2734,111,461,Toute Surface,2,10
2735,112,237,Défensive,0,0
2736,112,573,Défensive,0,0
2737,112,886,Défensive,0,0
2738,112,491,Toute Surface,5,10
2739,112,428,Offensive,10,2
2740,112,774,Toute Surface,9,5
2741,112,311,Défensive,10,4
2742,112,968,Défensive,2,4
2743,112,204,Défensive,7,16
2744,112,42,Offensive,4,10
2745,112,297,Offensive,4,9
2746,112,669,Toute Surface,4,11
2747,112,578,Toute Surface,9,18
2748,112,810,Défensive,10,16
2749,112,162,Défensive,5,9
2750,112,621,Offensive,3,9
2751,112,115,Médiane,4,5
2752,112,98,Offensive,9,14
2753,112,527,Offensive,11,8
2754,112,646,Offensive,9,15
2755,112,793,Offensive,13,5
2756,112,229,Offensive,9,9
2757,112,269,Offensive,13,5
2758,112,359,Défensive,8,2
2759,112,461,Médiane,4,11
2760,113,237,Défensive,0,0
2761,113,573,Défensive,0,0
2762,113,886,Défensive,0,0
2763,113,491,Offensive,11,14
2764,113,428,Offensive,12,9
2765,113,774,Offensive,9,4
2766,113,311,Médiane,15,11
2767,113,968,Médiane,7,8
2768,113,204,Médiane,9,17
2769,113,42,Offensive,13,13
2770,113,297,Toute Surface,8,5
2771,113,669,Toute Surface,6,17
2772,113,578,Médiane,13,22
2773,113,810,Toute Surface,13,22
2774,113,162,Défensive,11,13
2775,113,621,Médiane,6,16
2776,113,115,Défensive,5,9
2777,113,98,Offensive,6,18
2778,113,527,Médiane,11,3
2779,113,646,Offensive,8,17
2780,113,793,Toute Surface,8,5
2781,113,229,Défensive,15,4
2782,113,269,Toute Surface,11,8
2783,113,359,Défensive,8,3
2784,113,461,Offensive,5,13
2785,114,237,Défensive,0,0
2786,114,573,Défensive,0,0
2787,114,886,Défensive,0,0
2788,114,491,Médiane,8,19
2789,114,428,Toute Surface,12,4
2790,114,774,Toute Surface,12,3
2791,114,311,Médiane,15,8
2792,114,968,Toute Surface,7,6
2793,114,204,Toute Surface,7,12
2794,114,42,Médiane,7,22
2795,114,297,Toute Surface,7,12
2796,114,669,Défensive,8,20
2797,114,578,Offensive,6,12
2798,114,810,Médiane,6,17
2799,114,162,Toute Surface,5,16
2800,114,621,Défensive,4,12
2801,114,115,Offensive,8,7
2802,114,98,Offensive,6,16
2803,114,527,Défensive,9,5
2804,114,646,Toute Surface,8,19
2805,114,793,Toute Surface,16,8
2806,114,229,Médiane,12,8
2807,114,269,Défensive,16,7
2808,114,359,Défensive,14,11
2809,114,461,Toute Surface,7,11
2810,115,237,Défensive,0,0
2811,115,573,Défensive,0,0
2812,115,886,Défensive,0,0
2813,115,491,Toute Surface,9,12
2814,115,428,Défensive,12,5
2815,115,774,Défensive,12,6
2816,115,311,Médiane,14,4
2817,115,968,Offensive,3,8
2818,115,204,Offensive,7,17
2819,115,42,Médiane,8,16
2820,115,297,Médiane,3,14
2821,115,669,Offensive,8,15
2822,115,578,Offensive,12,22
2823,115,810,Offensive,12,19
2824,115,162,Toute Surface,8,14
2825,115,621,Médiane,6,15
2826,115,115,Toute Surface,6,7
2827,115,98,Défensive,7,22
2828,115,527,Toute Surface,8,7
2829,115,646,Toute Surface,13,22
2830,115,793,Offensive,14,6
2831,115,229,Médiane,14,6
2832,115,269,Toute Surface,12,11
2833,115,359,Toute Surface,15,5
2834,115,461,Médiane,7,11
2835,116,237,Défensive,0,0
2836,116,573,Défensive,0,0
2837,116,886,Défensive,0,0
2838,116,491,Toute Surface,7,13
2839,116,428,Défensive,12,8
2840,116,774,Défensive,11,7
2841,116,311,Défensive,9,6
2842,116,968,Offensive,4,6
2843,116,204,Médiane,8,13
2844,116,42,Toute Surface,5,12
2845,116,297,Médiane,2,12
2846,116,669,Offensive,8,16
2847,116,578,Offensive,10,11
2848,116,810,Médiane,4,15
2849,116,162,Défensive,8,16
2850,116,621,Défensive,4,9
2851,116,115,Médiane,2,11
2852,116,98,Médiane,4,9
2853,116,527,Toute Surface,7,2
2854,116,646,Médiane,5,11
2855,116,793,Médiane,7,9
2856,116,229,Offensive,12,3
2857,116,269,Offensive,8,2
2858,116,359,Médiane,8,6
2859,116,461,Toute Surface,3,5
2860,117,237,Défensive,0,0
2861,117,573,Défensive,0,0
2862,117,886,Défensive,0,0
2863,117,491,Offensive,13,18
2864,117,428,Défensive,14,7
2865,117,774,Offensive,13,9
2866,117,311,Toute Surface,16,4
2867,117,968,Offensive,7,11
2868,117,204,Toute Surface,7,14
2869,117,42,Toute Surface,9,22
2870,117,297,Défensive,5,6
2871,117,669,Toute Surface,8,16
2872,117,578,Offensive,13,17
2873,117,810,Défensive,11,18
2874,117,162,Défensive,8,19
2875,117,621,Toute Surface,4,11
2876,117,115,Offensive,8,15
2877,117,98,Défensive,6,13
2878,117,527,Offensive,11,3
2879,117,646,Toute Surface,8,19
2880,117,793,Médiane,11,7
2881,117,229,Toute Surface,8,4
2882,117,269,Médiane,8,6
2883,117,359,Toute Surface,8,8
2884,117,461,Défensive,3,9
2885,118,237,Défensive,0,0
2886,118,573,Défensive,0,0
2887,118,886,Défensive,0,0
2888,118,491,Médiane,8,12
2889,118,428,Médiane,10,7
2890,118,774,Toute Surface,9,7
2891,118,311,Médiane,13,3
2892,118,968,Toute Surface,4,13
2893,118,204,Offensive,4,16
2894,118,42,Toute Surface,9,11
2895,118,297,Médiane,3,5
2896,118,669,Défensive,10,13
2897,118,578,Toute Surface,6,12
2898,118,810,Toute Surface,7,15
2899,118,162,Offensive,9,15
2900,118,621,Défensive,7,10
2901,118,115,Médiane,4,8
2902,118,98,Toute Surface,9,16
2903,118,527,Toute Surface,9,6
2904,118,646,Défensive,9,13
2905,118,793,Médiane,13,6
2906,118,229,Médiane,12,2
2907,118,269,Toute Surface,13,7
2908,118,359,Toute Surface,13,3
2909,118,461,Offensive,2,10
2910,119,237,Défensive,0,0
2911,119,573,Défensive,0,0
2912,119,886,Défensive,0,0
2913,119,491,Offensive,5,14
2914,119,428,Offensive,10,5
2915,119,774,Offensive,9,8
2916,119,311,Toute Surface,11,9
2917,119,968,Médiane,3,9
2918,119,204,Toute Surface,7,17
2919,119,42,Médiane,8,12
2920,119,297,Médiane,3,6
2921,119,669,Défensive,7,14
2922,119,578,Défensive,4,11
2923,119,810,Médiane,10,13
2924,119,162,Toute Surface,10,12
2925,119,621,Toute Surface,5,6
2926,119,115,Défensive,5,9
2927,119,98,Médiane,4,11
2928,119,527,Médiane,9,8
2929,119,646,Médiane,10,16
2930,119,793,Médiane,7,4
2931,119,229,Médiane,12,8
2932,119,269,Médiane,9,5
2933,119,359,Toute Surface,10,2
2934,119,461,Toute Surface,3,8
2935,120,237,Défensive,0,0
2936,120,573,Défensive,0,0
2937,120,886,Défensive,0,0
2938,120,491,Défensive,6,13
2939,120,428,Offensive,14,6
2940,120,774,Toute Surface,16,11
2941,120,311,Défensive,12,6
2942,120,968,Offensive,6,8
2943,120,204,Médiane,12,17
2944,120,42,Défensive,11,13
2945,120,297,Défensive,7,16
2946,120,669,Toute Surface,6,15
2947,120,578,Toute Surface,9,15
2948,120,810,Médiane,5,20
2949,120,162,Médiane,7,17
2950,120,621,Toute Surface,4,14
2951,120,115,Toute Surface,8,12
2952,120,98,Médiane,11,14
2953,120,527,Toute Surface,16,7
2954,120,646,Défensive,12,18
2955,120,793,Toute Surface,15,7
2956,120,229,Toute Surface,12,8
2957,120,269,Offensive,13,5
2958,120,359,Toute Surface,13,8
2959,120,461,Offensive,5,6
2960,121,237,Défensive,0,0
2961,121,573,Défensive,0,0
2962,121,886,Défensive,0,0
2963,121,491,Offensive,8,9
2964,121,428,Toute Surface,9,9
2965,121,774,Offensive,8,6
2966,121,311,Toute Surface,13,9
2967,121,968,Toute Surface,4,4
2968,121,204,Défensive,4,15
2969,121,42,Défensive,8,11
2970,121,297,Médiane,5,10
2971,121,669,Offensive,9,10
2972,121,578,Défensive,8,16
2973,121,810,Toute Surface,4,9
2974,121,162,Médiane,8,12
2975,121,621,Offensive,5,12
2976,121,115,Défensive,7,13
2977,121,98,Défensive,4,14
2978,121,527,Médiane,12,7
2979,121,646,Offensive,9,9
2980,121,793,Défensive,7,2
2981,121,229,Médiane,9,9
2982,121,269,Défensive,9,5
2983,121,359,Médiane,13,3
2984,121,461,Offensive,6,7
2985,122,237,Défensive,0,0
2986,122,573,Défensive,0,0
2987,122,886,Défensive,0,0
2988,122,491,Offensive,6,10
2989,122,428,Offensive,12,7
2990,122,774,Offensive,10,10
2991,122,311,Défensive,13,6
2992,122,968,Défensive,8,6
2993,122,204,Médiane,7,19
2994,122,42,Offensive,7,10
2995,122,297,Médiane,5,12
2996,122,669,Défensive,5,19
2997,122,578,Toute Surface,11,12
2998,122,810,Toute Surface,10,20
2999,122,162,Toute Surface,8,10
3000,122,621,Médiane,3,6
3001,122,115,Défensive,5,13
3002,122,98,Toute Surface,6,12
3003,122,527,Offensive,12,3
3004,122,646,Médiane,10,18
3005,122,793,Défensive,8,8
3006,122,229,Toute Surface,15,7
3007,122,269,Offensive,9,5
3008,122,359,Toute Surface,8,5
3009,122,461,Médiane,8,12
3010,123,237,Défensive,0,0
3011,123,573,Défensive,0,0
3012,123,886,Défensive,0,0
3013,123,491,Médiane,6,14
3014,123,428,Offensive,13,6
3015,123,774,Offensive,14,9
3016,123,311,Offensive,11,6
3017,123,968,Défensive,7,15
3018,123,204,Offensive,11,11
3019,123,42,Défensive,12,14
3020,123,297,Défensive,8,6
3021,123,669,Défensive,8,12
3022,123,578,Défensive,9,16
3023,123,810,Offensive,13,18
3024,123,162,Offensive,6,12
3025,123,621,Toute Surface,4,6
3026,123,115,Toute Surface,7,11
3027,123,98,Toute Surface,12,19
3028,123,527,Défensive,15,7
3029,123,646,Médiane,6,13
3030,123,793,Offensive,8,11
3031,123,229,Toute Surface,16,7
3032,123,269,Médiane,11,7
3033,123,359,Défensive,15,6
3034,123,461,Médiane,4,16
3035,124,658,Défensive,0,0
3036,124,697,Défensive,0,0
3037,124,786,Défensive,0,0
3038,124,249,Défensive,3,15
3039,124,893,Défensive,5,17
3040,124,509,Aucune,0,0
3041,124,354,Offensive,14,8
3042,124,205,Médiane,8,12
3043,124,301,Médiane,3,9
3044,124,767,Défensive,6,5
3045,124,219,Aucune,0,0
3046,124,432,Toute Surface,5,14
3047,124,879,Aucune,0,0
3048,124,164,Aucune,0,0
3049,124,242,Médiane,7,19
3050,124,261,Toute Surface,13,18
3051,124,811,Défensive,4,13
3052,124,931,Aucune,0,0
3053,124,376,Aucune,0,0
3054,124,680,Aucune,0,0
3055,124,832,Défensive,12,22
3056,124,884,Aucune,0,0
3057,124,93,Aucune,0,0
3058,124,87,Aucune,0,0
3059,124,56,Toute Surface,6,16
3060,125,658,Défensive,0,0
3061,125,697,Défensive,0,0
3062,125,786,Défensive,0,0
3063,125,249,Offensive,8,12
3064,125,893,Médiane,9,19
3065,125,509,Défensive,5,18
3066,125,354,Défensive,15,8
3067,125,205,Médiane,9,11
3068,125,301,Offensive,8,15
3069,125,767,Défensive,7,11
3070,125,219,Médiane,3,9
3071,125,432,Offensive,5,7
3072,125,879,Aucune,0,0
3073,125,164,Toute Surface,11,19
3074,125,242,Toute Surface,6,16
3075,125,261,Offensive,5,16
3076,125,811,Défensive,5,7
3077,125,931,Toute Surface,8,3
3078,125,376,Médiane,9,22
3079,125,680,Défensive,7,14
3080,125,832,Toute Surface,8,18
3081,125,884,Toute Surface,13,13
3082,125,93,Aucune,0,0
3083,125,87,Offensive,7,15
3084,125,56,Médiane,11,20
3085,126,658,Défensive,0,0
3086,126,697,Défensive,0,0
3087,126,786,Défensive,0,0
3088,126,249,Défensive,6,8
3089,126,893,Toute Surface,10,16
3090,126,509,Toute Surface,8,14
3091,126,354,Défensive,11,3
3092,126,205,Offensive,7,11
3093,126,301,Toute Surface,7,9
3094,126,767,Médiane,6,4
3095,126,219,Offensive,3,9
3096,126,432,Toute Surface,4,4
3097,126,879,Médiane,9,2
3098,126,164,Défensive,7,14
3099,126,242,Offensive,8,16
3100,126,261,Médiane,10,13
3101,126,811,Médiane,2,9
3102,126,931,Médiane,8,3
3103,126,376,Défensive,7,10
3104,126,680,Offensive,2,8
3105,126,832,Toute Surface,10,18
3106,126,884,Défensive,6,17
3107,126,93,Médiane,6,5
3108,126,87,Toute Surface,3,10
3109,126,56,Défensive,10,15
3110,127,658,Défensive,0,0
3111,127,697,Défensive,0,0
3112,127,786,Défensive,0,0
3113,127,249,Offensive,8,15
3114,127,893,Offensive,10,15
3115,127,509,Médiane,7,10
3116,127,354,Toute Surface,9,4
3117,127,205,Toute Surface,5,18
3118,127,301,Défensive,5,11
3119,127,767,Toute Surface,3,15
3120,127,219,Toute Surface,5,9
3121,127,432,Offensive,3,13
3122,127,879,Offensive,15,5
3123,127,164,Défensive,8,11
3124,127,242,Défensive,10,14
3125,127,261,Offensive,7,15
3126,127,811,Médiane,8,12
3127,127,931,Toute Surface,8,9
3128,127,376,Défensive,11,11
3129,127,680,Médiane,7,10
3130,127,832,Offensive,6,18
3131,127,884,Toute Surface,10,20
3132,127,93,Offensive,3,13
3133,127,87,Défensive,5,13
3134,127,56,Toute Surface,10,12
3135,128,658,Défensive,0,0
3136,128,697,Défensive,0,0
3137,128,786,Défensive,0,0
3138,128,249,Défensive,7,12
3139,128,893,Toute Surface,5,15
3140,128,509,Toute Surface,9,16
3141,128,354,Défensive,10,6
3142,128,205,Médiane,8,17
3143,128,301,Médiane,7,8
3144,128,767,Défensive,5,6
3145,128,219,Offensive,7,13
3146,128,432,Offensive,2,12
3147,128,879,Défensive,9,7
3148,128,164,Médiane,9,15
3149,128,242,Défensive,8,9
3150,128,261,Médiane,4,13
3151,128,811,Médiane,5,4
3152,128,931,Offensive,7,3
3153,128,376,Toute Surface,9,14
3154,128,680,Défensive,2,11
3155,128,832,Défensive,6,17
3156,128,884,Toute Surface,9,13
3157,128,93,Offensive,3,9
3158,128,87,Toute Surface,2,8
3159,128,56,Défensive,8,10
3160,129,658,Défensive,0,0
3161,129,697,Défensive,0,0
3162,129,786,Défensive,0,0
3163,129,249,Toute Surface,4,8
3164,129,893,Médiane,7,13
3165,129,509,Médiane,11,17
3166,129,354,Médiane,16,4
3167,129,205,Défensive,13,14
3168,129,301,Toute Surface,6,15
3169,129,767,Défensive,8,15
3170,129,219,Médiane,6,12
3171,129,432,Défensive,8,5
3172,129,879,Offensive,16,11
3173,129,164,Médiane,6,13
3174,129,242,Toute Surface,8,17
3175,129,261,Toute Surface,8,12
3176,129,811,Toute Surface,3,12
3177,129,931,Médiane,9,6
3178,129,376,Défensive,6,15
3179,129,680,Offensive,4,15
3180,129,832,Médiane,7,18
3181,129,884,Toute Surface,8,22
3182,129,93,Offensive,6,5
3183,129,87,Défensive,8,9
3184,129,56,Toute Surface,11,17
3185,130,658,Défensive,0,0
3186,130,697,Défensive,0,0
3187,130,786,Défensive,0,0
3188,130,249,Toute Surface,5,4
3189,130,893,Offensive,10,18
3190,130,509,Médiane,10,12
3191,130,354,Médiane,13,6
3192,130,205,Toute Surface,8,17
3193,130,301,Toute Surface,4,9
3194,130,767,Médiane,2,4
3195,130,219,Offensive,7,12
3196,130,432,Offensive,5,8
3197,130,879,Défensive,9,8
3198,130,164,Toute Surface,9,16
3199,130,242,Offensive,10,12
3200,130,261,Toute Surface,8,14
3201,130,811,Toute Surface,2,12
3202,130,931,Offensive,9,4
3203,130,376,Offensive,9,9
3204,130,680,Toute Surface,2,10
3205,130,832,Défensive,9,15
3206,130,884,Défensive,8,9
3207,130,93,Défensive,2,9
3208,130,87,Offensive,4,9
3209,130,56,Défensive,9,16
3210,131,658,Défensive,0,0
3211,131,697,Défensive,0,0
3212,131,786,Défensive,0,0
3213,131,249,Offensive,4,8
3214,131,893,Médiane,7,14
3215,131,509,Défensive,13,17
3216,131,354,Médiane,8,3
3217,131,205,Toute Surface,8,18
3218,131,301,Défensive,8,16
3219,131,767,Médiane,7,13
3220,131,219,Médiane,7,12
3221,131,432,Toute Surface,8,9
3222,131,879,Défensive,11,11
3223,131,164,Offensive,5,11
3224,131,242,Offensive,8,17
3225,131,261,Offensive,12,15
3226,131,811,Défensive,6,11
3227,131,931,Médiane,16,4
3228,131,376,Offensive,8,17
3229,131,680,Défensive,5,5
3230,131,832,Offensive,9,12
3231,131,884,Médiane,13,20
3232,131,93,Offensive,3,15
3233,131,87,Toute Surface,5,11
3234,131,56,Offensive,8,19
3235,132,658,Défensive,0,0
3236,132,697,Défensive,0,0
3237,132,786,Défensive,0,0
3238,132,249,Médiane,6,5
3239,132,893,Défensive,8,16
3240,132,509,Toute Surface,7,20
3241,132,354,Offensive,16,5
3242,132,205,Défensive,7,18
3243,132,301,Médiane,7,16
3244,132,767,Toute Surface,6,9
3245,132,219,Offensive,4,15
3246,132,432,Toute Surface,7,5
3247,132,879,Défensive,15,11
3248,132,164,Offensive,13,14
3249,132,242,Offensive,13,14
3250,132,261,Offensive,8,22
3251,132,811,Offensive,7,8
3252,132,931,Offensive,11,5
3253,132,376,Toute Surface,7,18
3254,132,680,Défensive,6,9
3255,132,832,Médiane,6,14
3256,132,884,Offensive,5,11
3257,132,93,Toute Surface,7,15
3258,132,87,Offensive,6,14
3259,132,56,Offensive,6,11
3260,133,658,Défensive,0,0
3261,133,697,Défensive,0,0
3262,133,786,Défensive,0,0
3263,133,249,Offensive,2,4
3264,133,893,Défensive,9,12
3265,133,509,Médiane,9,10
3266,133,354,Médiane,11,9
3267,133,205,Toute Surface,4,13
3268,133,301,Médiane,7,7
3269,133,767,Toute Surface,6,13
3270,133,219,Offensive,7,13
3271,133,432,Médiane,4,10
3272,133,879,Médiane,9,2
3273,133,164,Offensive,4,11
3274,133,242,Toute Surface,9,18
3275,133,261,Défensive,8,13
3276,133,811,Toute Surface,3,11
3277,133,931,Toute Surface,8,2
3278,133,376,Toute Surface,7,13
3279,133,680,Défensive,5,9
3280,133,832,Offensive,10,12
3281,133,884,Défensive,4,16
3282,133,93,Offensive,7,9
3283,133,87,Offensive,7,9
3284,133,56,Toute Surface,8,16
3285,134,658,Défensive,0,0
3286,134,697,Défensive,0,0
3287,134,786,Défensive,0,0
3288,134,249,Offensive,3,16
3289,134,893,Offensive,7,18
3290,134,509,Médiane,8,11
3291,134,354,Offensive,9,3
3292,134,205,Médiane,11,15
3293,134,301,Médiane,7,5
3294,134,767,Toute Surface,5,6
3295,134,219,Offensive,3,8
3296,134,432,Toute Surface,4,7
3297,134,879,Offensive,14,7
3298,134,164,Offensive,7,20
3299,134,242,Offensive,11,11
3300,134,261,Toute Surface,6,19
3301,134,811,Toute Surface,5,16
3302,134,931,Offensive,8,5
3303,134,376,Défensive,9,11
3304,134,680,Offensive,8,6
3305,134,832,Offensive,9,16
3306,134,884,Défensive,9,20
3307,134,93,Toute Surface,7,16
3308,134,87,Défensive,5,16
3309,134,56,Défensive,11,20
3310,135,658,Défensive,0,0
3311,135,697,Défensive,0,0
3312,135,786,Défensive,0,0
3313,135,249,Toute Surface,6,8
3314,135,893,Offensive,10,18
3315,135,509,Médiane,7,9
3316,135,354,Offensive,9,6
3317,135,205,Médiane,4,17
3318,135,301,Médiane,5,5
3319,135,767,Défensive,3,9
3320,135,219,Défensive,3,7
3321,135,432,Médiane,2,13
3322,135,879,Toute Surface,7,7
3323,135,164,Défensive,6,12
3324,135,242,Médiane,6,11
3325,135,261,Offensive,6,13
3326,135,811,Médiane,6,11
3327,135,931,Médiane,7,7
3328,135,376,Offensive,10,17
3329,135,680,Médiane,4,6
3330,135,832,Médiane,9,14
3331,135,884,Toute Surface,9,16
3332,135,93,Offensive,7,9
3333,135,87,Défensive,3,5
3334,135,56,Médiane,9,13
3335,136,658,Défensive,0,0
3336,136,697,Défensive,0,0
3337,136,786,Défensive,0,0
3338,136,249,Défensive,5,16
3339,136,893,Toute Surface,6,16
3340,136,509,Défensive,13,13
3341,136,354,Médiane,14,7
3342,136,205,Toute Surface,12,14
3343,136,301,Médiane,7,13
3344,136,767,Médiane,5,5
3345,136,219,Offensive,4,6
3346,136,432,Médiane,3,13
3347,136,879,Défensive,12,9
3348,136,164,Offensive,11,19
3349,136,242,Défensive,7,20
3350,136,261,Toute Surface,11,14
3351,136,811,Défensive,5,12
3352,136,931,Médiane,12,7
3353,136,376,Défensive,8,16
3354,136,680,Défensive,8,11
3355,136,832,Médiane,7,19
3356,136,884,Défensive,11,18
3357,136,93,Défensive,8,13
3358,136,87,Médiane,5,9
3359,136,56,Défensive,13,11
3360,137,658,Défensive,0,0
3361,137,697,Défensive,0,0
3362,137,786,Défensive,0,0
3363,137,249,Médiane,7,5
3364,137,893,Défensive,4,16
3365,137,509,Offensive,8,17
3366,137,354,Toute Surface,12,4
3367,137,205,Offensive,6,12
3368,137,301,Défensive,5,8
3369,137,767,Toute Surface,6,6
3370,137,219,Offensive,7,10
3371,137,432,Défensive,7,13
3372,137,879,Toute Surface,9,5
3373,137,164,Toute Surface,9,11
3374,137,242,Médiane,4,9
3375,137,261,Offensive,8,16
3376,137,811,Toute Surface,5,9
3377,137,931,Offensive,9,9
3378,137,376,Toute Surface,8,18
3379,137,680,Toute Surface,5,6
3380,137,832,Offensive,8,15
3381,137,884,Toute Surface,9,9
3382,137,93,Médiane,6,7
3383,137,87,Médiane,2,13
3384,137,56,Toute Surface,9,11
3385,138,658,Défensive,0,0
3386,138,697,Défensive,0,0
3387,138,786,Défensive,0,0
3388,138,249,Toute Surface,4,8
3389,138,893,Toute Surface,4,12
3390,138,509,Défensive,6,10
3391,138,354,Défensive,11,4
3392,138,205,Médiane,8,17
3393,138,301,Médiane,5,13
3394,138,767,Offensive,5,9
3395,138,219,Médiane,5,12
3396,138,432,Défensive,7,13
3397,138,879,Médiane,9,3
3398,138,164,Défensive,4,9
3399,138,242,Offensive,9,15
3400,138,261,Toute Surface,8,12
3401,138,811,Médiane,7,11
3402,138,931,Défensive,9,3
3403,138,376,Toute Surface,10,17
3404,138,680,Offensive,3,9
3405,138,832,Médiane,8,15
3406,138,884,Défensive,10,15
3407,138,93,Défensive,4,5
3408,138,87,Médiane,7,8
3409,138,56,Médiane,9,11
3410,139,658,Défensive,0,0
3411,139,697,Défensive,0,0
3412,139,786,Défensive,0,0
3413,139,249,Médiane,7,12
3414,139,893,Défensive,12,11
3415,139,509,Offensive,5,13
3416,139,354,Toute Surface,14,6
3417,139,205,Médiane,11,14
3418,139,301,Médiane,7,14
3419,139,767,Toute Surface,8,5
3420,139,219,Offensive,6,9
3421,139,432,Défensive,4,8
3422,139,879,Défensive,14,9
3423,139,164,Offensive,5,16
3424,139,242,Toute Surface,12,12
3425,139,261,Médiane,7,14
3426,139,811,Défensive,3,15
3427,139,931,Toute Surface,13,3
3428,139,376,Toute Surface,7,17
3429,139,680,Défensive,7,11
3430,139,832,Toute Surface,7,20
3431,139,884,Médiane,5,17
3432,139,93,Médiane,7,12
3433,139,87,Défensive,7,10
3434,139,56,Offensive,6,17
3435,140,658,Défensive,0,0
3436,140,697,Défensive,0,0
3437,140,786,Défensive,0,0
3438,140,249,Offensive,7,16
3439,140,893,Médiane,8,19
3440,140,509,Offensive,7,14
3441,140,354,Défensive,11,5
3442,140,205,Médiane,5,17
3443,140,301,Toute Surface,8,8
3444,140,767,Toute Surface,6,12
3445,140,219,Offensive,7,14
3446,140,432,Offensive,7,7
3447,140,879,Offensive,9,8
3448,140,164,Médiane,11,12
3449,140,242,Médiane,13,15
3450,140,261,Défensive,6,12
3451,140,811,Offensive,8,16
3452,140,931,Toute Surface,11,9
3453,140,376,Offensive,12,22
3454,140,680,Défensive,3,12
3455,140,832,Toute Surface,9,14
3456,140,884,Défensive,7,14
3457,140,93,Médiane,7,7
3458,140,87,Défensive,8,12
3459,140,56,Toute Surface,8,19
3460,141,658,Défensive,0,0
3461,141,697,Défensive,0,0
3462,141,786,Défensive,0,0
3463,141,249,Toute Surface,5,12
3464,141,893,Médiane,11,11
3465,141,509,Offensive,11,15
3466,141,354,Offensive,12,8
3467,141,205,Médiane,11,15
3468,141,301,Offensive,8,6
3469,141,767,Offensive,6,8
3470,141,219,Offensive,3,11
3471,141,432,Médiane,4,14
3472,141,879,Médiane,16,5
3473,141,164,Offensive,12,18
3474,141,242,Toute Surface,8,12
3475,141,261,Toute Surface,9,16
3476,141,811,Offensive,7,9
3477,141,931,Défensive,8,3
3478,141,376,Défensive,11,18
3479,141,680,Offensive,8,16
3480,141,832,Défensive,11,18
3481,141,884,Offensive,8,15
3482,141,93,Défensive,5,13
3483,141,87,Médiane,6,12
3484,141,56,Toute Surface,9,19
3485,142,658,Défensive,0,0
3486,142,697,Défensive,0,0
3487,142,786,Défensive,0,0
3488,142,249,Médiane,5,7
3489,142,893,Défensive,11,14
3490,142,509,Offensive,11,16
3491,142,354,Médiane,15,3
3492,142,205,Offensive,5,16
3493,142,301,Toute Surface,4,6
3494,142,767,Toute Surface,4,6
3495,142,219,Médiane,7,9
3496,142,432,Toute Surface,5,10
3497,142,879,Offensive,8,3
3498,142,164,Offensive,10,10
3499,142,242,Défensive,12,13
3500,142,261,Toute Surface,9,18
3501,142,811,Défensive,3,15
3502,142,931,Toute Surface,8,5
3503,142,376,Défensive,11,12
3504,142,680,Offensive,5,8
3505,142,832,Défensive,11,16
3506,142,884,Défensive,9,18
3507,142,93,Offensive,8,6
3508,142,87,Médiane,4,5
3509,142,56,Offensive,7,12
3510,143,658,Défensive,0,0
3511,143,697,Défensive,0,0
3512,143,786,Défensive,0,0
3513,143,249,Médiane,6,9
3514,143,893,Médiane,4,13
3515,143,509,Médiane,9,9
3516,143,354,Médiane,13,5
3517,143,205,Toute Surface,10,12
3518,143,301,Médiane,6,4
3519,143,767,Toute Surface,3,11
3520,143,219,Offensive,7,8
3521,143,432,Offensive,7,9
3522,143,879,Médiane,10,6
3523,143,164,Médiane,9,16
3524,143,242,Défensive,5,9
3525,143,261,Médiane,4,17
3526,143,811,Défensive,5,5
3527,143,931,Défensive,11,2
3528,143,376,Défensive,7,14
3529,143,680,Défensive,7,13
3530,143,832,Offensive,4,15
3531,143,884,Toute Surface,4,9
3532,143,93,Offensive,2,12
3533,143,87,Offensive,2,4
3534,143,56,Toute Surface,9,16
3535,144,658,Défensive,0,0
3536,144,697,Défensive,0,0
3537,144,786,Défensive,0,0
3538,144,249,Médiane,5,5
3539,144,893,Offensive,9,11
3540,144,509,Toute Surface,10,13
3541,144,354,Offensive,11,5
3542,144,205,Médiane,6,16
3543,144,301,Toute Surface,3,4
3544,144,767,Offensive,5,13
3545,144,219,Défensive,5,10
3546,144,432,Défensive,6,10
3547,144,879,Médiane,10,9
3548,144,164,Toute Surface,9,11
3549,144,242,Offensive,5,10
3550,144,261,Toute Surface,10,9
3551,144,811,Offensive,5,7
3552,144,931,Toute Surface,13,4
3553,144,376,Toute Surface,7,9
3554,144,680,Toute Surface,3,12
3555,144,832,Défensive,5,16
3556,144,884,Médiane,9,14
3557,144,93,Médiane,2,5
3558,144,87,Médiane,6,12
3559,144,56,Défensive,10,15
3560,145,658,Défensive,0,0
3561,145,697,Défensive,0,0
3562,145,786,Défensive,0,0
3563,145,249,Défensive,8,13
3564,145,893,Toute Surface,6,14
3565,145,509,Toute Surface,11,10
3566,145,354,Toute Surface,8,5
3567,145,205,Toute Surface,7,14
3568,145,301,Offensive,7,15
3569,145,767,Défensive,6,13
3570,145,219,Médiane,5,8
3571,145,432,Défensive,8,7
3572,145,879,Médiane,15,4
3573,145,164,Défensive,7,13
3574,145,242,Médiane,6,10
3575,145,261,Défensive,11,13
3576,145,811,Médiane,7,6
3577,145,931,Médiane,10,9
3578,145,376,Médiane,5,11
3579,145,680,Médiane,5,7
3580,145,832,Médiane,7,11
3581,145,884,Médiane,10,16
3582,145,93,Toute Surface,8,12
3583,145,87,Toute Surface,6,14
3584,145,56,Toute Surface,8,10
3585,146,658,Défensive,0,0
3586,146,697,Défensive,0,0
3587,146,786,Défensive,0,0
3588,146,249,Toute Surface,7,5
3589,146,893,Toute Surface,11,13
3590,146,509,Défensive,5,16
3591,146,354,Toute Surface,9,5
3592,146,205,Défensive,12,12
3593,146,301,Offensive,6,8
3594,146,767,Médiane,4,6
3595,146,219,Offensive,7,5
3596,146,432,Médiane,6,5
3597,146,879,Offensive,10,5
3598,146,164,Toute Surface,5,12
3599,146,242,Médiane,7,12
3600,146,261,Défensive,10,14
3601,146,811,Toute Surface,5,9
3602,146,931,Toute Surface,13,10
3603,146,376,Médiane,10,18
3604,146,680,Défensive,8,9
3605,146,832,Offensive,9,12
3606,146,884,Offensive,6,13
3607,146,93,Offensive,3,15
3608,146,87,Défensive,3,6
3609,146,56,Défensive,8,10
3610,147,658,Défensive,0,0
3611,147,697,Défensive,0,0
3612,147,786,Défensive,0,0
3613,147,249,Médiane,6,10
3614,147,893,Offensive,9,16
3615,147,509,Médiane,6,10
3616,147,354,Défensive,10,2
3617,147,205,Offensive,5,9
3618,147,301,Défensive,3,9
3619,147,767,Offensive,5,10
3620,147,219,Médiane,2,13
3621,147,432,Offensive,6,10
3622,147,879,Médiane,13,6
3623,147,164,Défensive,10,18
3624,147,242,Toute Surface,10,9
3625,147,261,Défensive,9,17
3626,147,811,Offensive,5,9
3627,147,931,Toute Surface,7,8
3628,147,376,Médiane,9,18
3629,147,680,Médiane,7,6
3630,147,832,Offensive,9,15
3631,147,884,Médiane,9,16
3632,147,93,Toute Surface,2,12
3633,147,87,Médiane,6,5
3634,147,56,Médiane,9,12
3635,148,658,Défensive,0,0
3636,148,697,Défensive,0,0
3637,148,786,Défensive,0,0
3638,148,249,Toute Surface,4,11
3639,148,893,Offensive,11,15
3640,148,509,Défensive,7,19
3641,148,354,Offensive,9,7
3642,148,205,Défensive,9,19
3643,148,301,Défensive,3,13
3644,148,767,Médiane,8,7
3645,148,219,Défensive,6,7
3646,148,432,Toute Surface,8,14
3647,148,879,Défensive,10,10
3648,148,164,Toute Surface,10,10
3649,148,242,Offensive,5,13
3650,148,261,Défensive,5,20
3651,148,811,Défensive,5,12
3652,148,931,Défensive,12,6
3653,148,376,Défensive,6,16
3654,148,680,Défensive,4,12
3655,148,832,Toute Surface,9,11
3656,148,884,Toute Surface,5,11
3657,148,93,Médiane,5,12
3658,148,87,Toute Surface,6,15
3659,148,56,Offensive,9,14
3660,149,658,Défensive,0,0
3661,149,697,Défensive,0,0
3662,149,786,Défensive,0,0
3663,149,249,Offensive,6,12
3664,149,893,Offensive,9,14
3665,149,509,Toute Surface,8,9
3666,149,354,Toute Surface,13,5
3667,149,205,Défensive,9,14
3668,149,301,Toute Surface,5,7
3669,149,767,Défensive,6,9
3670,149,219,Toute Surface,5,7
3671,149,432,Offensive,2,12
3672,149,879,Médiane,10,3
3673,149,164,Médiane,8,12
3674,149,242,Défensive,6,14
3675,149,261,Défensive,10,18
3676,149,811,Médiane,7,11
3677,149,931,Défensive,8,8
3678,149,376,Médiane,4,9
3679,149,680,Toute Surface,5,10
3680,149,832,Offensive,9,9
3681,149,884,Défensive,9,18
3682,149,93,Toute Surface,2,12
3683,149,87,Défensive,4,10
3684,149,56,Défensive,7,15
3685,150,658,Défensive,0,0
3686,150,697,Défensive,0,0
3687,150,786,Défensive,0,0
3688,150,249,Défensive,6,11
3689,150,893,Offensive,5,10
3690,150,509,Défensive,8,13
3691,150,354,Toute Surface,12,3
3692,150,205,Toute Surface,9,10
3693,150,301,Défensive,5,8
3694,150,767,Défensive,3,5
3695,150,219,Médiane,6,9
3696,150,432,Offensive,6,9
3697,150,879,Toute Surface,8,7
3698,150,164,Offensive,9,13
3699,150,242,Défensive,8,13
3700,150,261,Toute Surface,9,15
3701,150,811,Défensive,5,8
3702,150,931,Médiane,9,3
3703,150,376,Médiane,9,12
3704,150,680,Toute Surface,7,9
3705,150,832,Toute Surface,11,19
3706,150,884,Offensive,5,14
3707,150,93,Offensive,4,13
3708,150,87,Toute Surface,4,13
3709,150,56,Médiane,12,17
3710,151,658,Défensive,0,0
3711,151,697,Défensive,0,0
3712,151,786,Défensive,0,0
3713,151,249,Médiane,7,9
3714,151,893,Médiane,9,15
3715,151,509,Défensive,5,16
3716,151,354,Offensive,7,4
3717,151,205,Toute Surface,5,11
3718,151,301,Médiane,7,10
3719,151,767,Offensive,7,13
3720,151,219,Médiane,5,10
3721,151,432,Médiane,5,7
3722,151,879,Offensive,7,6
3723,151,164,Toute Surface,6,9
3724,151,242,Offensive,9,14
3725,151,261,Défensive,6,11
3726,151,811,Offensive,6,4
3727,151,931,Défensive,7,4
3728,151,376,Toute Surface,9,15
3729,151,680,Médiane,6,9
3730,151,832,Défensive,6,12
3731,151,884,Offensive,8,18
3732,151,93,Toute Surface,4,9
3733,151,87,Offensive,7,6
3734,151,56,Toute Surface,10,18
3735,152,658,Défensive,0,0
3736,152,697,Défensive,0,0
3737,152,786,Défensive,0,0
3738,152,249,Défensive,4,10
3739,152,893,Toute Surface,5,15
3740,152,509,Défensive,7,17
3741,152,354,Défensive,9,9
3742,152,205,Médiane,9,16
3743,152,301,Défensive,5,5
3744,152,767,Toute Surface,5,7
3745,152,219,Toute Surface,6,8
3746,152,432,Toute Surface,4,5
3747,152,879,Défensive,9,9
3748,152,164,Défensive,5,16
3749,152,242,Offensive,5,13
3750,152,261,Médiane,9,11
3751,152,811,Toute Surface,6,13
3752,152,931,Toute Surface,11,8
3753,152,376,Offensive,6,16
3754,152,680,Défensive,7,4
3755,152,832,Défensive,10,14
3756,152,884,Toute Surface,9,17
3757,152,93,Défensive,2,9
3758,152,87,Toute Surface,4,8
3759,152,56,Offensive,4,17
3760,153,658,Défensive,0,0
3761,153,697,Défensive,0,0
3762,153,786,Défensive,0,0
3763,153,249,Toute Surface,6,12
3764,153,893,Toute Surface,11,15
3765,153,509,Offensive,8,17
3766,153,354,Défensive,11,9
3767,153,205,Médiane,9,22
3768,153,301,Offensive,6,7
3769,153,767,Défensive,3,13
3770,153,219,Médiane,4,6
3771,153,432,Toute Surface,6,7
3772,153,879,Médiane,11,5
3773,153,164,Toute Surface,8,11
3774,153,242,Médiane,9,20
3775,153,261,Offensive,7,22
3776,153,811,Offensive,5,16
3777,153,931,Offensive,9,4
3778,153,376,Défensive,12,14
3779,153,680,Toute Surface,5,5
3780,153,832,Toute Surface,13,17
3781,153,884,Offensive,11,19
3782,153,93,Toute Surface,4,7
3783,153,87,Médiane,8,7
3784,153,56,Toute Surface,5,12
3785,154,658,Défensive,0,0
3786,154,697,Défensive,0,0
3787,154,786,Défensive,0,0
3788,154,249,Défensive,5,14
3789,154,893,Médiane,12,14
3790,154,509,Toute Surface,11,20
3791,154,354,Toute Surface,13,3
3792,154,205,Défensive,11,12
3793,154,301,Médiane,5,15
3794,154,767,Défensive,4,15
3795,154,219,Offensive,4,6
3796,154,432,Médiane,4,6
3797,154,879,Défensive,11,11
3798,154,164,Défensive,7,12
3799,154,242,Médiane,7,19
3800,154,261,Défensive,5,12
3801,154,811,Toute Surface,5,6
3802,154,931,Médiane,16,7
3803,154,376,Défensive,5,13
3804,154,680,Offensive,4,12
3805,154,832,Toute Surface,11,22
3806,154,884,Toute Surface,9,18
3807,154,93,Offensive,8,11
3808,154,87,Toute Surface,3,16
3809,154,56,Médiane,7,15
3810,155,658,Défensive,0,0
3811,155,697,Défensive,0,0
3812,155,786,Défensive,0,0
3813,155,249,Offensive,7,12
3814,155,893,Offensive,5,16
3815,155,509,Toute Surface,9,15
3816,155,354,Toute Surface,8,11
3817,155,205,Médiane,7,18
3818,155,301,Médiane,7,9
3819,155,767,Médiane,8,16
3820,155,219,Toute Surface,4,13
3821,155,432,Médiane,8,5
3822,155,879,Défensive,15,5
3823,155,164,Médiane,7,20
3824,155,242,Offensive,11,16
3825,155,261,Toute Surface,12,19
3826,155,811,Offensive,6,6
3827,155,931,Médiane,8,8
3828,155,376,Défensive,5,20
3829,155,680,Offensive,8,9
3830,155,832,Médiane,6,16
3831,155,884,Toute Surface,12,14
3832,155,93,Offensive,5,7
3833,155,87,Toute Surface,8,11
3834,155,56,Offensive,7,13
3835,156,658,Défensive,0,0
3836,156,697,Défensive,0,0
3837,156,786,Défensive,0,0
3838,156,249,Offensive,2,4
3839,156,893,Toute Surface,8,11
3840,156,509,Toute Surface,9,15
3841,156,354,Médiane,7,9
3842,156,205,Toute Surface,6,9
3843,156,301,Médiane,6,11
3844,156,767,Médiane,6,9
3845,156,219,Médiane,6,9
3846,156,432,Défensive,3,11
3847,156,879,Toute Surface,8,3
3848,156,164,Défensive,5,11
3849,156,242,Médiane,9,18
3850,156,261,Défensive,4,10
3851,156,811,Offensive,5,5
3852,156,931,Défensive,8,2
3853,156,376,Offensive,7,15
3854,156,680,Médiane,7,8
3855,156,832,Médiane,5,10
3856,156,884,Offensive,9,14
3857,156,93,Offensive,7,12
3858,156,87,Toute Surface,4,4
3859,156,56,Défensive,6,16
3860,157,658,Défensive,0,0
3861,157,697,Défensive,0,0
3862,157,786,Défensive,0,0
3863,157,249,Médiane,3,9
3864,157,893,Offensive,10,9
3865,157,509,Offensive,5,9
3866,157,354,Médiane,9,4
3867,157,205,Offensive,10,16
3868,157,301,Défensive,4,10
3869,157,767,Médiane,3,11
3870,157,219,Toute Surface,6,9
3871,157,432,Défensive,3,7
3872,157,879,Défensive,13,8
3873,157,164,Toute Surface,10,13
3874,157,242,Offensive,10,9
3875,157,261,Médiane,4,18
3876,157,811,Toute Surface,6,8
3877,157,931,Médiane,9,2
3878,157,376,Médiane,9,14
3879,157,680,Défensive,7,6
3880,157,832,Offensive,7,9
3881,157,884,Toute Surface,9,9
3882,157,93,Médiane,4,11
3883,157,87,Offensive,3,5
3884,157,56,Toute Surface,9,18
3885,158,658,Défensive,0,0
3886,158,697,Défensive,0,0
3887,158,786,Défensive,0,0
3888,158,249,Médiane,3,14
3889,158,893,Défensive,5,22
3890,158,509,Toute Surface,6,14
3891,158,354,Toute Surface,15,8
3892,158,205,Toute Surface,8,14
3893,158,301,Défensive,3,15
3894,158,767,Défensive,3,9
3895,158,219,Défensive,6,14
3896,158,432,Médiane,6,6
3897,158,879,Toute Surface,13,8
3898,158,164,Médiane,11,16
3899,158,242,Médiane,13,19
3900,158,261,Médiane,13,19
3901,158,811,Médiane,4,12
3902,158,931,Toute Surface,9,6
3903,158,376,Médiane,12,11
3904,158,680,Médiane,8,15
3905,158,832,Toute Surface,12,11
3906,158,884,Médiane,11,14
3907,158,93,Défensive,4,9
3908,158,87,Défensive,4,6
3909,158,56,Offensive,5,16
3910,159,658,Défensive,0,0
3911,159,697,Défensive,0,0
3912,159,786,Défensive,0,0
3913,159,249,Offensive,4,12
3914,159,893,Médiane,7,14
3915,159,509,Toute Surface,12,20
3916,159,354,Médiane,16,6
3917,159,205,Médiane,5,19
3918,159,301,Toute Surface,3,8
3919,159,767,Toute Surface,8,12
3920,159,219,Défensive,3,13
3921,159,432,Offensive,8,6
3922,159,879,Toute Surface,15,9
3923,159,164,Défensive,9,18
3924,159,242,Offensive,11,22
3925,159,261,Offensive,13,15
3926,159,811,Médiane,3,9
3927,159,931,Médiane,16,5
3928,159,376,Médiane,13,18
3929,159,680,Toute Surface,6,6
3930,159,832,Toute Surface,12,19
3931,159,884,Défensive,6,17
3932,159,93,Offensive,6,11
3933,159,87,Médiane,6,9
3934,159,56,Toute Surface,13,11
3935,160,658,Défensive,0,0
3936,160,697,Défensive,0,0
3937,160,786,Défensive,0,0
3938,160,249,Toute Surface,2,7
3939,160,893,Offensive,7,13
3940,160,509,Défensive,7,10
3941,160,354,Offensive,13,9
3942,160,205,Toute Surface,9,15
3943,160,301,Offensive,4,11
3944,160,767,Médiane,6,11
3945,160,219,Médiane,6,10
3946,160,432,Offensive,4,10
3947,160,879,Médiane,13,4
3948,160,164,Défensive,5,13
3949,160,242,Toute Surface,9,15
3950,160,261,Défensive,5,15
3951,160,811,Défensive,4,9
3952,160,931,Offensive,10,2
3953,160,376,Défensive,5,9
3954,160,680,Toute Surface,2,10
3955,160,832,Défensive,7,15
3956,160,884,Offensive,4,14
3957,160,93,Toute Surface,7,7
3958,160,87,Médiane,4,6
3959,160,56,Toute Surface,10,14
3960,161,658,Défensive,0,0
3961,161,697,Défensive,0,0
3962,161,786,Défensive,0,0
3963,161,249,Défensive,6,11
3964,161,893,Défensive,10,10
3965,161,509,Offensive,9,17
3966,161,354,Toute Surface,9,6
3967,161,205,Toute Surface,8,15
3968,161,301,Toute Surface,3,7
3969,161,767,Offensive,2,13
3970,161,219,Médiane,7,6
3971,161,432,Défensive,7,13
3972,161,879,Médiane,8,6
3973,161,164,Toute Surface,10,11
3974,161,242,Médiane,5,11
3975,161,261,Toute Surface,10,13
3976,161,811,Offensive,3,6
3977,161,931,Offensive,9,3
3978,161,376,Toute Surface,9,13
3979,161,680,Défensive,2,5
3980,161,832,Offensive,6,15
3981,161,884,Médiane,8,11
3982,161,93,Défensive,7,11
3983,161,87,Offensive,3,8
3984,161,56,Défensive,5,14
3985,162,658,Défensive,0,0
3986,162,697,Défensive,0,0
3987,162,786,Défensive,0,0
3988,162,249,Défensive,6,8
3989,162,893,Médiane,6,11
3990,162,509,Défensive,8,19
3991,162,354,Défensive,9,5
3992,162,205,Toute Surface,13,15
3993,162,301,Toute Surface,8,7
3994,162,767,Offensive,6,12
3995,162,219,Médiane,7,7
3996,162,432,Offensive,3,9
3997,162,879,Toute Surface,14,5
3998,162,164,Médiane,13,14
3999,162,242,Offensive,8,15
4000,162,261,Médiane,12,22
4001,162,811,Offensive,8,12
4002,162,931,Défensive,12,4
4003,162,376,Défensive,11,12
4004,162,680,Toute Surface,4,6
4005,162,832,Défensive,8,12
4006,162,884,Toute Surface,8,20
4007,162,93,Offensive,8,6
4008,162,87,Toute Surface,3,11
4009,162,56,Défensive,7,13
4010,163,658,Défensive,0,0
4011,163,697,Défensive,0,0
4012,163,786,Défensive,0,0
4013,163,249,Toute Surface,8,6
4014,163,893,Offensive,8,17
4015,163,509,Défensive,7,19
4016,163,354,Toute Surface,12,11
4017,163,205,Défensive,7,17
4018,163,301,Toute Surface,7,9
4019,163,767,Toute Surface,8,7
4020,163,219,Offensive,7,13
4021,163,432,Offensive,6,15
4022,163,879,Toute Surface,8,8
4023,163,164,Offensive,5,13
4024,163,242,Défensive,8,15
4025,163,261,Médiane,12,22
4026,163,811,Offensive,6,8
4027,163,931,Défensive,13,9
4028,163,376,Défensive,7,17
4029,163,680,Défensive,5,11
4030,163,832,Médiane,7,18
4031,163,884,Offensive,13,11
4032,163,93,Défensive,4,8
4033,163,87,Offensive,4,9
4034,163,56,Offensive,9,17
4035,164,658,Défensive,0,0
4036,164,697,Défensive,0,0
4037,164,786,Défensive,0,0
4038,164,249,Offensive,4,9
4039,164,893,Défensive,7,13
4040,164,509,Toute Surface,5,15
4041,164,354,Toute Surface,9,2
4042,164,205,Défensive,6,16
4043,164,301,Médiane,7,9
4044,164,767,Défensive,3,4
4045,164,219,Toute Surface,2,13
4046,164,432,Médiane,3,13
4047,164,879,Toute Surface,8,5
4048,164,164,Toute Surface,8,17
4049,164,242,Offensive,6,16
4050,164,261,Toute Surface,8,9
4051,164,811,Toute Surface,4,8
4052,164,931,Défensive,9,8
4053,164,376,Médiane,7,15
4054,164,680,Médiane,7,5
4055,164,832,Médiane,6,16
4056,164,884,Défensive,7,17
4057,164,93,Offensive,2,13
4058,164,87,Défensive,2,9
4059,164,56,Défensive,6,10
4060,165,658,Défensive,0,0
4061,165,697,Défensive,0,0
4062,165,786,Défensive,0,0
4063,165,249,Toute Surface,8,11
4064,165,893,Médiane,13,12
4065,165,509,Médiane,6,11
4066,165,354,Toute Surface,9,11
4067,165,205,Offensive,8,16
4068,165,301,Défensive,8,5
4069,165,767,Offensive,8,11
4070,165,219,Offensive,7,16
4071,165,432,Défensive,6,9
4072,165,879,Toute Surface,15,8
4073,165,164,Offensive,11,16
4074,165,242,Toute Surface,13,22
4075,165,261,Défensive,9,20
4076,165,811,Toute Surface,5,16
4077,165,931,Offensive,14,9
4078,165,376,Défensive,12,12
4079,165,680,Offensive,4,16
4080,165,832,Défensive,6,22
4081,165,884,Défensive,8,18
4082,165,93,Médiane,8,5
4083,165,87,Médiane,3,5
4084,165,56,Toute Surface,5,15
4085,166,658,Défensive,0,0
4086,166,697,Défensive,0,0
4087,166,786,Défensive,0,0
4088,166,249,Toute Surface,5,8
4089,166,893,Toute Surface,5,22
4090,166,509,Offensive,8,17
4091,166,354,Défensive,13,7
4092,166,205,Toute Surface,7,19
4093,166,301,Médiane,4,11
4094,166,767,Toute Surface,4,15
4095,166,219,Médiane,8,7
4096,166,432,Médiane,7,15
4097,166,879,Toute Surface,8,9
4098,166,164,Médiane,5,16
4099,166,242,Offensive,6,14
4100,166,261,Médiane,5,18
4101,166,811,Médiane,3,6
4102,166,931,Offensive,11,7
4103,166,376,Offensive,12,12
4104,166,680,Toute Surface,4,5
4105,166,832,Défensive,6,18
4106,166,884,Médiane,11,12
4107,166,93,Défensive,7,15
4108,166,87,Offensive,8,6
4109,166,56,Toute Surface,5,11
4110,167,658,Défensive,0,0
4111,167,697,Défensive,0,0
4112,167,786,Défensive,0,0
4113,167,249,Toute Surface,4,14
4114,167,893,Toute Surface,9,15
4115,167,509,Offensive,10,11
4116,167,354,Offensive,12,7
4117,167,205,Toute Surface,5,16
4118,167,301,Défensive,5,11
4119,167,767,Offensive,6,5
4120,167,219,Médiane,5,11
4121,167,432,Offensive,4,8
4122,167,879,Défensive,11,7
4123,167,164,Médiane,11,10
4124,167,242,Médiane,6,13
4125,167,261,Toute Surface,11,16
4126,167,811,Défensive,4,5
4127,167,931,Toute Surface,11,9
4128,167,376,Défensive,7,11
4129,167,680,Défensive,3,12
4130,167,832,Défensive,7,19
4131,167,884,Toute Surface,8,16
4132,167,93,Médiane,6,10
4133,167,87,Toute Surface,3,13
4134,167,56,Toute Surface,10,20
4135,168,658,Défensive,0,0
4136,168,697,Défensive,0,0
4137,168,786,Défensive,0,0
4138,168,249,Offensive,4,9
4139,168,893,Médiane,10,11
4140,168,509,Médiane,4,9
4141,168,354,Offensive,11,9
4142,168,205,Médiane,7,16
4143,168,301,Défensive,3,4
4144,168,767,Offensive,7,8
4145,168,219,Médiane,2,9
4146,168,432,Défensive,3,9
4147,168,879,Offensive,11,7
4148,168,164,Toute Surface,9,11
4149,168,242,Médiane,9,11
4150,168,261,Médiane,4,18
4151,168,811,Défensive,3,11
4152,168,931,Médiane,11,3
4153,168,376,Médiane,5,17
4154,168,680,Offensive,2,8
4155,168,832,Offensive,9,17
4156,168,884,Médiane,8,9
4157,168,93,Médiane,6,11
4158,168,87,Toute Surface,3,9
4159,168,56,Défensive,5,15
4160,169,97,Aucune,0,0
4161,169,489,Défensive,0,0
4162,169,567,Défensive,0,0
4163,169,188,Défensive,16,7
4164,169,286,Toute Surface,8,11
4165,169,628,Médiane,11,19
4166,169,313,Médiane,7,13
4167,169,588,Médiane,12,3
4168,169,145,Aucune,0,0
4169,169,654,Aucune,0,0
4170,169,236,Aucune,0,0
4171,169,917,Toute Surface,6,8
4172,169,79,Aucune,0,0
4173,169,316,Défensive,5,18
4174,169,565,Médiane,11,8
4175,169,260,Aucune,0,0
4176,169,550,Médiane,6,15
4177,169,104,Aucune,0,0
4178,169,472,Aucune,0,0
4179,169,906,Aucune,0,0
4180,169,469,Médiane,7,13
4181,169,47,Aucune,0,0
4182,169,871,Médiane,7,8
4183,169,561,Offensive,5,20
4184,169,657,Médiane,8,16
4185,170,97,Aucune,0,0
4186,170,489,Défensive,0,0
4187,170,567,Défensive,0,0
4188,170,188,Médiane,8,3
4189,170,286,Toute Surface,7,11
4190,170,628,Défensive,7,20
4191,170,313,Toute Surface,5,11
4192,170,588,Offensive,9,3
4193,170,145,Aucune,0,0
4194,170,654,Défensive,15,7
4195,170,236,Défensive,9,19
4196,170,917,Médiane,6,15
4197,170,79,Défensive,3,15
4198,170,316,Toute Surface,8,20
4199,170,565,Défensive,13,6
4200,170,260,Aucune,0,0
4201,170,550,Toute Surface,5,13
4202,170,104,Aucune,0,0
4203,170,472,Médiane,8,11
4204,170,906,Défensive,5,18
4205,170,469,Toute Surface,13,20
4206,170,47,Aucune,0,0
4207,170,871,Défensive,7,13
4208,170,561,Toute Surface,12,15
4209,170,657,Défensive,8,7
4210,171,97,Défensive,0,0
4211,171,489,Défensive,0,0
4212,171,567,Défensive,0,0
4213,171,188,Défensive,11,3
4214,171,286,Offensive,5,7
4215,171,628,Toute Surface,12,14
4216,171,313,Médiane,5,10
4217,171,588,Toute Surface,11,3
4218,171,145,Défensive,10,4
4219,171,654,Toute Surface,8,9
4220,171,236,Défensive,7,14
4221,171,917,Offensive,7,9
4222,171,79,Offensive,7,8
4223,171,316,Offensive,5,12
4224,171,565,Toute Surface,11,8
4225,171,260,Aucune,0,0
4226,171,550,Toute Surface,8,10
4227,171,104,Aucune,0,0
4228,171,472,Médiane,9,5
4229,171,906,Médiane,5,15
4230,171,469,Toute Surface,5,10
4231,171,47,Toute Surface,8,15
4232,171,871,Défensive,3,9
4233,171,561,Défensive,7,12
4234,171,657,Défensive,8,13
4235,172,97,Défensive,0,0
4236,172,489,Défensive,0,0
4237,172,567,Défensive,0,0
4238,172,188,Toute Surface,13,6
4239,172,286,Défensive,3,6
4240,172,628,Médiane,8,22
4241,172,313,Médiane,6,8
4242,172,588,Offensive,11,9
4243,172,145,Toute Surface,15,5
4244,172,654,Offensive,11,9
4245,172,236,Défensive,9,20
4246,172,917,Toute Surface,7,5
4247,172,79,Défensive,4,6
4248,172,316,Médiane,7,11
4249,172,565,Offensive,14,5
4250,172,260,Défensive,14,4
4251,172,550,Offensive,3,11
4252,172,104,Médiane,9,15
4253,172,472,Toute Surface,15,4
4254,172,906,Défensive,8,19
4255,172,469,Médiane,13,15
4256,172,47,Toute Surface,4,16
4257,172,871,Toute Surface,8,9
4258,172,561,Défensive,13,12
4259,172,657,Défensive,7,15
4260,173,97,Défensive,0,0
4261,173,489,Défensive,0,0
4262,173,567,Défensive,0,0
4263,173,188,Toute Surface,11,4
4264,173,286,Médiane,3,6
4265,173,628,Médiane,10,10
4266,173,313,Défensive,6,12
4267,173,588,Médiane,10,8
4268,173,145,Toute Surface,8,5
4269,173,654,Défensive,12,2
4270,173,236,Médiane,4,9
4271,173,917,Médiane,6,10
4272,173,79,Défensive,7,13
4273,173,316,Médiane,6,11
4274,173,565,Offensive,9,5
4275,173,260,Médiane,11,8
4276,173,550,Médiane,4,13
4277,173,104,Médiane,7,13
4278,173,472,Toute Surface,10,5
4279,173,906,Toute Surface,5,13
4280,173,469,Offensive,9,12
4281,173,47,Défensive,4,13
4282,173,871,Médiane,3,4
4283,173,561,Défensive,7,9
4284,173,657,Offensive,6,10
4285,174,97,Défensive,0,0
4286,174,489,Défensive,0,0
4287,174,567,Défensive,0,0
4288,174,188,Médiane,16,7
4289,174,286,Toute Surface,8,14
4290,174,628,Médiane,11,15
4291,174,313,Médiane,5,14
4292,174,588,Médiane,14,3
4293,174,145,Médiane,8,5
4294,174,654,Offensive,12,9
4295,174,236,Offensive,11,12
4296,174,917,Défensive,3,6
4297,174,79,Toute Surface,4,6
4298,174,316,Offensive,13,19
4299,174,565,Médiane,11,6
4300,174,260,Médiane,14,8
4301,174,550,Toute Surface,6,8
4302,174,104,Médiane,9,17
4303,174,472,Médiane,9,8
4304,174,906,Défensive,11,12
4305,174,469,Toute Surface,8,16
4306,174,47,Toute Surface,4,15
4307,174,871,Médiane,6,14
4308,174,561,Médiane,6,11
4309,174,657,Médiane,6,15
4310,175,97,Défensive,0,0
4311,175,489,Défensive,0,0
4312,175,567,Défensive,0,0
4313,175,188,Médiane,14,9
4314,175,286,Médiane,7,11
4315,175,628,Médiane,6,22
4316,175,313,Défensive,8,5
4317,175,588,Défensive,16,9
4318,175,145,Défensive,13,8
4319,175,654,Médiane,11,4
4320,175,236,Offensive,6,19
4321,175,917,Défensive,5,12
4322,175,79,Défensive,7,13
4323,175,316,Offensive,6,22
4324,175,565,Médiane,16,3
4325,175,260,Défensive,8,7
4326,175,550,Offensive,5,15
4327,175,104,Médiane,7,17
4328,175,472,Toute Surface,12,8
4329,175,906,Toute Surface,7,14
4330,175,469,Offensive,6,11
4331,175,47,Toute Surface,8,13
4332,175,871,Défensive,6,12
4333,175,561,Offensive,7,19
4334,175,657,Médiane,7,12
4335,176,97,Défensive,0,0
4336,176,489,Défensive,0,0
4337,176,567,Défensive,0,0
4338,176,188,Médiane,12,9
4339,176,286,Offensive,5,7
4340,176,628,Défensive,6,19
4341,176,313,Offensive,8,7
4342,176,588,Toute Surface,16,11
4343,176,145,Défensive,11,8
4344,176,654,Défensive,16,4
4345,176,236,Offensive,9,19
4346,176,917,Offensive,3,13
4347,176,79,Toute Surface,4,5
4348,176,316,Médiane,13,20
4349,176,565,Toute Surface,13,8
4350,176,260,Toute Surface,11,7
4351,176,550,Défensive,6,7
4352,176,104,Défensive,6,22
4353,176,472,Toute Surface,16,5
4354,176,906,Défensive,12,12
4355,176,469,Défensive,11,22
4356,176,47,Toute Surface,3,15
4357,176,871,Défensive,7,11
4358,176,561,Offensive,12,16
4359,176,657,Toute Surface,7,8
4360,177,97,Défensive,0,0
4361,177,489,Défensive,0,0
4362,177,567,Défensive,0,0
4363,177,188,Médiane,9,7
4364,177,286,Offensive,8,5
4365,177,628,Défensive,7,15
4366,177,313,Toute Surface,8,7
4367,177,588,Défensive,15,8
4368,177,145,Toute Surface,12,7
4369,177,654,Toute Surface,11,9
4370,177,236,Offensive,6,19
4371,177,917,Défensive,4,14
4372,177,79,Toute Surface,5,5
4373,177,316,Offensive,12,13
4374,177,565,Défensive,8,7
4375,177,260,Médiane,16,11
4376,177,550,Offensive,7,8
4377,177,104,Offensive,13,15
4378,177,472,Offensive,11,3
4379,177,906,Toute Surface,13,16
4380,177,469,Médiane,13,19
4381,177,47,Offensive,5,5
4382,177,871,Toute Surface,5,16
4383,177,561,Médiane,6,13
4384,177,657,Médiane,7,7
4385,178,97,Défensive,0,0
4386,178,489,Défensive,0,0
4387,178,567,Défensive,0,0
4388,178,188,Défensive,13,5
4389,178,286,Défensive,8,14
4390,178,628,Défensive,5,20
4391,178,313,Offensive,5,16
4392,178,588,Médiane,8,6
4393,178,145,Toute Surface,9,5
4394,178,654,Médiane,11,4
4395,178,236,Médiane,8,19
4396,178,917,Offensive,6,9
4397,178,79,Toute Surface,5,11
4398,178,316,Offensive,6,16
4399,178,565,Offensive,9,8
4400,178,260,Offensive,11,3
4401,178,550,Médiane,3,16
4402,178,104,Offensive,7,18
4403,178,472,Défensive,16,4
4404,178,906,Toute Surface,5,22
4405,178,469,Offensive,5,19
4406,178,47,Défensive,8,5
4407,178,871,Offensive,5,15
4408,178,561,Défensive,11,14
4409,178,657,Médiane,3,13
4410,179,97,Défensive,0,0
4411,179,489,Défensive,0,0
4412,179,567,Défensive,0,0
4413,179,188,Offensive,10,9
4414,179,286,Toute Surface,4,9
4415,179,628,Toute Surface,8,9
4416,179,313,Offensive,6,7
4417,179,588,Médiane,13,3
4418,179,145,Toute Surface,11,5
4419,179,654,Défensive,8,7
4420,179,236,Défensive,9,10
4421,179,917,Offensive,2,6
4422,179,79,Médiane,2,12
4423,179,316,Offensive,9,12
4424,179,565,Toute Surface,13,2
4425,179,260,Toute Surface,10,8
4426,179,550,Offensive,7,6
4427,179,104,Médiane,8,11
4428,179,472,Offensive,9,7
4429,179,906,Défensive,10,14
4430,179,469,Toute Surface,7,12
4431,179,47,Médiane,3,13
4432,179,871,Toute Surface,4,11
4433,179,561,Offensive,4,14
4434,179,657,Défensive,2,13
4435,180,97,Défensive,0,0
4436,180,489,Défensive,0,0
4437,180,567,Défensive,0,0
4438,180,188,Médiane,15,6
4439,180,286,Toute Surface,8,12
4440,180,628,Toute Surface,9,20
4441,180,313,Offensive,6,9
4442,180,588,Médiane,15,5
4443,180,145,Défensive,12,3
4444,180,654,Médiane,11,5
4445,180,236,Offensive,12,18
4446,180,917,Offensive,6,7
4447,180,79,Offensive,4,13
4448,180,316,Offensive,7,13
4449,180,565,Toute Surface,13,7
4450,180,260,Offensive,14,7
4451,180,550,Toute Surface,8,15
4452,180,104,Toute Surface,6,19
4453,180,472,Médiane,8,6
4454,180,906,Toute Surface,12,14
4455,180,469,Offensive,13,19
4456,180,47,Offensive,8,6
4457,180,871,Offensive,3,13
4458,180,561,Offensive,13,19
4459,180,657,Toute Surface,6,8
4460,181,97,Défensive,0,0
4461,181,489,Défensive,0,0
4462,181,567,Défensive,0,0
4463,181,188,Défensive,15,11
4464,181,286,Défensive,5,15
4465,181,628,Défensive,11,17
4466,181,313,Médiane,5,12
4467,181,588,Toute Surface,16,9
4468,181,145,Toute Surface,16,9
4469,181,654,Toute Surface,8,3
4470,181,236,Toute Surface,8,14
4471,181,917,Médiane,8,11
4472,181,79,Toute Surface,5,13
4473,181,316,Médiane,13,13
4474,181,565,Toute Surface,8,7
4475,181,260,Défensive,8,9
4476,181,550,Offensive,6,6
4477,181,104,Médiane,8,17
4478,181,472,Défensive,8,3
4479,181,906,Toute Surface,7,22
4480,181,469,Défensive,9,17
4481,181,47,Médiane,6,16
4482,181,871,Offensive,5,11
4483,181,561,Toute Surface,6,15
4484,181,657,Médiane,3,15
4485,182,97,Défensive,0,0
4486,182,489,Défensive,0,0
4487,182,567,Défensive,0,0
4488,182,188,Médiane,9,8
4489,182,286,Offensive,3,13
4490,182,628,Défensive,6,9
4491,182,313,Offensive,4,13
4492,182,588,Toute Surface,11,7
4493,182,145,Défensive,9,6
4494,182,654,Offensive,7,8
4495,182,236,Défensive,7,11
4496,182,917,Médiane,3,10
4497,182,79,Défensive,7,4
4498,182,316,Médiane,8,17
4499,182,565,Toute Surface,7,9
4500,182,260,Offensive,9,4
4501,182,550,Médiane,3,8
4502,182,104,Médiane,4,9
4503,182,472,Défensive,11,9
4504,182,906,Défensive,9,18
4505,182,469,Défensive,8,9
4506,182,47,Offensive,5,7
4507,182,871,Offensive,6,4
4508,182,561,Toute Surface,7,12
4509,182,657,Offensive,6,13
4510,183,97,Défensive,0,0
4511,183,489,Défensive,0,0
4512,183,567,Défensive,0,0
4513,183,188,Défensive,9,2
4514,183,286,Toute Surface,5,11
4515,183,628,Toute Surface,4,15
4516,183,313,Médiane,2,7
4517,183,588,Médiane,12,4
4518,183,145,Toute Surface,11,7
4519,183,654,Médiane,7,3
4520,183,236,Médiane,6,12
4521,183,917,Toute Surface,6,10
4522,183,79,Toute Surface,5,9
4523,183,316,Médiane,4,9
4524,183,565,Médiane,7,3
4525,183,260,Offensive,11,5
4526,183,550,Offensive,5,13
4527,183,104,Médiane,5,9
4528,183,472,Défensive,8,5
4529,183,906,Médiane,9,17
4530,183,469,Offensive,4,16
4531,183,47,Offensive,6,8
4532,183,871,Médiane,4,5
4533,183,561,Défensive,9,11
4534,183,657,Offensive,4,5
4535,184,97,Défensive,0,0
4536,184,489,Défensive,0,0
4537,184,567,Défensive,0,0
4538,184,188,Offensive,9,8
4539,184,286,Médiane,5,15
4540,184,628,Offensive,7,16
4541,184,313,Toute Surface,4,16
4542,184,588,Toute Surface,15,4
4543,184,145,Offensive,9,7
4544,184,654,Médiane,12,4
4545,184,236,Toute Surface,11,14
4546,184,917,Défensive,4,14
4547,184,79,Toute Surface,7,11
4548,184,316,Défensive,7,22
4549,184,565,Défensive,15,3
4550,184,260,Toute Surface,15,6
4551,184,550,Médiane,7,15
4552,184,104,Offensive,9,15
4553,184,472,Médiane,13,6
4554,184,906,Offensive,12,13
4555,184,469,Médiane,9,22
4556,184,47,Offensive,4,13
4557,184,871,Défensive,4,6
4558,184,561,Défensive,6,20
4559,184,657,Défensive,8,8
4560,185,97,Défensive,0,0
4561,185,489,Défensive,0,0
4562,185,567,Défensive,0,0
4563,185,188,Toute Surface,11,3
4564,185,286,Offensive,6,14
4565,185,628,Défensive,5,18
4566,185,313,Offensive,4,5
4567,185,588,Offensive,11,6
4568,185,145,Défensive,8,7
4569,185,654,Médiane,9,8
4570,185,236,Médiane,8,18
4571,185,917,Toute Surface,5,15
4572,185,79,Défensive,5,8
4573,185,316,Toute Surface,8,19
4574,185,565,Offensive,13,8
4575,185,260,Toute Surface,11,7
4576,185,550,Défensive,5,11
4577,185,104,Toute Surface,12,11
4578,185,472,Toute Surface,15,4
4579,185,906,Défensive,11,12
4580,185,469,Défensive,9,16
4581,185,47,Toute Surface,8,10
4582,185,871,Médiane,7,10
4583,185,561,Offensive,6,13
4584,185,657,Offensive,6,13
4585,186,97,Défensive,0,0
4586,186,489,Défensive,0,0
4587,186,567,Défensive,0,0
4588,186,188,Défensive,8,4
4589,186,286,Toute Surface,8,14
4590,186,628,Défensive,7,11
4591,186,313,Offensive,6,6
4592,186,588,Médiane,8,8
4593,186,145,Toute Surface,15,11
4594,186,654,Offensive,11,7
4595,186,236,Défensive,8,18
4596,186,917,Défensive,7,7
4597,186,79,Offensive,3,6
4598,186,316,Offensive,12,11
4599,186,565,Offensive,14,5
4600,186,260,Offensive,8,3
4601,186,550,Défensive,5,5
4602,186,104,Défensive,8,18
4603,186,472,Médiane,8,6
4604,186,906,Toute Surface,5,20
4605,186,469,Défensive,5,12
4606,186,47,Toute Surface,4,14
4607,186,871,Toute Surface,8,16
4608,186,561,Médiane,6,12
4609,186,657,Défensive,6,9
4610,187,97,Défensive,0,0
4611,187,489,Défensive,0,0
4612,187,567,Défensive,0,0
4613,187,188,Médiane,8,2
4614,187,286,Défensive,7,9
4615,187,628,Offensive,8,17
4616,187,313,Toute Surface,6,4
4617,187,588,Médiane,7,7
4618,187,145,Toute Surface,7,2
4619,187,654,Offensive,9,8
4620,187,236,Toute Surface,4,11
4621,187,917,Défensive,7,9
4622,187,79,Offensive,3,4
4623,187,316,Médiane,9,10
4624,187,565,Toute Surface,9,8
4625,187,260,Médiane,11,3
4626,187,550,Toute Surface,4,13
4627,187,104,Offensive,6,16
4628,187,472,Médiane,9,4
4629,187,906,Défensive,8,12
4630,187,469,Défensive,6,17
4631,187,47,Défensive,6,11
4632,187,871,Médiane,3,9
4633,187,561,Toute Surface,9,14
4634,187,657,Toute Surface,7,5
4635,188,97,Défensive,0,0
4636,188,489,Défensive,0,0
4637,188,567,Défensive,0,0
4638,188,188,Défensive,13,5
4639,188,286,Médiane,5,4
4640,188,628,Offensive,8,13
4641,188,313,Médiane,2,9
4642,188,588,Offensive,11,3
4643,188,145,Défensive,11,4
4644,188,654,Offensive,9,5
4645,188,236,Toute Surface,4,12
4646,188,917,Toute Surface,3,13
4647,188,79,Défensive,3,10
4648,188,316,Toute Surface,8,9
4649,188,565,Offensive,11,9
4650,188,260,Défensive,10,7
4651,188,550,Défensive,4,5
4652,188,104,Défensive,9,16
4653,188,472,Offensive,9,6
4654,188,906,Défensive,9,12
4655,188,469,Offensive,4,13
4656,188,47,Médiane,5,12
4657,188,871,Offensive,3,6
4658,188,561,Défensive,9,17
4659,188,657,Toute Surface,7,6
4660,189,97,Défensive,0,0
4661,189,489,Défensive,0,0
4662,189,567,Défensive,0,0
4663,189,188,Médiane,15,8
4664,189,286,Défensive,3,12
4665,189,628,Offensive,13,17
4666,189,313,Offensive,6,13
4667,189,588,Toute Surface,13,8
4668,189,145,Médiane,14,9
4669,189,654,Toute Surface,11,6
4670,189,236,Offensive,12,17
4671,189,917,Offensive,8,14
4672,189,79,Défensive,6,13
4673,189,316,Médiane,11,11
4674,189,565,Médiane,15,7
4675,189,260,Toute Surface,12,7
4676,189,550,Médiane,6,14
4677,189,104,Offensive,12,18
4678,189,472,Médiane,14,6
4679,189,906,Défensive,9,15
4680,189,469,Toute Surface,5,19
4681,189,47,Toute Surface,6,16
4682,189,871,Médiane,7,14
4683,189,561,Médiane,7,17
4684,189,657,Offensive,5,6
4685,190,97,Défensive,0,0
4686,190,489,Défensive,0,0
4687,190,567,Défensive,0,0
4688,190,188,Médiane,14,4
4689,190,286,Défensive,3,9
4690,190,628,Offensive,12,14
4691,190,313,Toute Surface,8,15
4692,190,588,Médiane,8,3
4693,190,145,Offensive,14,3
4694,190,654,Offensive,15,8
4695,190,236,Offensive,13,15
4696,190,917,Médiane,3,11
4697,190,79,Défensive,4,13
4698,190,316,Défensive,9,22
4699,190,565,Défensive,11,6
4700,190,260,Médiane,11,4
4701,190,550,Offensive,6,8
4702,190,104,Médiane,9,22
4703,190,472,Toute Surface,14,8
4704,190,906,Médiane,13,12
4705,190,469,Toute Surface,9,19
4706,190,47,Défensive,5,16
4707,190,871,Médiane,4,7
4708,190,561,Médiane,9,11
4709,190,657,Toute Surface,7,11
4710,191,97,Défensive,0,0
4711,191,489,Défensive,0,0
4712,191,567,Défensive,0,0
4713,191,188,Défensive,8,8
4714,191,286,Toute Surface,7,15
4715,191,628,Médiane,7,22
4716,191,313,Défensive,8,8
4717,191,588,Toute Surface,15,8
4718,191,145,Défensive,16,4
4719,191,654,Défensive,8,8
4720,191,236,Toute Surface,8,12
4721,191,917,Défensive,6,6
4722,191,79,Médiane,4,16
4723,191,316,Offensive,12,19
4724,191,565,Médiane,15,11
4725,191,260,Offensive,8,5
4726,191,550,Toute Surface,7,6
4727,191,104,Offensive,9,22
4728,191,472,Toute Surface,12,8
4729,191,906,Toute Surface,13,22
4730,191,469,Toute Surface,12,13
4731,191,47,Médiane,6,8
4732,191,871,Toute Surface,4,13
4733,191,561,Défensive,11,19
4734,191,657,Médiane,6,8
4735,192,97,Défensive,0,0
4736,192,489,Défensive,0,0
4737,192,567,Défensive,0,0
4738,192,188,Offensive,13,6
4739,192,286,Offensive,3,16
4740,192,628,Médiane,5,15
4741,192,313,Défensive,7,9
4742,192,588,Toute Surface,12,11
4743,192,145,Médiane,13,7
4744,192,654,Médiane,11,5
4745,192,236,Défensive,11,13
4746,192,917,Médiane,5,15
4747,192,79,Médiane,5,5
4748,192,316,Toute Surface,13,16
4749,192,565,Médiane,14,5
4750,192,260,Toute Surface,8,9
4751,192,550,Offensive,6,15
4752,192,104,Défensive,9,22
4753,192,472,Médiane,12,5
4754,192,906,Offensive,6,17
4755,192,469,Défensive,6,22
4756,192,47,Offensive,8,15
4757,192,871,Médiane,7,5
4758,192,561,Toute Surface,11,14
4759,192,657,Médiane,4,15
4760,193,97,Défensive,0,0
4761,193,489,Défensive,0,0
4762,193,567,Défensive,0,0
4763,193,188,Médiane,14,6
4764,193,286,Toute Surface,6,13
4765,193,628,Toute Surface,12,12
4766,193,313,Toute Surface,4,5
4767,193,588,Défensive,9,4
4768,193,145,Défensive,12,7
4769,193,654,Offensive,9,7
4770,193,236,Défensive,11,19
4771,193,917,Offensive,5,5
4772,193,79,Médiane,5,14
4773,193,316,Offensive,12,22
4774,193,565,Défensive,8,9
4775,193,260,Toute Surface,9,4
4776,193,550,Toute Surface,7,11
4777,193,104,Médiane,13,20
4778,193,472,Défensive,15,5
4779,193,906,Médiane,9,19
4780,193,469,Toute Surface,9,22
4781,193,47,Défensive,6,16
4782,193,871,Défensive,7,7
4783,193,561,Médiane,11,20
4784,193,657,Médiane,4,11
4785,194,97,Défensive,0,0
4786,194,489,Défensive,0,0
4787,194,567,Défensive,0,0
4788,194,188,Défensive,9,4
4789,194,286,Toute Surface,5,7
4790,194,628,Toute Surface,12,14
4791,194,313,Médiane,6,9
4792,194,588,Médiane,9,8
4793,194,145,Médiane,12,8
4794,194,654,Offensive,14,4
4795,194,236,Offensive,9,12
4796,194,917,Offensive,5,7
4797,194,79,Médiane,3,5
4798,194,316,Offensive,11,16
4799,194,565,Défensive,14,5
4800,194,260,Offensive,9,3
4801,194,550,Toute Surface,5,16
4802,194,104,Défensive,13,12
4803,194,472,Défensive,9,11
4804,194,906,Médiane,7,19
4805,194,469,Toute Surface,7,15
4806,194,47,Médiane,7,12
4807,194,871,Offensive,3,7
4808,194,561,Offensive,11,22
4809,194,657,Offensive,8,12
4810,195,97,Défensive,0,0
4811,195,489,Défensive,0,0
4812,195,567,Défensive,0,0
4813,195,188,Toute Surface,11,6
4814,195,286,Médiane,7,5
4815,195,628,Toute Surface,7,11
4816,195,313,Offensive,4,5
4817,195,588,Médiane,9,4
4818,195,145,Offensive,11,4
4819,195,654,Offensive,12,9
4820,195,236,Toute Surface,5,16
4821,195,917,Médiane,4,5
4822,195,79,Offensive,5,11
4823,195,316,Défensive,4,10
4824,195,565,Médiane,9,5
4825,195,260,Défensive,9,8
4826,195,550,Offensive,4,7
4827,195,104,Offensive,8,18
4828,195,472,Défensive,12,6
4829,195,906,Défensive,5,11
4830,195,469,Offensive,9,9
4831,195,47,Toute Surface,7,11
4832,195,871,Défensive,6,4
4833,195,561,Médiane,7,17
4834,195,657,Offensive,5,9
4835,196,97,Défensive,0,0
4836,196,489,Défensive,0,0
4837,196,567,Défensive,0,0
4838,196,188,Médiane,12,8
4839,196,286,Offensive,8,7
4840,196,628,Défensive,6,22
4841,196,313,Défensive,8,11
4842,196,588,Offensive,12,9
4843,196,145,Toute Surface,12,4
4844,196,654,Défensive,8,6
4845,196,236,Médiane,7,18
4846,196,917,Médiane,5,14
4847,196,79,Défensive,5,12
4848,196,316,Toute Surface,5,18
4849,196,565,Offensive,13,6
4850,196,260,Offensive,14,9
4851,196,550,Défensive,4,12
4852,196,104,Médiane,6,11
4853,196,472,Toute Surface,13,3
4854,196,906,Médiane,11,11
4855,196,469,Médiane,12,18
4856,196,47,Offensive,8,9
4857,196,871,Défensive,7,7
4858,196,561,Médiane,12,22
4859,196,657,Médiane,6,12
4860,197,97,Défensive,0,0
4861,197,489,Défensive,0,0
4862,197,567,Défensive,0,0
4863,197,188,Défensive,7,6
4864,197,286,Défensive,6,12
4865,197,628,Toute Surface,9,16
4866,197,313,Offensive,5,13
4867,197,588,Défensive,8,8
4868,197,145,Médiane,9,3
4869,197,654,Offensive,8,8
4870,197,236,Défensive,4,16
4871,197,917,Toute Surface,3,7
4872,197,79,Offensive,2,5
4873,197,316,Toute Surface,6,9
4874,197,565,Défensive,9,4
4875,197,260,Défensive,7,9
4876,197,550,Médiane,4,6
4877,197,104,Toute Surface,6,10
4878,197,472,Médiane,10,6
4879,197,906,Offensive,6,9
4880,197,469,Médiane,10,18
4881,197,47,Offensive,3,4
4882,197,871,Offensive,7,7
4883,197,561,Offensive,9,18
4884,197,657,Médiane,5,6
4885,198,97,Défensive,0,0
4886,198,489,Défensive,0,0
4887,198,567,Défensive,0,0
4888,198,188,Toute Surface,9,3
4889,198,286,Toute Surface,2,11
4890,198,628,Défensive,9,13
4891,198,313,Offensive,7,8
4892,198,588,Défensive,9,5
4893,198,145,Défensive,11,2
4894,198,654,Médiane,8,6
4895,198,236,Toute Surface,9,10
4896,198,917,Offensive,6,9
4897,198,79,Offensive,5,7
4898,198,316,Médiane,7,16
4899,198,565,Toute Surface,7,4
4900,198,260,Toute Surface,7,8
4901,198,550,Médiane,3,10
4902,198,104,Toute Surface,8,17
4903,198,472,Défensive,8,9
4904,198,906,Défensive,6,9
4905,198,469,Défensive,6,17
4906,198,47,Médiane,4,4
4907,198,871,Médiane,5,12
4908,198,561,Défensive,7,13
4909,198,657,Médiane,2,7
4910,199,97,Défensive,0,0
4911,199,489,Défensive,0,0
4912,199,567,Défensive,0,0
4913,199,188,Médiane,16,8
4914,199,286,Médiane,8,8
4915,199,628,Médiane,8,16
4916,199,313,Toute Surface,3,11
4917,199,588,Toute Surface,11,4
4918,199,145,Médiane,13,6
4919,199,654,Médiane,14,9
4920,199,236,Toute Surface,11,22
4921,199,917,Offensive,3,14
4922,199,79,Toute Surface,7,5
4923,199,316,Toute Surface,7,19
4924,199,565,Médiane,12,5
4925,199,260,Toute Surface,11,7
4926,199,550,Médiane,6,15
4927,199,104,Médiane,5,17
4928,199,472,Toute Surface,11,8
4929,199,906,Défensive,6,14
4930,199,469,Défensive,11,12
4931,199,47,Offensive,7,11
4932,199,871,Offensive,5,13
4933,199,561,Médiane,7,20
4934,199,657,Défensive,6,11
4935,200,97,Défensive,0,0
4936,200,489,Défensive,0,0
4937,200,567,Défensive,0,0
4938,200,188,Médiane,12,8
4939,200,286,Toute Surface,5,15
4940,200,628,Toute Surface,13,18
4941,200,313,Offensive,5,13
4942,200,588,Offensive,13,11
4943,200,145,Défensive,12,9
4944,200,654,Toute Surface,15,3
4945,200,236,Toute Surface,7,15
4946,200,917,Offensive,7,7
4947,200,79,Médiane,3,11
4948,200,316,Défensive,8,22
4949,200,565,Défensive,9,5
4950,200,260,Médiane,11,6
4951,200,550,Toute Surface,5,8
4952,200,104,Toute Surface,13,17
4953,200,472,Toute Surface,13,5
4954,200,906,Toute Surface,5,14
4955,200,469,Médiane,9,22
4956,200,47,Défensive,6,16
4957,200,871,Médiane,7,8
4958,200,561,Toute Surface,6,12
4959,200,657,Offensive,4,13
4960,201,97,Défensive,0,0
4961,201,489,Défensive,0,0
4962,201,567,Défensive,0,0
4963,201,188,Défensive,9,4
4964,201,286,Toute Surface,8,15
4965,201,628,Toute Surface,7,13
4966,201,313,Offensive,3,15
4967,201,588,Toute Surface,11,5
4968,201,145,Offensive,16,9
4969,201,654,Défensive,11,3
4970,201,236,Défensive,7,20
4971,201,917,Médiane,5,14
4972,201,79,Offensive,5,12
4973,201,316,Toute Surface,12,13
4974,201,565,Médiane,9,7
4975,201,260,Offensive,13,11
4976,201,550,Toute Surface,5,13
4977,201,104,Toute Surface,5,11
4978,201,472,Toute Surface,13,5
4979,201,906,Défensive,12,14
4980,201,469,Toute Surface,8,14
4981,201,47,Défensive,8,5
4982,201,871,Toute Surface,7,11
4983,201,561,Défensive,8,19
4984,201,657,Offensive,7,6
4985,202,97,Défensive,0,0
4986,202,489,Défensive,0,0
4987,202,567,Défensive,0,0
4988,202,188,Toute Surface,9,8
4989,202,286,Toute Surface,6,9
4990,202,628,Médiane,4,13
4991,202,313,Toute Surface,3,5
4992,202,588,Médiane,7,2
4993,202,145,Défensive,7,4
4994,202,654,Défensive,9,3
4995,202,236,Défensive,4,15
4996,202,917,Défensive,2,12
4997,202,79,Défensive,5,9
4998,202,316,Défensive,6,14
4999,202,565,Offensive,9,5
5000,202,260,Offensive,9,8
5001,202,550,Défensive,3,12
5002,202,104,Défensive,6,9
5003,202,472,Offensive,10,8
5004,202,906,Défensive,8,9
5005,202,469,Toute Surface,4,17
5006,202,47,Défensive,6,8
5007,202,871,Offensive,4,9
5008,202,561,Défensive,7,10
5009,202,657,Offensive,3,9
5010,203,97,Défensive,0,0
5011,203,489,Défensive,0,0
5012,203,567,Défensive,0,0
5013,203,188,Toute Surface,16,6
5014,203,286,Offensive,7,9
5015,203,628,Toute Surface,9,13
5016,203,313,Défensive,3,12
5017,203,588,Défensive,15,6
5018,203,145,Médiane,11,9
5019,203,654,Offensive,15,7
5020,203,236,Offensive,11,14
5021,203,917,Offensive,8,6
5022,203,79,Toute Surface,3,6
5023,203,316,Défensive,8,16
5024,203,565,Offensive,11,8
5025,203,260,Toute Surface,14,5
5026,203,550,Médiane,3,11
5027,203,104,Médiane,7,22
5028,203,472,Toute Surface,8,4
5029,203,906,Offensive,5,20
5030,203,469,Médiane,12,11
5031,203,47,Offensive,5,8
5032,203,871,Toute Surface,7,16
5033,203,561,Toute Surface,7,16
5034,203,657,Toute Surface,4,12
5035,204,97,Défensive,0,0
5036,204,489,Défensive,0,0
5037,204,567,Défensive,0,0
5038,204,188,Toute Surface,15,10
5039,204,286,Médiane,5,5
5040,204,628,Toute Surface,8,10
5041,204,313,Défensive,6,10
5042,204,588,Offensive,15,3
5043,204,145,Offensive,13,7
5044,204,654,Toute Surface,9,10
5045,204,236,Défensive,12,17
5046,204,917,Offensive,6,9
5047,204,79,Toute Surface,5,12
5048,204,316,Médiane,12,11
5049,204,565,Offensive,13,4
5050,204,260,Offensive,15,6
5051,204,550,Médiane,7,5
5052,204,104,Médiane,11,18
5053,204,472,Médiane,9,8
5054,204,906,Offensive,9,10
5055,204,469,Toute Surface,6,19
5056,204,47,Offensive,5,10
5057,204,871,Offensive,3,8
5058,204,561,Médiane,10,15
5059,204,657,Toute Surface,7,6
5060,205,97,Défensive,0,0
5061,205,489,Défensive,0,0
5062,205,567,Défensive,0,0
5063,205,188,Médiane,10,3
5064,205,286,Toute Surface,3,9
5065,205,628,Médiane,9,13
5066,205,313,Offensive,5,15
5067,205,588,Toute Surface,15,7
5068,205,145,Toute Surface,9,8
5069,205,654,Offensive,15,3
5070,205,236,Offensive,5,17
5071,205,917,Offensive,8,11
5072,205,79,Défensive,3,13
5073,205,316,Médiane,7,12
5074,205,565,Défensive,13,4
5075,205,260,Toute Surface,8,3
5076,205,550,Offensive,3,13
5077,205,104,Défensive,10,16
5078,205,472,Médiane,15,4
5079,205,906,Offensive,10,10
5080,205,469,Toute Surface,10,19
5081,205,47,Offensive,4,6
5082,205,871,Toute Surface,6,5
5083,205,561,Offensive,8,19
5084,205,657,Défensive,5,8
5085,206,944,Défensive,0,0
5086,206,843,Aucune,0,0
5087,206,168,Défensive,0,0
5088,206,409,Toute Surface,10,9
5089,206,982,Offensive,3,7
5090,206,587,Offensive,9,16
5091,206,275,Aucune,0,0
5092,206,862,Médiane,10,4
5093,206,753,Médiane,6,5
5094,206,826,Offensive,11,6
5095,206,11,Défensive,2,8
5096,206,215,Toute Surface,13,7
5097,206,892,Toute Surface,6,5
5098,206,914,Toute Surface,7,4
5099,206,180,Offensive,2,9
5100,206,607,Toute Surface,4,11
5101,206,107,Aucune,0,0
5102,206,836,Défensive,7,2
5103,206,88,Aucune,0,0
5104,206,718,Aucune,0,0
5105,207,944,Défensive,0,0
5106,207,843,Défensive,0,0
5107,207,168,Défensive,0,0
5108,207,409,Médiane,12,8
5109,207,982,Offensive,3,16
5110,207,587,Offensive,6,12
5111,207,275,Toute Surface,12,18
5112,207,862,Défensive,15,4
5113,207,753,Toute Surface,8,12
5114,207,826,Offensive,13,6
5115,207,11,Toute Surface,3,9
5116,207,215,Défensive,15,7
5117,207,892,Offensive,6,5
5118,207,914,Défensive,6,8
5119,207,180,Défensive,5,12
5120,207,607,Médiane,7,14
5121,207,107,Aucune,0,0
5122,207,836,Médiane,15,4
5123,207,88,Défensive,16,9
5124,207,718,Toute Surface,8,9
5125,208,944,Défensive,0,0
5126,208,843,Défensive,0,0
5127,208,168,Défensive,0,0
5128,208,409,Défensive,11,4
5129,208,982,Offensive,3,12
5130,208,587,Médiane,7,16
5131,208,275,Offensive,9,18
5132,208,862,Médiane,9,8
5133,208,753,Offensive,3,11
5134,208,826,Médiane,7,3
5135,208,11,Offensive,6,10
5136,208,215,Toute Surface,10,6
5137,208,892,Défensive,5,10
5138,208,914,Toute Surface,3,9
5139,208,180,Médiane,4,10
5140,208,607,Toute Surface,8,16
5141,208,107,Défensive,5,9
5142,208,836,Offensive,9,3
5143,208,88,Défensive,11,5
5144,208,718,Toute Surface,11,5
5145,209,944,Défensive,0,0
5146,209,843,Défensive,0,0
5147,209,168,Défensive,0,0
5148,209,409,Offensive,8,9
5149,209,982,Offensive,3,9
5150,209,587,Toute Surface,4,17
5151,209,275,Défensive,4,9
5152,209,862,Offensive,10,8
5153,209,753,Défensive,4,7
5154,209,826,Médiane,9,8
5155,209,11,Offensive,2,8
5156,209,215,Toute Surface,10,8
5157,209,892,Offensive,2,9
5158,209,914,Offensive,6,4
5159,209,180,Médiane,6,4
5160,209,607,Offensive,10,12
5161,209,107,Défensive,4,8
5162,209,836,Médiane,13,2
5163,209,88,Défensive,10,9
5164,209,718,Défensive,7,5
5165,210,944,Défensive,0,0
5166,210,843,Défensive,0,0
5167,210,168,Défensive,0,0
5168,210,409,Médiane,10,3
5169,210,982,Toute Surface,3,8
5170,210,587,Défensive,12,15
5171,210,275,Médiane,9,14
5172,210,862,Offensive,15,7
5173,210,753,Offensive,5,15
5174,210,826,Offensive,8,3
5175,210,11,Médiane,4,11
5176,210,215,Offensive,11,10
5177,210,892,Toute Surface,8,13
5178,210,914,Médiane,5,14
5179,210,180,Médiane,4,11
5180,210,607,Défensive,10,12
5181,210,107,Toute Surface,8,9
5182,210,836,Défensive,9,3
5183,210,88,Offensive,12,9
5184,210,718,Médiane,9,4
5185,211,944,Défensive,0,0
5186,211,843,Défensive,0,0
5187,211,168,Défensive,0,0
5188,211,409,Toute Surface,10,3
5189,211,982,Médiane,6,5
5190,211,587,Offensive,6,18
5191,211,275,Offensive,6,15
5192,211,862,Médiane,11,8
5193,211,753,Offensive,5,11
5194,211,826,Médiane,11,3
5195,211,11,Toute Surface,2,13
5196,211,215,Médiane,12,7
5197,211,892,Médiane,6,12
5198,211,914,Médiane,7,11
5199,211,180,Toute Surface,4,9
5200,211,607,Toute Surface,5,9
5201,211,107,Défensive,3,12
5202,211,836,Toute Surface,13,6
5203,211,88,Défensive,9,3
5204,211,718,Médiane,9,4
5205,212,944,Défensive,0,0
5206,212,843,Défensive,0,0
5207,212,168,Défensive,0,0
5208,212,409,Offensive,14,4
5209,212,982,Défensive,4,16
5210,212,587,Toute Surface,12,13
5211,212,275,Offensive,9,20
5212,212,862,Défensive,15,8
5213,212,753,Toute Surface,3,11
5214,212,826,Toute Surface,15,7
5215,212,11,Offensive,8,6
5216,212,215,Défensive,8,5
5217,212,892,Défensive,8,13
5218,212,914,Offensive,5,16
5219,212,180,Toute Surface,3,15
5220,212,607,Médiane,11,13
5221,212,107,Offensive,6,7
5222,212,836,Défensive,13,7
5223,212,88,Toute Surface,16,3
5224,212,718,Médiane,9,11
5225,213,944,Défensive,0,0
5226,213,843,Défensive,0,0
5227,213,168,Défensive,0,0
5228,213,409,Défensive,7,9
5229,213,982,Offensive,3,9
5230,213,587,Offensive,7,17
5231,213,275,Défensive,4,15
5232,213,862,Médiane,10,4
5233,213,753,Toute Surface,3,13
5234,213,826,Offensive,9,8
5235,213,11,Défensive,2,5
5236,213,215,Médiane,13,9
5237,213,892,Défensive,7,9
5238,213,914,Offensive,3,9
5239,213,180,Offensive,6,7
5240,213,607,Médiane,9,17
5241,213,107,Toute Surface,6,4
5242,213,836,Toute Surface,12,6
5243,213,88,Offensive,13,3
5244,213,718,Offensive,13,3
5245,214,944,Défensive,0,0
5246,214,843,Défensive,0,0
5247,214,168,Défensive,0,0
5248,214,409,Médiane,9,5
5249,214,982,Toute Surface,3,14
5250,214,587,Toute Surface,10,18
5251,214,275,Offensive,5,16
5252,214,862,Médiane,14,9
5253,214,753,Défensive,6,9
5254,214,826,Offensive,12,8
5255,214,11,Offensive,5,11
5256,214,215,Offensive,14,7
5257,214,892,Médiane,3,11
5258,214,914,Défensive,5,8
5259,214,180,Offensive,4,15
5260,214,607,Toute Surface,8,17
5261,214,107,Offensive,3,15
5262,214,836,Offensive,13,7
5263,214,88,Défensive,13,3
5264,214,718,Médiane,8,9
5265,215,944,Défensive,0,0
5266,215,843,Défensive,0,0
5267,215,168,Défensive,0,0
5268,215,409,Médiane,9,2
5269,215,982,Défensive,5,12
5270,215,587,Toute Surface,4,12
5271,215,275,Toute Surface,4,16
5272,215,862,Médiane,7,8
5273,215,753,Médiane,6,13
5274,215,826,Toute Surface,8,2
5275,215,11,Toute Surface,2,12
5276,215,215,Médiane,12,5
5277,215,892,Offensive,2,13
5278,215,914,Offensive,6,10
5279,215,180,Médiane,4,10
5280,215,607,Défensive,8,11
5281,215,107,Défensive,7,11
5282,215,836,Toute Surface,9,8
5283,215,88,Médiane,7,5
5284,215,718,Défensive,9,2
5285,216,944,Défensive,0,0
5286,216,843,Défensive,0,0
5287,216,168,Défensive,0,0
5288,216,409,Médiane,12,8
5289,216,982,Médiane,8,12
5290,216,587,Défensive,11,12
5291,216,275,Médiane,6,11
5292,216,862,Défensive,14,6
5293,216,753,Toute Surface,8,13
5294,216,826,Toute Surface,12,5
5295,216,11,Médiane,4,7
5296,216,215,Offensive,13,9
5297,216,892,Offensive,6,12
5298,216,914,Défensive,8,13
5299,216,180,Toute Surface,6,8
5300,216,607,Offensive,6,20
5301,216,107,Médiane,3,11
5302,216,836,Défensive,9,7
5303,216,88,Offensive,15,7
5304,216,718,Toute Surface,16,3
5305,217,944,Défensive,0,0
5306,217,843,Défensive,0,0
5307,217,168,Défensive,0,0
5308,217,409,Offensive,9,6
5309,217,982,Offensive,3,10
5310,217,587,Toute Surface,4,12
5311,217,275,Médiane,9,9
5312,217,862,Offensive,9,2
5313,217,753,Offensive,3,9
5314,217,826,Médiane,11,7
5315,217,11,Offensive,4,5
5316,217,215,Médiane,8,3
5317,217,892,Médiane,2,10
5318,217,914,Offensive,5,9
5319,217,180,Offensive,2,12
5320,217,607,Médiane,7,16
5321,217,107,Défensive,7,6
5322,217,836,Défensive,11,8
5323,217,88,Offensive,9,5
5324,217,718,Défensive,13,4
5325,218,944,Défensive,0,0
5326,218,843,Défensive,0,0
5327,218,168,Défensive,0,0
5328,218,409,Médiane,8,4
5329,218,982,Défensive,3,4
5330,218,587,Médiane,8,16
5331,218,275,Offensive,8,16
5332,218,862,Défensive,13,8
5333,218,753,Défensive,5,9
5334,218,826,Médiane,10,3
5335,218,11,Offensive,2,9
5336,218,215,Médiane,13,5
5337,218,892,Offensive,3,9
5338,218,914,Toute Surface,7,10
5339,218,180,Médiane,6,12
5340,218,607,Toute Surface,9,16
5341,218,107,Toute Surface,5,9
5342,218,836,Médiane,8,8
5343,218,88,Défensive,8,9
5344,218,718,Médiane,12,7
5345,219,944,Défensive,0,0
5346,219,843,Défensive,0,0
5347,219,168,Défensive,0,0
5348,219,409,Toute Surface,14,9
5349,219,982,Offensive,5,7
5350,219,587,Défensive,6,19
5351,219,275,Médiane,9,19
5352,219,862,Offensive,16,9
5353,219,753,Médiane,5,12
5354,219,826,Offensive,11,4
5355,219,11,Médiane,3,7
5356,219,215,Défensive,14,7
5357,219,892,Médiane,3,12
5358,219,914,Toute Surface,5,16
5359,219,180,Défensive,3,14
5360,219,607,Médiane,13,20
5361,219,107,Défensive,4,9
5362,219,836,Défensive,14,7
5363,219,88,Offensive,12,8
5364,219,718,Offensive,9,6
5365,220,944,Défensive,0,0
5366,220,843,Défensive,0,0
5367,220,168,Défensive,0,0
5368,220,409,Défensive,15,3
5369,220,982,Médiane,7,9
5370,220,587,Toute Surface,5,18
5371,220,275,Défensive,6,13
5372,220,862,Défensive,8,8
5373,220,753,Offensive,3,9
5374,220,826,Défensive,9,3
5375,220,11,Toute Surface,4,7
5376,220,215,Défensive,16,8
5377,220,892,Médiane,3,15
5378,220,914,Défensive,5,14
5379,220,180,Défensive,4,15
5380,220,607,Défensive,7,22
5381,220,107,Offensive,5,8
5382,220,836,Offensive,14,3
5383,220,88,Offensive,13,7
5384,220,718,Toute Surface,9,3
5385,221,944,Défensive,0,0
5386,221,843,Défensive,0,0
5387,221,168,Défensive,0,0
5388,221,409,Offensive,16,7
5389,221,982,Offensive,6,6
5390,221,587,Défensive,13,15
5391,221,275,Médiane,8,18
5392,221,862,Toute Surface,9,11
5393,221,753,Offensive,5,7
5394,221,826,Toute Surface,8,8
5395,221,11,Toute Surface,7,8
5396,221,215,Défensive,14,6
5397,221,892,Toute Surface,7,12
5398,221,914,Médiane,5,6
5399,221,180,Défensive,8,5
5400,221,607,Offensive,11,20
5401,221,107,Médiane,3,13
5402,221,836,Défensive,11,4
5403,221,88,Défensive,15,11
5404,221,718,Offensive,15,9
5405,222,944,Défensive,0,0
5406,222,843,Défensive,0,0
5407,222,168,Défensive,0,0
5408,222,409,Offensive,9,9
5409,222,982,Défensive,2,4
5410,222,587,Médiane,9,11
5411,222,275,Offensive,4,16
5412,222,862,Médiane,13,8
5413,222,753,Offensive,7,10
5414,222,826,Médiane,12,3
5415,222,11,Défensive,4,9
5416,222,215,Offensive,12,3
5417,222,892,Toute Surface,5,8
5418,222,914,Toute Surface,3,5
5419,222,180,Offensive,6,9
5420,222,607,Défensive,9,11
5421,222,107,Médiane,2,8
5422,222,836,Offensive,11,6
5423,222,88,Médiane,11,2
5424,222,718,Médiane,12,9
5425,223,944,Défensive,0,0
5426,223,843,Défensive,0,0
5427,223,168,Défensive,0,0
5428,223,409,Offensive,14,6
5429,223,982,Médiane,3,9
5430,223,587,Offensive,6,17
5431,223,275,Médiane,12,14
5432,223,862,Médiane,11,6
5433,223,753,Toute Surface,5,8
5434,223,826,Défensive,8,3
5435,223,11,Médiane,4,14
5436,223,215,Médiane,12,4
5437,223,892,Défensive,5,7
5438,223,914,Toute Surface,8,13
5439,223,180,Offensive,8,11
5440,223,607,Défensive,5,18
5441,223,107,Défensive,3,7
5442,223,836,Médiane,10,7
5443,223,88,Offensive,9,7
5444,223,718,Défensive,11,6
5445,224,944,Défensive,0,0
5446,224,843,Défensive,0,0
5447,224,168,Défensive,0,0
5448,224,409,Médiane,13,7
5449,224,982,Défensive,8,14
5450,224,587,Défensive,13,17
5451,224,275,Toute Surface,13,15
5452,224,862,Médiane,14,8
5453,224,753,Défensive,3,14
5454,224,826,Offensive,13,5
5455,224,11,Défensive,5,16
5456,224,215,Défensive,14,8
5457,224,892,Médiane,8,12
5458,224,914,Défensive,7,13
5459,224,180,Défensive,3,13
5460,224,607,Offensive,12,22
5461,224,107,Toute Surface,5,11
5462,224,836,Offensive,13,5
5463,224,88,Défensive,13,8
5464,224,718,Toute Surface,11,3
5465,225,944,Défensive,0,0
5466,225,843,Défensive,0,0
5467,225,168,Défensive,0,0
5468,225,409,Défensive,13,7
5469,225,982,Toute Surface,7,7
5470,225,587,Médiane,8,12
5471,225,275,Médiane,8,12
5472,225,862,Toute Surface,9,9
5473,225,753,Médiane,7,5
5474,225,826,Offensive,7,3
5475,225,11,Médiane,7,7
5476,225,215,Offensive,11,8
5477,225,892,Médiane,4,13
5478,225,914,Offensive,2,9
5479,225,180,Défensive,5,8
5480,225,607,Toute Surface,7,17
5481,225,107,Offensive,3,9
5482,225,836,Médiane,9,6
5483,225,88,Médiane,10,8
5484,225,718,Toute Surface,9,4
5485,226,944,Défensive,0,0
5486,226,843,Défensive,0,0
5487,226,168,Défensive,0,0
5488,226,409,Toute Surface,14,5
5489,226,982,Défensive,8,11
5490,226,587,Toute Surface,8,17
5491,226,275,Défensive,8,17
5492,226,862,Offensive,13,5
5493,226,753,Offensive,8,7
5494,226,826,Défensive,9,9
5495,226,11,Médiane,8,13
5496,226,215,Médiane,15,4
5497,226,892,Défensive,4,7
5498,226,914,Offensive,6,13
5499,226,180,Médiane,6,6
5500,226,607,Défensive,6,16
5501,226,107,Toute Surface,3,15
5502,226,836,Médiane,9,5
5503,226,88,Offensive,14,9
5504,226,718,Défensive,12,4
5505,227,944,Défensive,0,0
5506,227,843,Défensive,0,0
5507,227,168,Défensive,0,0
5508,227,409,Toute Surface,12,8
5509,227,982,Offensive,3,12
5510,227,587,Défensive,5,16
5511,227,275,Offensive,10,12
5512,227,862,Toute Surface,8,7
5513,227,753,Toute Surface,7,8
5514,227,826,Médiane,10,3
5515,227,11,Offensive,4,5
5516,227,215,Toute Surface,11,8
5517,227,892,Offensive,4,4
5518,227,914,Toute Surface,6,12
5519,227,180,Toute Surface,6,8
5520,227,607,Médiane,10,12
5521,227,107,Offensive,4,13
5522,227,836,Toute Surface,11,4
5523,227,88,Médiane,9,9
5524,227,718,Défensive,12,6
5525,228,944,Défensive,0,0
5526,228,843,Défensive,0,0
5527,228,168,Défensive,0,0
5528,228,409,Défensive,16,6
5529,228,982,Médiane,5,6
5530,228,587,Défensive,11,16
5531,228,275,Médiane,12,17
5532,228,862,Défensive,11,7
5533,228,753,Offensive,4,9
5534,228,826,Médiane,16,3
5535,228,11,Défensive,8,14
5536,228,215,Toute Surface,16,9
5537,228,892,Médiane,5,14
5538,228,914,Toute Surface,4,11
5539,228,180,Médiane,8,8
5540,228,607,Défensive,12,15
5541,228,107,Médiane,7,15
5542,228,836,Médiane,14,4
5543,228,88,Offensive,14,11
5544,228,718,Médiane,13,4
5545,229,944,Défensive,0,0
5546,229,843,Défensive,0,0
5547,229,168,Défensive,0,0
5548,229,409,Toute Surface,11,8
5549,229,982,Toute Surface,7,4
5550,229,587,Offensive,9,14
5551,229,275,Médiane,7,12
5552,229,862,Offensive,12,3
5553,229,753,Médiane,6,7
5554,229,826,Toute Surface,13,7
5555,229,11,Médiane,4,10
5556,229,215,Offensive,10,3
5557,229,892,Toute Surface,5,10
5558,229,914,Offensive,4,6
5559,229,180,Offensive,5,5
5560,229,607,Médiane,9,16
5561,229,107,Toute Surface,4,9
5562,229,836,Médiane,7,8
5563,229,88,Offensive,10,7
5564,229,718,Défensive,9,9
5565,230,944,Défensive,0,0
5566,230,843,Défensive,0,0
5567,230,168,Défensive,0,0
5568,230,409,Défensive,11,9
5569,230,982,Toute Surface,3,4
5570,230,587,Médiane,7,9
5571,230,275,Toute Surface,9,10
5572,230,862,Toute Surface,11,8
5573,230,753,Offensive,6,9
5574,230,826,Offensive,10,8
5575,230,11,Offensive,4,12
5576,230,215,Offensive,8,9
5577,230,892,Toute Surface,5,12
5578,230,914,Défensive,4,4
5579,230,180,Médiane,7,7
5580,230,607,Offensive,10,18
5581,230,107,Défensive,5,7
5582,230,836,Offensive,9,6
5583,230,88,Défensive,7,4
5584,230,718,Défensive,8,9
5585,231,944,Défensive,0,0
5586,231,843,Défensive,0,0
5587,231,168,Défensive,0,0
5588,231,409,Médiane,14,3
5589,231,982,Défensive,8,7
5590,231,587,Médiane,13,19
5591,231,275,Toute Surface,7,22
5592,231,862,Défensive,12,7
5593,231,753,Défensive,7,16
5594,231,826,Offensive,8,8
5595,231,11,Offensive,5,15
5596,231,215,Toute Surface,11,3
5597,231,892,Offensive,8,15
5598,231,914,Médiane,6,12
5599,231,180,Médiane,5,5
5600,231,607,Médiane,7,17
5601,231,107,Médiane,8,15
5602,231,836,Offensive,16,11
5603,231,88,Défensive,11,7
5604,231,718,Médiane,16,3
5605,232,944,Défensive,0,0
5606,232,843,Défensive,0,0
5607,232,168,Défensive,0,0
5608,232,409,Médiane,14,7
5609,232,982,Défensive,7,11
5610,232,587,Toute Surface,12,16
5611,232,275,Défensive,5,15
5612,232,862,Médiane,9,11
5613,232,753,Offensive,4,13
5614,232,826,Défensive,15,8
5615,232,11,Médiane,7,5
5616,232,215,Médiane,9,11
5617,232,892,Offensive,6,16
5618,232,914,Offensive,6,6
5619,232,180,Offensive,3,16
5620,232,607,Défensive,13,15
5621,232,107,Défensive,7,13
5622,232,836,Défensive,13,3
5623,232,88,Toute Surface,9,4
5624,232,718,Toute Surface,14,7
5625,233,944,Défensive,0,0
5626,233,843,Défensive,0,0
5627,233,168,Défensive,0,0
5628,233,409,Toute Surface,15,7
5629,233,982,Défensive,6,13
5630,233,587,Toute Surface,11,13
5631,233,275,Offensive,6,17
5632,233,862,Toute Surface,9,4
5633,233,753,Médiane,6,6
5634,233,826,Médiane,14,5
5635,233,11,Toute Surface,6,15
5636,233,215,Toute Surface,12,11
5637,233,892,Défensive,6,5
5638,233,914,Toute Surface,7,6
5639,233,180,Médiane,7,12
5640,233,607,Offensive,12,13
5641,233,107,Toute Surface,4,15
5642,233,836,Offensive,11,3
5643,233,88,Offensive,14,4
5644,233,718,Toute Surface,16,5
5645,234,944,Défensive,0,0
5646,234,843,Défensive,0,0
5647,234,168,Défensive,0,0
5648,234,409,Toute Surface,14,8
5649,234,982,Toute Surface,4,10
5650,234,587,Offensive,9,20
5651,234,275,Médiane,8,12
5652,234,862,Toute Surface,9,5
5653,234,753,Médiane,4,6
5654,234,826,Médiane,12,5
5655,234,11,Médiane,5,9
5656,234,215,Défensive,11,5
5657,234,892,Offensive,4,12
5658,234,914,Offensive,8,6
5659,234,180,Défensive,7,9
5660,234,607,Médiane,6,12
5661,234,107,Toute Surface,3,8
5662,234,836,Offensive,10,6
5663,234,88,Défensive,15,5
5664,234,718,Toute Surface,12,6
5665,235,944,Défensive,0,0
5666,235,843,Défensive,0,0
5667,235,168,Défensive,0,0
5668,235,409,Médiane,7,3
5669,235,982,Défensive,3,8
5670,235,587,Défensive,9,10
5671,235,275,Offensive,8,10
5672,235,862,Toute Surface,9,9
5673,235,753,Offensive,4,4
5674,235,826,Offensive,8,8
5675,235,11,Médiane,3,8
5676,235,215,Médiane,9,2
5677,235,892,Offensive,7,8
5678,235,914,Offensive,5,13
5679,235,180,Offensive,2,9
5680,235,607,Défensive,10,13
5681,235,107,Offensive,2,6
5682,235,836,Défensive,10,2
5683,235,88,Toute Surface,13,7
5684,235,718,Offensive,8,8
5685,236,944,Défensive,0,0
5686,236,843,Défensive,0,0
5687,236,168,Défensive,0,0
5688,236,409,Toute Surface,13,4
5689,236,982,Toute Surface,3,13
5690,236,587,Toute Surface,13,22
5691,236,275,Médiane,12,15
5692,236,862,Offensive,9,11
5693,236,753,Toute Surface,5,7
5694,236,826,Offensive,12,9
5695,236,11,Défensive,7,5
5696,236,215,Offensive,8,7
5697,236,892,Défensive,4,7
5698,236,914,Toute Surface,5,14
5699,236,180,Défensive,4,14
5700,236,607,Toute Surface,6,13
5701,236,107,Médiane,5,11
5702,236,836,Défensive,14,9
5703,236,88,Toute Surface,11,8
5704,236,718,Défensive,8,6
5705,237,944,Défensive,0,0
5706,237,843,Défensive,0,0
5707,237,168,Défensive,0,0
5708,237,409,Offensive,16,8
5709,237,982,Médiane,4,16
5710,237,587,Offensive,11,16
5711,237,275,Offensive,7,11
5712,237,862,Offensive,13,4
5713,237,753,Toute Surface,6,16
5714,237,826,Défensive,15,9
5715,237,11,Toute Surface,3,14
5716,237,215,Médiane,16,6
5717,237,892,Défensive,6,13
5718,237,914,Médiane,4,8
5719,237,180,Médiane,7,7
5720,237,607,Défensive,12,14
5721,237,107,Toute Surface,5,16
5722,237,836,Défensive,11,7
5723,237,88,Offensive,12,6
5724,237,718,Défensive,8,5
5725,238,944,Défensive,0,0
5726,238,843,Défensive,0,0
5727,238,168,Défensive,0,0
5728,238,409,Offensive,8,5
5729,238,982,Médiane,3,4
5730,238,587,Toute Surface,7,13
5731,238,275,Toute Surface,8,15
5732,238,862,Médiane,12,8
5733,238,753,Défensive,2,11
5734,238,826,Offensive,10,2
5735,238,11,Médiane,4,8
5736,238,215,Médiane,8,8
5737,238,892,Offensive,6,9
5738,238,914,Toute Surface,5,13
5739,238,180,Toute Surface,2,4
5740,238,607,Défensive,5,17
5741,238,107,Médiane,3,4
5742,238,836,Toute Surface,8,9
5743,238,88,Toute Surface,10,5
5744,238,718,Médiane,7,5
5745,239,944,Défensive,0,0
5746,239,843,Défensive,0,0
5747,239,168,Défensive,0,0
5748,239,409,Défensive,9,4
5749,239,982,Médiane,3,15
5750,239,587,Défensive,5,12
5751,239,275,Offensive,9,12
5752,239,862,Toute Surface,12,8
5753,239,753,Toute Surface,6,6
5754,239,826,Médiane,11,7
5755,239,11,Défensive,3,13
5756,239,215,Offensive,15,5
5757,239,892,Offensive,6,7
5758,239,914,Offensive,3,9
5759,239,180,Médiane,4,6
5760,239,607,Médiane,6,22
5761,239,107,Défensive,6,14
5762,239,836,Médiane,14,11
5763,239,88,Médiane,9,4
5764,239,718,Défensive,9,8
5765,240,944,Défensive,0,0
5766,240,843,Défensive,0,0
5767,240,168,Défensive,0,0
5768,240,409,Médiane,9,5
5769,240,982,Offensive,3,4
5770,240,587,Toute Surface,7,14
5771,240,275,Toute Surface,6,15
5772,240,862,Médiane,13,3
5773,240,753,Toute Surface,4,11
5774,240,826,Médiane,9,6
5775,240,11,Défensive,2,4
5776,240,215,Médiane,12,5
5777,240,892,Toute Surface,5,4
5778,240,914,Défensive,2,4
5779,240,180,Offensive,2,13
5780,240,607,Défensive,10,14
5781,240,107,Offensive,6,9
5782,240,836,Offensive,12,3
5783,240,88,Offensive,12,8
5784,240,718,Défensive,13,9
5785,241,944,Défensive,0,0
5786,241,843,Défensive,0,0
5787,241,168,Défensive,0,0
5788,241,409,Médiane,12,10
5789,241,982,Offensive,7,9
5790,241,587,Médiane,7,10
5791,241,275,Offensive,5,20
5792,241,862,Défensive,10,10
5793,241,753,Défensive,3,5
5794,241,826,Offensive,8,10
5795,241,11,Défensive,8,8
5796,241,215,Offensive,10,3
5797,241,892,Toute Surface,7,5
5798,241,914,Toute Surface,4,8
5799,241,180,Médiane,6,10
5800,241,607,Défensive,10,10
5801,241,107,Défensive,8,6
5802,241,836,Toute Surface,10,9
5803,241,88,Toute Surface,13,7
5804,241,718,Défensive,8,7
5805,242,944,Défensive,0,0
5806,242,843,Défensive,0,0
5807,242,168,Défensive,0,0
5808,242,409,Médiane,13,4
5809,242,982,Toute Surface,6,7
5810,242,587,Offensive,8,15
5811,242,275,Offensive,5,18
5812,242,862,Toute Surface,9,3
5813,242,753,Défensive,7,6
5814,242,826,Défensive,10,9
5815,242,11,Toute Surface,7,5
5816,242,215,Offensive,8,9
5817,242,892,Toute Surface,6,6
5818,242,914,Toute Surface,2,5
5819,242,180,Médiane,2,6
5820,242,607,Offensive,7,17
5821,242,107,Médiane,2,5
5822,242,836,Défensive,9,8
5823,242,88,Médiane,13,4
5824,242,718,Offensive,9,7
5825,243,944,Défensive,0,0
5826,243,843,Défensive,0,0
5827,243,168,Défensive,0,0
5828,243,409,Défensive,7,7
5829,243,982,Toute Surface,4,9
5830,243,587,Toute Surface,10,14
5831,243,275,Médiane,9,12
5832,243,862,Défensive,9,7
5833,243,753,Offensive,5,9
5834,243,826,Offensive,13,8
5835,243,11,Médiane,6,9
5836,243,215,Offensive,9,5
5837,243,892,Médiane,4,11
5838,243,914,Médiane,7,10
5839,243,180,Défensive,2,9
5840,243,607,Toute Surface,10,11
5841,243,107,Offensive,5,6
5842,243,836,Offensive,9,7
5843,243,88,Offensive,9,6
5844,243,718,Offensive,7,8
5845,244,944,Défensive,0,0
5846,244,843,Défensive,0,0
5847,244,168,Défensive,0,0
5848,244,409,Offensive,13,9
5849,244,982,Toute Surface,5,9
5850,244,587,Offensive,9,12
5851,244,275,Toute Surface,8,9
5852,244,862,Défensive,10,3
5853,244,753,Défensive,2,13
5854,244,826,Offensive,10,4
5855,244,11,Toute Surface,7,10
5856,244,215,Offensive,9,9
5857,244,892,Médiane,6,7
5858,244,914,Médiane,2,9
5859,244,180,Offensive,5,13
5860,244,607,Défensive,9,14
5861,244,107,Médiane,3,8
5862,244,836,Défensive,9,3
5863,244,88,Médiane,9,8
5864,244,718,Médiane,10,5
5865,245,944,Défensive,0,0
5866,245,843,Défensive,0,0
5867,245,168,Défensive,0,0
5868,245,409,Toute Surface,11,9
5869,245,982,Défensive,8,13
5870,245,587,Toute Surface,11,22
5871,245,275,Médiane,12,12
5872,245,862,Offensive,8,4
5873,245,753,Offensive,8,16
5874,245,826,Défensive,8,8
5875,245,11,Médiane,3,12
5876,245,215,Médiane,9,6
5877,245,892,Toute Surface,6,5
5878,245,914,Toute Surface,4,8
5879,245,180,Médiane,3,11
5880,245,607,Offensive,6,19
5881,245,107,Offensive,4,11
5882,245,836,Toute Surface,14,11
5883,245,88,Défensive,8,4
5884,245,718,Défensive,9,4
5885,246,944,Défensive,0,0
5886,246,843,Défensive,0,0
5887,246,168,Défensive,0,0
5888,246,409,Défensive,11,7
5889,246,982,Offensive,5,11
5890,246,587,Offensive,4,12
5891,246,275,Toute Surface,9,10
5892,246,862,Offensive,9,6
5893,246,753,Toute Surface,2,13
5894,246,826,Offensive,10,8
5895,246,11,Offensive,5,6
5896,246,215,Offensive,8,2
5897,246,892,Toute Surface,3,13
5898,246,914,Toute Surface,7,8
5899,246,180,Toute Surface,3,9
5900,246,607,Médiane,7,18
5901,246,107,Offensive,6,6
5902,246,836,Médiane,12,6
5903,246,88,Offensive,8,3
5904,246,718,Toute Surface,11,3
5905,247,944,Défensive,0,0
5906,247,843,Défensive,0,0
5907,247,168,Défensive,0,0
5908,247,409,Toute Surface,15,4
5909,247,982,Toute Surface,4,12
5910,247,587,Offensive,5,15
5911,247,275,Offensive,6,18
5912,247,862,Défensive,8,9
5913,247,753,Défensive,7,5
5914,247,826,Offensive,8,6
5915,247,11,Toute Surface,6,14
5916,247,215,Offensive,15,9
5917,247,892,Défensive,3,6
5918,247,914,Offensive,7,14
5919,247,180,Offensive,3,6
5920,247,607,Toute Surface,11,18
5921,247,107,Toute Surface,3,6
5922,247,836,Médiane,9,3
5923,247,88,Toute Surface,8,6
5924,247,718,Médiane,12,3
5925,248,944,Défensive,0,0
5926,248,843,Défensive,0,0
5927,248,168,Défensive,0,0
5928,248,409,Toute Surface,8,3
5929,248,982,Défensive,7,10
5930,248,587,Défensive,7,15
5931,248,275,Médiane,10,13
5932,248,862,Défensive,13,8
5933,248,753,Toute Surface,4,11
5934,248,826,Médiane,9,2
5935,248,11,Toute Surface,5,9
5936,248,215,Médiane,13,8
5937,248,892,Toute Surface,4,7
5938,248,914,Toute Surface,7,9
5939,248,180,Défensive,2,10
5940,248,607,Défensive,6,16
5941,248,107,Toute Surface,4,13
5942,248,836,Médiane,11,9
5943,248,88,Médiane,11,4
5944,248,718,Défensive,9,7
5945,249,944,Défensive,0,0
5946,249,843,Défensive,0,0
5947,249,168,Défensive,0,0
5948,249,409,Défensive,7,9
5949,249,982,Toute Surface,6,9
5950,249,587,Offensive,9,17
5951,249,275,Défensive,4,17
5952,249,862,Toute Surface,9,8
5953,249,753,Médiane,5,13
5954,249,826,Médiane,12,2
5955,249,11,Médiane,4,13
5956,249,215,Défensive,9,3
5957,249,892,Défensive,2,13
5958,249,914,Offensive,5,5
5959,249,180,Défensive,7,5
5960,249,607,Médiane,10,13
5961,249,107,Offensive,7,6
5962,249,836,Médiane,9,9
5963,249,88,Offensive,9,8
5964,249,718,Défensive,9,7
5965,250,944,Défensive,0,0
5966,250,843,Défensive,0,0
5967,250,168,Défensive,0,0
5968,250,409,Médiane,12,4
5969,250,982,Défensive,5,11
5970,250,587,Médiane,5,14
5971,250,275,Offensive,5,11
5972,250,862,Défensive,7,3
5973,250,753,Médiane,4,5
5974,250,826,Offensive,9,7
5975,250,11,Médiane,3,7
5976,250,215,Défensive,12,6
5977,250,892,Défensive,6,4
5978,250,914,Toute Surface,2,11
5979,250,180,Offensive,6,9
5980,250,607,Toute Surface,6,18
5981,250,107,Toute Surface,5,11
5982,250,836,Médiane,13,8
5983,250,88,Toute Surface,9,7
5984,250,718,Offensive,10,9
5985,251,866,Défensive,0,0
5986,251,406,Aucune,0,0
5987,251,731,Défensive,0,0
5988,251,380,Aucune,0,0
5989,251,976,Toute Surface,14,9
5990,251,590,Toute Surface,4,11
5991,251,715,Toute Surface,6,13
5992,251,342,Toute Surface,4,16
5993,251,258,Défensive,7,11
5994,251,18,Offensive,14,6
5995,251,943,Défensive,14,5
5996,251,996,Aucune,0,0
5997,251,38,Aucune,0,0
5998,251,206,Médiane,11,16
5999,251,100,Aucune,0,0
6000,251,831,Médiane,8,12
6001,251,664,Offensive,11,16
6002,251,66,Aucune,0,0
6003,251,77,Aucune,0,0
6004,251,89,Toute Surface,13,4
6005,251,897,Offensive,14,5
6006,251,726,Aucune,0,0
6007,251,849,Aucune,0,0
6008,251,30,Médiane,8,8
6009,251,809,Aucune,0,0
6010,252,866,Défensive,0,0
6011,252,406,Défensive,0,0
6012,252,731,Défensive,0,0
6013,252,380,Médiane,13,20
6014,252,976,Offensive,11,7
6015,252,590,Médiane,3,14
6016,252,715,Défensive,8,13
6017,252,342,Offensive,8,13
6018,252,258,Défensive,13,17
6019,252,18,Défensive,11,3
6020,252,943,Médiane,11,7
6021,252,996,Aucune,0,0
6022,252,38,Médiane,8,11
6023,252,206,Médiane,11,22
6024,252,100,Médiane,4,12
6025,252,831,Toute Surface,7,12
6026,252,664,Médiane,5,15
6027,252,66,Aucune,0,0
6028,252,77,Toute Surface,7,6
6029,252,89,Toute Surface,15,3
6030,252,897,Défensive,16,7
6031,252,726,Toute Surface,12,19
6032,252,849,Aucune,0,0
6033,252,30,Médiane,11,8
6034,252,809,Médiane,12,6
6035,253,866,Défensive,0,0
6036,253,406,Défensive,0,0
6037,253,731,Défensive,0,0
6038,253,380,Médiane,10,9
6039,253,976,Offensive,8,3
6040,253,590,Toute Surface,2,8
6041,253,715,Offensive,4,9
6042,253,342,Offensive,3,5
6043,253,258,Défensive,9,16
6044,253,18,Offensive,8,2
6045,253,943,Médiane,11,6
6046,253,996,Aucune,0,0
6047,253,38,Défensive,9,16
6048,253,206,Offensive,4,16
6049,253,100,Médiane,3,8
6050,253,831,Médiane,9,10
6051,253,664,Toute Surface,9,14
6052,253,66,Aucune,0,0
6053,253,77,Défensive,5,4
6054,253,89,Offensive,9,4
6055,253,897,Défensive,9,8
6056,253,726,Défensive,6,10
6057,253,849,Aucune,0,0
6058,253,30,Défensive,9,7
6059,253,809,Toute Surface,8,5
6060,254,866,Défensive,0,0
6061,254,406,Défensive,0,0
6062,254,731,Défensive,0,0
6063,254,380,Médiane,11,17
6064,254,976,Toute Surface,13,3
6065,254,590,Offensive,7,7
6066,254,715,Toute Surface,3,11
6067,254,342,Offensive,7,14
6068,254,258,Toute Surface,5,14
6069,254,18,Défensive,13,4
6070,254,943,Toute Surface,15,4
6071,254,996,Offensive,5,20
6072,254,38,Offensive,6,17
6073,254,206,Offensive,8,10
6074,254,100,Offensive,3,5
6075,254,831,Médiane,6,10
6076,254,664,Défensive,9,13
6077,254,66,Défensive,10,6
6078,254,77,Offensive,6,8
6079,254,89,Défensive,10,5
6080,254,897,Défensive,8,10
6081,254,726,Toute Surface,9,20
6082,254,849,Aucune,0,0
6083,254,30,Offensive,11,8
6084,254,809,Médiane,11,7
6085,255,866,Défensive,0,0
6086,255,406,Défensive,0,0
6087,255,731,Défensive,0,0
6088,255,380,Médiane,12,16
6089,255,976,Toute Surface,15,3
6090,255,590,Médiane,5,8
6091,255,715,Toute Surface,6,14
6092,255,342,Défensive,4,6
6093,255,258,Toute Surface,6,11
6094,255,18,Médiane,9,8
6095,255,943,Toute Surface,8,4
6096,255,996,Offensive,8,12
6097,255,38,Médiane,7,14
6098,255,206,Défensive,9,15
6099,255,100,Médiane,8,6
6100,255,831,Offensive,6,20
6101,255,664,Toute Surface,5,13
6102,255,66,Défensive,15,4
6103,255,77,Défensive,6,14
6104,255,89,Médiane,9,11
6105,255,897,Offensive,16,4
6106,255,726,Défensive,8,17
6107,255,849,Offensive,5,15
6108,255,30,Médiane,8,8
6109,255,809,Défensive,13,3
6110,256,866,Défensive,0,0
6111,256,406,Défensive,0,0
6112,256,731,Défensive,0,0
6113,256,380,Défensive,7,10
6114,256,976,Toute Surface,10,8
6115,256,590,Défensive,3,13
6116,256,715,Offensive,4,9
6117,256,342,Offensive,5,9
6118,256,258,Offensive,8,16
6119,256,18,Offensive,11,7
6120,256,943,Offensive,15,8
6121,256,996,Toute Surface,7,18
6122,256,38,Médiane,5,12
6123,256,206,Toute Surface,5,11
6124,256,100,Médiane,4,15
6125,256,831,Toute Surface,12,11
6126,256,664,Médiane,5,12
6127,256,66,Toute Surface,13,8
6128,256,77,Médiane,8,7
6129,256,89,Toute Surface,9,10
6130,256,897,Offensive,11,8
6131,256,726,Offensive,7,15
6132,256,849,Défensive,8,10
6133,256,30,Défensive,11,10
6134,256,809,Toute Surface,12,6
6135,257,866,Défensive,0,0
6136,257,406,Défensive,0,0
6137,257,731,Défensive,0,0
6138,257,380,Offensive,10,17
6139,257,976,Toute Surface,9,3
6140,257,590,Médiane,4,11
6141,257,715,Offensive,6,7
6142,257,342,Toute Surface,4,9
6143,257,258,Défensive,7,12
6144,257,18,Défensive,11,7
6145,257,943,Offensive,12,6
6146,257,996,Médiane,9,17
6147,257,38,Toute Surface,9,11
6148,257,206,Défensive,4,18
6149,257,100,Défensive,2,10
6150,257,831,Médiane,9,13
6151,257,664,Toute Surface,9,15
6152,257,66,Toute Surface,9,6
6153,257,77,Toute Surface,3,7
6154,257,89,Médiane,12,2
6155,257,897,Toute Surface,13,6
6156,257,726,Défensive,5,17
6157,257,849,Médiane,9,17
6158,257,30,Offensive,9,7
6159,257,809,Offensive,9,7
6160,258,866,Défensive,0,0
6161,258,406,Défensive,0,0
6162,258,731,Défensive,0,0
6163,258,380,Offensive,11,12
6164,258,976,Toute Surface,14,8
6165,258,590,Défensive,4,6
6166,258,715,Défensive,8,7
6167,258,342,Toute Surface,3,14
6168,258,258,Défensive,5,18
6169,258,18,Offensive,11,4
6170,258,943,Défensive,9,3
6171,258,996,Défensive,10,18
6172,258,38,Toute Surface,10,12
6173,258,206,Toute Surface,7,17
6174,258,100,Offensive,4,12
6175,258,831,Défensive,11,15
6176,258,664,Toute Surface,12,18
6177,258,66,Défensive,9,3
6178,258,77,Toute Surface,7,15
6179,258,89,Toute Surface,15,5
6180,258,897,Offensive,11,5
6181,258,726,Médiane,8,11
6182,258,849,Défensive,10,20
6183,258,30,Médiane,15,7
6184,258,809,Défensive,8,6
6185,259,866,Défensive,0,0
6186,259,406,Défensive,0,0
6187,259,731,Défensive,0,0
6188,259,380,Offensive,11,12
6189,259,976,Toute Surface,13,4
6190,259,590,Toute Surface,4,7
6191,259,715,Toute Surface,7,11
6192,259,342,Médiane,3,9
6193,259,258,Toute Surface,9,20
6194,259,18,Toute Surface,15,7
6195,259,943,Toute Surface,12,6
6196,259,996,Toute Surface,12,20
6197,259,38,Offensive,9,20
6198,259,206,Médiane,12,19
6199,259,100,Toute Surface,6,9
6200,259,831,Défensive,7,20
6201,259,664,Toute Surface,11,19
6202,259,66,Offensive,13,8
6203,259,77,Médiane,7,5
6204,259,89,Offensive,14,3
6205,259,897,Défensive,8,10
6206,259,726,Offensive,7,15
6207,259,849,Défensive,11,17
6208,259,30,Médiane,13,9
6209,259,809,Offensive,13,9
6210,260,866,Défensive,0,0
6211,260,406,Défensive,0,0
6212,260,731,Défensive,0,0
6213,260,380,Toute Surface,4,11
6214,260,976,Offensive,11,6
6215,260,590,Médiane,4,6
6216,260,715,Offensive,3,12
6217,260,342,Médiane,2,6
6218,260,258,Toute Surface,6,9
6219,260,18,Médiane,10,8
6220,260,943,Toute Surface,9,2
6221,260,996,Offensive,7,18
6222,260,38,Médiane,9,17
6223,260,206,Offensive,4,18
6224,260,100,Toute Surface,4,9
6225,260,831,Toute Surface,7,15
6226,260,664,Défensive,7,13
6227,260,66,Offensive,12,4
6228,260,77,Toute Surface,4,7
6229,260,89,Toute Surface,10,2
6230,260,897,Défensive,13,4
6231,260,726,Toute Surface,5,9
6232,260,849,Offensive,5,13
6233,260,30,Médiane,11,7
6234,260,809,Défensive,12,4
6235,261,866,Défensive,0,0
6236,261,406,Défensive,0,0
6237,261,731,Défensive,0,0
6238,261,380,Médiane,8,13
6239,261,976,Offensive,11,9
6240,261,590,Offensive,3,9
6241,261,715,Défensive,8,5
6242,261,342,Médiane,7,6
6243,261,258,Offensive,8,20
6244,261,18,Médiane,12,4
6245,261,943,Défensive,16,8
6246,261,996,Offensive,5,13
6247,261,38,Toute Surface,12,12
6248,261,206,Médiane,12,14
6249,261,100,Offensive,8,8
6250,261,831,Défensive,13,22
6251,261,664,Toute Surface,5,16
6252,261,66,Toute Surface,9,5
6253,261,77,Toute Surface,3,7
6254,261,89,Défensive,12,3
6255,261,897,Médiane,8,3
6256,261,726,Offensive,12,17
6257,261,849,Défensive,9,11
6258,261,30,Toute Surface,8,11
6259,261,809,Défensive,14,7
6260,262,866,Défensive,0,0
6261,262,406,Défensive,0,0
6262,262,731,Défensive,0,0
6263,262,380,Défensive,8,22
6264,262,976,Médiane,16,11
6265,262,590,Toute Surface,4,8
6266,262,715,Toute Surface,6,12
6267,262,342,Médiane,3,7
6268,262,258,Médiane,13,22
6269,262,18,Défensive,14,11
6270,262,943,Défensive,11,11
6271,262,996,Offensive,9,18
6272,262,38,Offensive,13,13
6273,262,206,Toute Surface,6,13
6274,262,100,Médiane,3,6
6275,262,831,Médiane,6,18
6276,262,664,Offensive,7,15
6277,262,66,Offensive,14,11
6278,262,77,Toute Surface,3,9
6279,262,89,Défensive,11,11
6280,262,897,Médiane,9,11
6281,262,726,Toute Surface,5,18
6282,262,849,Offensive,5,18
6283,262,30,Offensive,9,6
6284,262,809,Médiane,12,5
6285,263,866,Défensive,0,0
6286,263,406,Défensive,0,0
6287,263,731,Défensive,0,0
6288,263,380,Toute Surface,5,17
6289,263,976,Défensive,8,9
6290,263,590,Offensive,6,8
6291,263,715,Défensive,4,9
6292,263,342,Défensive,7,8
6293,263,258,Offensive,11,12
6294,263,18,Toute Surface,15,7
6295,263,943,Médiane,13,3
6296,263,996,Toute Surface,5,20
6297,263,38,Défensive,12,11
6298,263,206,Toute Surface,8,14
6299,263,100,Toute Surface,4,11
6300,263,831,Médiane,8,13
6301,263,664,Offensive,13,18
6302,263,66,Offensive,8,7
6303,263,77,Médiane,5,12
6304,263,89,Médiane,8,11
6305,263,897,Offensive,8,7
6306,263,726,Défensive,6,13
6307,263,849,Toute Surface,12,17
6308,263,30,Toute Surface,12,11
6309,263,809,Défensive,14,4
6310,264,866,Défensive,0,0
6311,264,406,Défensive,0,0
6312,264,731,Défensive,0,0
6313,264,380,Médiane,10,19
6314,264,976,Toute Surface,8,7
6315,264,590,Médiane,6,7
6316,264,715,Défensive,6,10
6317,264,342,Toute Surface,5,9
6318,264,258,Offensive,11,14
6319,264,18,Médiane,14,8
6320,264,943,Médiane,11,8
6321,264,996,Médiane,8,20
6322,264,38,Toute Surface,8,11
6323,264,206,Médiane,10,13
6324,264,100,Défensive,8,12
6325,264,831,Médiane,6,12
6326,264,664,Défensive,11,17
6327,264,66,Médiane,9,7
6328,264,77,Offensive,7,10
6329,264,89,Offensive,9,8
6330,264,897,Toute Surface,8,5
6331,264,726,Médiane,6,12
6332,264,849,Toute Surface,6,16
6333,264,30,Défensive,13,6
6334,264,809,Médiane,8,6
6335,265,866,Défensive,0,0
6336,265,406,Défensive,0,0
6337,265,731,Défensive,0,0
6338,265,380,Toute Surface,7,16
6339,265,976,Défensive,9,9
6340,265,590,Offensive,8,11
6341,265,715,Toute Surface,3,11
6342,265,342,Médiane,8,15
6343,265,258,Médiane,9,18
6344,265,18,Offensive,9,8
6345,265,943,Offensive,9,9
6346,265,996,Défensive,11,13
6347,265,38,Offensive,8,11
6348,265,206,Médiane,9,17
6349,265,100,Défensive,8,14
6350,265,831,Toute Surface,8,14
6351,265,664,Défensive,12,15
6352,265,66,Offensive,15,8
6353,265,77,Toute Surface,5,8
6354,265,89,Médiane,8,8
6355,265,897,Défensive,15,10
6356,265,726,Défensive,11,14
6357,265,849,Offensive,11,14
6358,265,30,Toute Surface,13,9
6359,265,809,Défensive,9,9
6360,266,866,Défensive,0,0
6361,266,406,Défensive,0,0
6362,266,731,Défensive,0,0
6363,266,380,Offensive,8,9
6364,266,976,Médiane,13,2
6365,266,590,Défensive,4,7
6366,266,715,Défensive,2,12
6367,266,342,Offensive,3,6
6368,266,258,Médiane,8,12
6369,266,18,Défensive,7,2
6370,266,943,Médiane,7,5
6371,266,996,Offensive,9,12
6372,266,38,Offensive,10,9
6373,266,206,Défensive,10,14
6374,266,100,Toute Surface,4,13
6375,266,831,Offensive,6,10
6376,266,664,Défensive,6,14
6377,266,66,Médiane,12,9
6378,266,77,Médiane,7,8
6379,266,89,Défensive,13,5
6380,266,897,Médiane,9,7
6381,266,726,Toute Surface,5,9
6382,266,849,Toute Surface,5,9
6383,266,30,Offensive,8,2
6384,266,809,Offensive,13,8
6385,267,866,Défensive,0,0
6386,267,406,Défensive,0,0
6387,267,731,Défensive,0,0
6388,267,380,Offensive,12,22
6389,267,976,Offensive,9,9
6390,267,590,Offensive,8,11
6391,267,715,Toute Surface,8,5
6392,267,342,Médiane,8,6
6393,267,258,Offensive,5,13
6394,267,18,Offensive,15,6
6395,267,943,Défensive,14,3
6396,267,996,Défensive,12,16
6397,267,38,Médiane,12,12
6398,267,206,Médiane,5,17
6399,267,100,Médiane,3,14
6400,267,831,Toute Surface,8,20
6401,267,664,Offensive,12,11
6402,267,66,Médiane,12,3
6403,267,77,Offensive,4,11
6404,267,89,Défensive,8,11
6405,267,897,Défensive,14,7
6406,267,726,Toute Surface,12,11
6407,267,849,Offensive,9,12
6408,267,30,Offensive,16,9
6409,267,809,Médiane,9,9
6410,268,866,Défensive,0,0
6411,268,406,Défensive,0,0
6412,268,731,Défensive,0,0
6413,268,380,Offensive,5,17
6414,268,976,Offensive,13,6
6415,268,590,Toute Surface,5,5
6416,268,715,Défensive,4,11
6417,268,342,Médiane,3,16
6418,268,258,Défensive,6,15
6419,268,18,Médiane,14,8
6420,268,943,Médiane,9,11
6421,268,996,Défensive,12,12
6422,268,38,Offensive,13,12
6423,268,206,Défensive,11,22
6424,268,100,Défensive,5,11
6425,268,831,Toute Surface,7,11
6426,268,664,Toute Surface,12,15
6427,268,66,Offensive,8,7
6428,268,77,Offensive,7,13
6429,268,89,Défensive,8,4
6430,268,897,Défensive,8,4
6431,268,726,Médiane,13,13
6432,268,849,Offensive,12,14
6433,268,30,Médiane,12,11
6434,268,809,Toute Surface,11,7
6435,269,866,Défensive,0,0
6436,269,406,Défensive,0,0
6437,269,731,Défensive,0,0
6438,269,380,Offensive,11,20
6439,269,976,Médiane,11,11
6440,269,590,Offensive,6,13
6441,269,715,Médiane,4,14
6442,269,342,Offensive,3,14
6443,269,258,Offensive,5,12
6444,269,18,Toute Surface,15,11
6445,269,943,Défensive,13,6
6446,269,996,Médiane,9,20
6447,269,38,Défensive,13,22
6448,269,206,Toute Surface,13,11
6449,269,100,Toute Surface,6,9
6450,269,831,Offensive,11,14
6451,269,664,Défensive,9,20
6452,269,66,Toute Surface,9,4
6453,269,77,Médiane,4,5
6454,269,89,Médiane,13,9
6455,269,897,Toute Surface,16,9
6456,269,726,Toute Surface,7,20
6457,269,849,Défensive,5,12
6458,269,30,Toute Surface,12,11
6459,269,809,Défensive,15,6
6460,270,866,Défensive,0,0
6461,270,406,Défensive,0,0
6462,270,731,Défensive,0,0
6463,270,380,Défensive,6,11
6464,270,976,Médiane,11,10
6465,270,590,Offensive,8,9
6466,270,715,Défensive,3,6
6467,270,342,Médiane,4,9
6468,270,258,Offensive,7,14
6469,270,18,Médiane,13,7
6470,270,943,Offensive,8,4
6471,270,996,Médiane,10,18
6472,270,38,Toute Surface,9,18
6473,270,206,Défensive,11,17
6474,270,100,Offensive,8,7
6475,270,831,Offensive,8,15
6476,270,664,Défensive,7,10
6477,270,66,Toute Surface,8,8
6478,270,77,Médiane,8,5
6479,270,89,Offensive,8,7
6480,270,897,Défensive,13,7
6481,270,726,Toute Surface,12,13
6482,270,849,Défensive,11,13
6483,270,30,Toute Surface,9,3
6484,270,809,Médiane,15,9
6485,271,866,Défensive,0,0
6486,271,406,Défensive,0,0
6487,271,731,Défensive,0,0
6488,271,380,Toute Surface,7,22
6489,271,976,Toute Surface,9,11
6490,271,590,Défensive,6,8
6491,271,715,Toute Surface,3,8
6492,271,342,Défensive,3,14
6493,271,258,Médiane,7,20
6494,271,18,Médiane,14,4
6495,271,943,Toute Surface,16,9
6496,271,996,Toute Surface,7,15
6497,271,38,Défensive,11,15
6498,271,206,Toute Surface,5,13
6499,271,100,Offensive,7,14
6500,271,831,Défensive,5,13
6501,271,664,Défensive,6,12
6502,271,66,Offensive,15,5
6503,271,77,Défensive,7,11
6504,271,89,Toute Surface,16,3
6505,271,897,Toute Surface,15,8
6506,271,726,Offensive,13,12
6507,271,849,Offensive,5,14
6508,271,30,Offensive,12,11
6509,271,809,Médiane,8,11
6510,272,866,Défensive,0,0
6511,272,406,Défensive,0,0
6512,272,731,Défensive,0,0
6513,272,380,Médiane,11,19
6514,272,976,Offensive,15,7
6515,272,590,Toute Surface,5,7
6516,272,715,Défensive,8,11
6517,272,342,Toute Surface,7,15
6518,272,258,Offensive,8,16
6519,272,18,Toute Surface,13,6
6520,272,943,Offensive,9,6
6521,272,996,Offensive,7,19
6522,272,38,Médiane,6,20
6523,272,206,Médiane,12,11
6524,272,100,Médiane,3,13
6525,272,831,Médiane,9,11
6526,272,664,Médiane,9,19
6527,272,66,Médiane,14,3
6528,272,77,Défensive,3,8
6529,272,89,Défensive,11,7
6530,272,897,Toute Surface,11,9
6531,272,726,Défensive,9,16
6532,272,849,Offensive,9,12
6533,272,30,Toute Surface,9,3
6534,272,809,Toute Surface,16,3
6535,273,866,Défensive,0,0
6536,273,406,Défensive,0,0
6537,273,731,Défensive,0,0
6538,273,380,Toute Surface,7,18
6539,273,976,Défensive,11,8
6540,273,590,Défensive,6,9
6541,273,715,Défensive,6,8
6542,273,342,Toute Surface,7,9
6543,273,258,Toute Surface,6,12
6544,273,18,Médiane,9,4
6545,273,943,Toute Surface,8,8
6546,273,996,Offensive,7,10
6547,273,38,Défensive,8,19
6548,273,206,Médiane,5,18
6549,273,100,Offensive,6,9
6550,273,831,Toute Surface,6,13
6551,273,664,Défensive,8,14
6552,273,66,Offensive,15,10
6553,273,77,Toute Surface,4,10
6554,273,89,Toute Surface,11,9
6555,273,897,Offensive,10,7
6556,273,726,Défensive,11,11
6557,273,849,Offensive,10,20
6558,273,30,Offensive,10,10
6559,273,809,Toute Surface,14,6
6560,274,866,Défensive,0,0
6561,274,406,Défensive,0,0
6562,274,731,Défensive,0,0
6563,274,380,Offensive,11,20
6564,274,976,Défensive,12,3
6565,274,590,Offensive,6,7
6566,274,715,Médiane,3,8
6567,274,342,Défensive,8,9
6568,274,258,Médiane,12,14
6569,274,18,Offensive,9,11
6570,274,943,Médiane,12,6
6571,274,996,Offensive,5,14
6572,274,38,Médiane,12,18
6573,274,206,Médiane,12,13
6574,274,100,Médiane,3,8
6575,274,831,Médiane,12,12
6576,274,664,Défensive,7,12
6577,274,66,Médiane,8,6
6578,274,77,Offensive,6,9
6579,274,89,Offensive,13,8
6580,274,897,Offensive,11,4
6581,274,726,Médiane,12,18
6582,274,849,Médiane,12,19
6583,274,30,Médiane,12,9
6584,274,809,Médiane,12,8
6585,275,866,Défensive,0,0
6586,275,406,Défensive,0,0
6587,275,731,Défensive,0,0
6588,275,380,Défensive,6,17
6589,275,976,Défensive,9,5
6590,275,590,Offensive,8,15
6591,275,715,Offensive,5,5
6592,275,342,Offensive,5,16
6593,275,258,Offensive,9,13
6594,275,18,Offensive,11,7
6595,275,943,Médiane,16,4
6596,275,996,Défensive,6,12
6597,275,38,Médiane,12,19
6598,275,206,Médiane,13,13
6599,275,100,Toute Surface,3,14
6600,275,831,Toute Surface,13,13
6601,275,664,Défensive,6,11
6602,275,66,Toute Surface,14,4
6603,275,77,Toute Surface,3,11
6604,275,89,Toute Surface,13,11
6605,275,897,Défensive,11,8
6606,275,726,Médiane,9,19
6607,275,849,Médiane,13,12
6608,275,30,Offensive,11,7
6609,275,809,Défensive,14,7
6610,276,866,Défensive,0,0
6611,276,406,Défensive,0,0
6612,276,731,Défensive,0,0
6613,276,380,Défensive,8,20
6614,276,976,Médiane,14,8
6615,276,590,Offensive,4,9
6616,276,715,Défensive,6,8
6617,276,342,Défensive,6,8
6618,276,258,Défensive,12,20
6619,276,18,Toute Surface,11,6
6620,276,943,Défensive,13,11
6621,276,996,Toute Surface,11,14
6622,276,38,Médiane,12,15
6623,276,206,Défensive,13,14
6624,276,100,Offensive,8,7
6625,276,831,Toute Surface,8,20
6626,276,664,Offensive,9,16
6627,276,66,Offensive,16,11
6628,276,77,Offensive,4,11
6629,276,89,Défensive,15,6
6630,276,897,Toute Surface,11,9
6631,276,726,Toute Surface,12,19
6632,276,849,Offensive,13,16
6633,276,30,Toute Surface,13,6
6634,276,809,Médiane,16,3
6635,277,866,Défensive,0,0
6636,277,406,Défensive,0,0
6637,277,731,Défensive,0,0
6638,277,380,Médiane,9,15
6639,277,976,Médiane,9,8
6640,277,590,Offensive,5,13
6641,277,715,Médiane,5,10
6642,277,342,Toute Surface,8,15
6643,277,258,Médiane,11,13
6644,277,18,Offensive,10,9
6645,277,943,Offensive,9,4
6646,277,996,Défensive,12,13
6647,277,38,Médiane,8,17
6648,277,206,Offensive,7,19
6649,277,100,Défensive,5,7
6650,277,831,Médiane,6,10
6651,277,664,Médiane,5,13
6652,277,66,Offensive,14,5
6653,277,77,Défensive,3,13
6654,277,89,Offensive,9,8
6655,277,897,Médiane,14,6
6656,277,726,Toute Surface,5,20
6657,277,849,Médiane,11,13
6658,277,30,Médiane,15,8
6659,277,809,Toute Surface,9,8
6660,278,866,Défensive,0,0
6661,278,406,Défensive,0,0
6662,278,731,Défensive,0,0
6663,278,380,Défensive,5,19
6664,278,976,Médiane,13,4
6665,278,590,Défensive,7,11
6666,278,715,Toute Surface,8,9
6667,278,342,Défensive,4,6
6668,278,258,Médiane,11,22
6669,278,18,Offensive,11,4
6670,278,943,Médiane,16,7
6671,278,996,Toute Surface,6,20
6672,278,38,Offensive,13,11
6673,278,206,Médiane,13,16
6674,278,100,Offensive,7,5
6675,278,831,Toute Surface,6,11
6676,278,664,Médiane,7,11
6677,278,66,Médiane,13,6
6678,278,77,Offensive,8,12
6679,278,89,Offensive,9,11
6680,278,897,Médiane,16,7
6681,278,726,Défensive,8,16
6682,278,849,Offensive,5,16
6683,278,30,Défensive,11,3
6684,278,809,Défensive,13,4
6685,279,866,Défensive,0,0
6686,279,406,Défensive,0,0
6687,279,731,Défensive,0,0
6688,279,380,Défensive,6,16
6689,279,976,Offensive,10,4
6690,279,590,Offensive,8,11
6691,279,715,Défensive,5,13
6692,279,342,Médiane,6,10
6693,279,258,Offensive,7,17
6694,279,18,Toute Surface,12,8
6695,279,943,Médiane,10,10
6696,279,996,Toute Surface,5,15
6697,279,38,Médiane,8,19
6698,279,206,Offensive,9,20
6699,279,100,Défensive,3,15
6700,279,831,Défensive,5,14
6701,279,664,Offensive,5,12
6702,279,66,Médiane,15,10
6703,279,77,Médiane,8,7
6704,279,89,Défensive,11,9
6705,279,897,Offensive,13,9
6706,279,726,Médiane,6,16
6707,279,849,Offensive,6,12
6708,279,30,Toute Surface,12,9
6709,279,809,Offensive,10,3
6710,280,866,Défensive,0,0
6711,280,406,Défensive,0,0
6712,280,731,Défensive,0,0
6713,280,380,Toute Surface,8,18
6714,280,976,Toute Surface,13,7
6715,280,590,Médiane,5,13
6716,280,715,Toute Surface,3,11
6717,280,342,Toute Surface,5,9
6718,280,258,Médiane,7,20
6719,280,18,Médiane,15,7
6720,280,943,Défensive,14,9
6721,280,996,Toute Surface,5,14
6722,280,38,Défensive,9,12
6723,280,206,Offensive,9,19
6724,280,100,Défensive,4,13
6725,280,831,Défensive,11,16
6726,280,664,Toute Surface,7,18
6727,280,66,Médiane,11,6
6728,280,77,Toute Surface,4,13
6729,280,89,Médiane,12,3
6730,280,897,Offensive,12,3
6731,280,726,Offensive,11,15
6732,280,849,Médiane,13,12
6733,280,30,Médiane,16,11
6734,280,809,Médiane,11,11
6735,281,866,Défensive,0,0
6736,281,406,Défensive,0,0
6737,281,731,Défensive,0,0
6738,281,380,Offensive,11,13
6739,281,976,Toute Surface,10,9
6740,281,590,Offensive,5,6
6741,281,715,Médiane,3,14
6742,281,342,Défensive,7,14
6743,281,258,Médiane,9,12
6744,281,18,Toute Surface,10,8
6745,281,943,Médiane,14,4
6746,281,996,Médiane,12,13
6747,281,38,Toute Surface,9,16
6748,281,206,Toute Surface,10,10
6749,281,100,Offensive,3,9
6750,281,831,Toute Surface,10,14
6751,281,664,Médiane,9,10
6752,281,66,Médiane,8,7
6753,281,77,Offensive,5,6
6754,281,89,Défensive,9,8
6755,281,897,Défensive,15,5
6756,281,726,Défensive,11,12
6757,281,849,Offensive,5,10
6758,281,30,Médiane,12,9
6759,281,809,Offensive,12,6
6760,282,866,Défensive,0,0
6761,282,406,Défensive,0,0
6762,282,731,Défensive,0,0
6763,282,380,Médiane,10,15
6764,282,976,Médiane,13,3
6765,282,590,Offensive,3,14
6766,282,715,Médiane,5,6
6767,282,342,Toute Surface,8,14
6768,282,258,Toute Surface,10,17
6769,282,18,Médiane,14,3
6770,282,943,Défensive,13,5
6771,282,996,Offensive,7,17
6772,282,38,Toute Surface,7,10
6773,282,206,Médiane,7,20
6774,282,100,Offensive,8,15
6775,282,831,Médiane,6,13
6776,282,664,Toute Surface,5,15
6777,282,66,Offensive,10,7
6778,282,77,Offensive,3,7
6779,282,89,Offensive,9,8
6780,282,897,Toute Surface,12,7
6781,282,726,Médiane,11,18
6782,282,849,Médiane,10,16
6783,282,30,Toute Surface,10,9
6784,282,809,Médiane,10,9
6785,283,866,Défensive,0,0
6786,283,406,Défensive,0,0
6787,283,731,Défensive,0,0
6788,283,380,Médiane,9,11
6789,283,976,Toute Surface,11,7
6790,283,590,Médiane,3,8
6791,283,715,Offensive,7,11
6792,283,342,Toute Surface,3,9
6793,283,258,Toute Surface,5,18
6794,283,18,Médiane,8,4
6795,283,943,Défensive,7,8
6796,283,996,Médiane,5,11
6797,283,38,Toute Surface,6,17
6798,283,206,Médiane,9,18
6799,283,100,Offensive,5,5
6800,283,831,Offensive,7,12
6801,283,664,Offensive,5,15
6802,283,66,Offensive,7,9
6803,283,77,Toute Surface,6,6
6804,283,89,Défensive,9,4
6805,283,897,Toute Surface,9,8
6806,283,726,Défensive,9,17
6807,283,849,Défensive,6,16
6808,283,30,Offensive,7,6
6809,283,809,Toute Surface,8,8
6810,284,866,Défensive,0,0
6811,284,406,Défensive,0,0
6812,284,731,Défensive,0,0
6813,284,380,Défensive,8,10
6814,284,976,Offensive,9,5
6815,284,590,Médiane,6,8
6816,284,715,Offensive,6,8
6817,284,342,Défensive,3,12
6818,284,258,Toute Surface,8,18
6819,284,18,Toute Surface,11,6
6820,284,943,Toute Surface,15,10
6821,284,996,Toute Surface,6,15
6822,284,38,Toute Surface,8,18
6823,284,206,Offensive,9,16
6824,284,100,Offensive,8,5
6825,284,831,Offensive,6,12
6826,284,664,Défensive,6,13
6827,284,66,Offensive,12,6
6828,284,77,Médiane,4,5
6829,284,89,Offensive,8,4
6830,284,897,Toute Surface,14,8
6831,284,726,Médiane,6,16
6832,284,849,Toute Surface,6,18
6833,284,30,Défensive,12,9
6834,284,809,Médiane,9,4
6835,285,866,Défensive,0,0
6836,285,406,Défensive,0,0
6837,285,731,Défensive,0,0
6838,285,380,Défensive,13,22
6839,285,976,Médiane,14,5
6840,285,590,Défensive,7,14
6841,285,715,Défensive,5,9
6842,285,342,Médiane,8,7
6843,285,258,Offensive,11,14
6844,285,18,Défensive,8,3
6845,285,943,Médiane,11,7
6846,285,996,Toute Surface,6,19
6847,285,38,Offensive,9,14
6848,285,206,Offensive,5,12
6849,285,100,Défensive,7,14
6850,285,831,Défensive,9,12
6851,285,664,Médiane,12,13
6852,285,66,Offensive,9,9
6853,285,77,Offensive,4,13
6854,285,89,Médiane,9,5
6855,285,897,Médiane,11,8
6856,285,726,Médiane,13,17
6857,285,849,Offensive,8,14
6858,285,30,Toute Surface,14,11
6859,285,809,Médiane,8,3
6860,286,866,Défensive,0,0
6861,286,406,Défensive,0,0
6862,286,731,Défensive,0,0
6863,286,380,Médiane,7,11
6864,286,976,Offensive,8,2
6865,286,590,Offensive,4,5
6866,286,715,Médiane,7,11
6867,286,342,Toute Surface,4,5
6868,286,258,Toute Surface,8,13
6869,286,18,Défensive,7,5
6870,286,943,Toute Surface,7,4
6871,286,996,Offensive,7,10
6872,286,38,Médiane,5,18
6873,286,206,Médiane,4,18
6874,286,100,Médiane,4,5
6875,286,831,Toute Surface,5,17
6876,286,664,Offensive,7,18
6877,286,66,Défensive,13,9
6878,286,77,Médiane,5,5
6879,286,89,Défensive,10,6
6880,286,897,Médiane,9,3
6881,286,726,Défensive,6,17
6882,286,849,Toute Surface,6,9
6883,286,30,Défensive,9,6
6884,286,809,Médiane,9,5
6885,287,866,Défensive,0,0
6886,287,406,Défensive,0,0
6887,287,731,Défensive,0,0
6888,287,380,Toute Surface,11,19
6889,287,976,Médiane,14,8
6890,287,590,Défensive,6,9
6891,287,715,Toute Surface,5,8
6892,287,342,Offensive,3,5
6893,287,258,Médiane,10,19
6894,287,18,Médiane,11,10
6895,287,943,Défensive,10,7
6896,287,996,Toute Surface,11,18
6897,287,38,Offensive,8,15
6898,287,206,Offensive,12,19
6899,287,100,Toute Surface,5,15
6900,287,831,Médiane,12,12
6901,287,664,Toute Surface,6,16
6902,287,66,Offensive,11,9
6903,287,77,Toute Surface,5,13
6904,287,89,Défensive,9,9
6905,287,897,Médiane,12,4
6906,287,726,Offensive,12,11
6907,287,849,Défensive,5,12
6908,287,30,Défensive,8,10
6909,287,809,Offensive,12,7
6910,288,866,Défensive,0,0
6911,288,406,Défensive,0,0
6912,288,731,Défensive,0,0
6913,288,380,Offensive,7,9
6914,288,976,Médiane,9,8
6915,288,590,Médiane,4,9
6916,288,715,Toute Surface,4,7
6917,288,342,Médiane,4,10
6918,288,258,Toute Surface,6,9
6919,288,18,Défensive,8,9
6920,288,943,Toute Surface,7,9
6921,288,996,Toute Surface,9,11
6922,288,38,Toute Surface,4,9
6923,288,206,Médiane,9,18
6924,288,100,Toute Surface,4,13
6925,288,831,Médiane,6,13
6926,288,664,Offensive,4,9
6927,288,66,Défensive,8,2
6928,288,77,Toute Surface,2,13
6929,288,89,Toute Surface,8,2
6930,288,897,Toute Surface,13,6
6931,288,726,Défensive,6,17
6932,288,849,Défensive,9,12
6933,288,30,Toute Surface,9,2
6934,288,809,Offensive,9,9
6935,289,866,Défensive,0,0
6936,289,406,Défensive,0,0
6937,289,731,Défensive,0,0
6938,289,380,Toute Surface,6,9
6939,289,976,Offensive,11,3
6940,289,590,Médiane,3,13
6941,289,715,Médiane,6,9
6942,289,342,Médiane,2,8
6943,289,258,Défensive,5,9
6944,289,18,Offensive,10,3
6945,289,943,Toute Surface,12,4
6946,289,996,Offensive,5,12
6947,289,38,Offensive,9,13
6948,289,206,Défensive,9,9
6949,289,100,Médiane,3,9
6950,289,831,Offensive,7,12
6951,289,664,Médiane,8,12
6952,289,66,Offensive,7,5
6953,289,77,Médiane,3,13
6954,289,89,Offensive,11,3
6955,289,897,Médiane,13,6
6956,289,726,Médiane,7,18
6957,289,849,Défensive,5,10
6958,289,30,Défensive,7,6
6959,289,809,Médiane,8,2
6960,290,866,Défensive,0,0
6961,290,406,Défensive,0,0
6962,290,731,Défensive,0,0
6963,290,380,Toute Surface,7,13
6964,290,976,Offensive,16,3
6965,290,590,Défensive,6,16
6966,290,715,Toute Surface,4,14
6967,290,342,Offensive,8,14
6968,290,258,Défensive,8,19
6969,290,18,Médiane,9,7
6970,290,943,Toute Surface,13,8
6971,290,996,Toute Surface,5,19
6972,290,38,Offensive,9,11
6973,290,206,Offensive,11,15
6974,290,100,Médiane,6,7
6975,290,831,Toute Surface,5,13
6976,290,664,Toute Surface,6,17
6977,290,66,Offensive,13,7
6978,290,77,Toute Surface,4,16
6979,290,89,Défensive,14,7
6980,290,897,Médiane,12,6
6981,290,726,Médiane,12,18
6982,290,849,Offensive,12,17
6983,290,30,Médiane,11,3
6984,290,809,Médiane,12,7
6985,291,866,Défensive,0,0
6986,291,406,Défensive,0,0
6987,291,731,Défensive,0,0
6988,291,380,Offensive,5,16
6989,291,976,Offensive,9,9
6990,291,590,Offensive,7,5
6991,291,715,Toute Surface,7,8
6992,291,342,Offensive,7,8
6993,291,258,Défensive,9,13
6994,291,18,Défensive,8,10
6995,291,943,Toute Surface,13,6
6996,291,996,Médiane,11,14
6997,291,38,Offensive,6,16
6998,291,206,Médiane,5,15
6999,291,100,Offensive,3,12
7000,291,831,Médiane,10,18
7001,291,664,Médiane,8,18
7002,291,66,Offensive,8,5
7003,291,77,Médiane,3,9
7004,291,89,Médiane,14,9
7005,291,897,Défensive,13,9
7006,291,726,Toute Surface,8,19
7007,291,849,Toute Surface,6,10
7008,291,30,Médiane,15,6
7009,291,809,Défensive,9,3
7010,292,414,Aucune,0,0
7011,292,617,Défensive,0,0
7012,292,829,Défensive,0,0
7013,292,666,Défensive,4,6
7014,292,445,Médiane,5,12
7015,292,101,Aucune,0,0
7016,292,802,Médiane,5,12
7017,292,757,Offensive,9,20
7018,292,152,Défensive,8,12
7019,292,270,Offensive,12,12
7020,292,393,Médiane,8,10
7021,292,124,Toute Surface,4,9
7022,292,341,Défensive,10,7
7023,292,974,Aucune,0,0
7024,292,439,Aucune,0,0
7025,292,818,Aucune,0,0
7026,292,688,Aucune,0,0
7027,292,807,Offensive,6,8
7028,292,895,Défensive,11,12
7029,292,678,Défensive,8,16
7030,292,32,Aucune,0,0
7031,292,881,Offensive,7,8
7032,292,600,Toute Surface,7,10
7033,292,285,Aucune,0,0
7034,293,414,Défensive,0,0
7035,293,617,Défensive,0,0
7036,293,829,Défensive,0,0
7037,293,666,Médiane,8,8
7038,293,445,Toute Surface,9,20
7039,293,101,Aucune,0,0
7040,293,802,Médiane,12,14
7041,293,757,Médiane,5,14
7042,293,152,Offensive,7,16
7043,293,270,Offensive,5,16
7044,293,393,Toute Surface,7,11
7045,293,124,Médiane,4,12
7046,293,341,Toute Surface,9,3
7047,293,974,Médiane,7,16
7048,293,439,Toute Surface,11,18
7049,293,818,Défensive,13,17
7050,293,688,Médiane,6,7
7051,293,807,Défensive,3,9
7052,293,895,Médiane,11,16
7053,293,678,Médiane,7,15
7054,293,32,Aucune,0,0
7055,293,881,Offensive,8,8
7056,293,600,Défensive,6,15
7057,293,285,Médiane,8,8
7058,294,414,Défensive,0,0
7059,294,617,Défensive,0,0
7060,294,829,Défensive,0,0
7061,294,666,Médiane,6,6
7062,294,445,Défensive,11,12
7063,294,101,Défensive,10,12
7064,294,802,Médiane,6,19
7065,294,757,Toute Surface,11,16
7066,294,152,Défensive,8,14
7067,294,270,Offensive,9,17
7068,294,393,Défensive,7,15
7069,294,124,Défensive,4,10
7070,294,341,Offensive,10,9
7071,294,974,Médiane,5,14
7072,294,439,Toute Surface,10,19
7073,294,818,Offensive,9,11
7074,294,688,Médiane,5,5
7075,294,807,Toute Surface,4,5
7076,294,895,Médiane,12,12
7077,294,678,Défensive,8,14
7078,294,32,Aucune,0,0
7079,294,881,Offensive,8,5
7080,294,600,Défensive,10,16
7081,294,285,Défensive,13,5
7082,295,414,Défensive,0,0
7083,295,617,Défensive,0,0
7084,295,829,Défensive,0,0
7085,295,666,Toute Surface,3,10
7086,295,445,Toute Surface,8,16
7087,295,101,Médiane,4,16
7088,295,802,Offensive,10,12
7089,295,757,Toute Surface,7,10
7090,295,152,Médiane,10,10
7091,295,270,Médiane,9,10
7092,295,393,Défensive,8,9
7093,295,124,Défensive,5,7
7094,295,341,Médiane,9,2
7095,295,974,Défensive,5,5
7096,295,439,Défensive,10,9
7097,295,818,Offensive,10,10
7098,295,688,Toute Surface,5,7
7099,295,807,Médiane,7,8
7100,295,895,Offensive,7,15
7101,295,678,Offensive,9,17
7102,295,32,Défensive,9,13
7103,295,881,Offensive,5,9
7104,295,600,Médiane,4,18
7105,295,285,Médiane,9,5
7106,296,414,Défensive,0,0
7107,296,617,Défensive,0,0
7108,296,829,Défensive,0,0
7109,296,666,Médiane,7,9
7110,296,445,Offensive,7,17
7111,296,101,Défensive,6,10
7112,296,802,Défensive,8,17
7113,296,757,Médiane,7,14
7114,296,152,Offensive,5,16
7115,296,270,Toute Surface,9,12
7116,296,393,Défensive,6,9
7117,296,124,Défensive,3,9
7118,296,341,Médiane,7,5
7119,296,974,Offensive,7,4
7120,296,439,Défensive,6,15
7121,296,818,Offensive,9,14
7122,296,688,Toute Surface,5,7
7123,296,807,Médiane,5,7
7124,296,895,Offensive,7,18
7125,296,678,Offensive,5,14
7126,296,32,Médiane,5,14
7127,296,881,Médiane,5,10
7128,296,600,Défensive,5,12
7129,296,285,Défensive,9,9
7130,297,414,Défensive,0,0
7131,297,617,Défensive,0,0
7132,297,829,Défensive,0,0
7133,297,666,Offensive,7,16
7134,297,445,Défensive,7,22
7135,297,101,Médiane,5,19
7136,297,802,Offensive,13,16
7137,297,757,Défensive,9,22
7138,297,152,Médiane,11,11
7139,297,270,Médiane,6,15
7140,297,393,Toute Surface,9,20
7141,297,124,Défensive,6,12
7142,297,341,Défensive,15,3
7143,297,974,Médiane,6,11
7144,297,439,Médiane,13,13
7145,297,818,Médiane,5,16
7146,297,688,Défensive,4,5
7147,297,807,Défensive,6,13
7148,297,895,Toute Surface,5,20
7149,297,678,Défensive,11,17
7150,297,32,Toute Surface,12,20
7151,297,881,Toute Surface,5,8
7152,297,600,Toute Surface,13,15
7153,297,285,Toute Surface,9,7
7154,298,414,Défensive,0,0
7155,298,617,Défensive,0,0
7156,298,829,Défensive,0,0
7157,298,666,Offensive,7,11
7158,298,445,Médiane,5,16
7159,298,101,Toute Surface,12,15
7160,298,802,Médiane,12,20
7161,298,757,Défensive,6,14
7162,298,152,Médiane,8,15
7163,298,270,Défensive,5,17
7164,298,393,Toute Surface,9,18
7165,298,124,Toute Surface,4,7
7166,298,341,Défensive,8,8
7167,298,974,Défensive,4,5
7168,298,439,Médiane,12,18
7169,298,818,Défensive,8,11
7170,298,688,Offensive,4,5
7171,298,807,Défensive,6,13
7172,298,895,Défensive,8,12
7173,298,678,Offensive,7,11
7174,298,32,Offensive,9,19
7175,298,881,Défensive,8,7
7176,298,600,Défensive,9,17
7177,298,285,Toute Surface,14,3
7178,299,414,Défensive,0,0
7179,299,617,Défensive,0,0
7180,299,829,Défensive,0,0
7181,299,666,Toute Surface,8,6
7182,299,445,Offensive,8,13
7183,299,101,Défensive,11,19
7184,299,802,Toute Surface,7,14
7185,299,757,Toute Surface,13,18
7186,299,152,Offensive,12,20
7187,299,270,Offensive,7,17
7188,299,393,Défensive,5,16
7189,299,124,Défensive,3,9
7190,299,341,Médiane,8,9
7191,299,974,Offensive,4,6
7192,299,439,Toute Surface,13,22
7193,299,818,Médiane,7,22
7194,299,688,Défensive,4,13
7195,299,807,Médiane,3,8
7196,299,895,Toute Surface,7,19
7197,299,678,Défensive,8,14
7198,299,32,Toute Surface,5,11
7199,299,881,Défensive,4,13
7200,299,600,Toute Surface,8,20
7201,299,285,Toute Surface,8,7
7202,300,414,Défensive,0,0
7203,300,617,Défensive,0,0
7204,300,829,Défensive,0,0
7205,300,666,Médiane,8,8
7206,300,445,Médiane,7,18
7207,300,101,Médiane,5,15
7208,300,802,Offensive,6,14
7209,300,757,Offensive,12,17
7210,300,152,Toute Surface,12,16
7211,300,270,Médiane,13,11
7212,300,393,Médiane,9,11
7213,300,124,Médiane,4,12
7214,300,341,Offensive,14,5
7215,300,974,Toute Surface,7,9
7216,300,439,Toute Surface,6,17
7217,300,818,Défensive,6,22
7218,300,688,Toute Surface,3,7
7219,300,807,Toute Surface,3,13
7220,300,895,Défensive,11,17
7221,300,678,Défensive,13,18
7222,300,32,Toute Surface,7,20
7223,300,881,Médiane,7,14
7224,300,600,Offensive,11,12
7225,300,285,Médiane,8,6
7226,301,414,Défensive,0,0
7227,301,617,Défensive,0,0
7228,301,829,Défensive,0,0
7229,301,666,Défensive,5,7
7230,301,445,Offensive,4,17
7231,301,101,Médiane,9,12
7232,301,802,Médiane,9,13
7233,301,757,Médiane,9,13
7234,301,152,Offensive,5,9
7235,301,270,Toute Surface,6,10
7236,301,393,Toute Surface,5,13
7237,301,124,Défensive,7,12
7238,301,341,Offensive,10,8
7239,301,974,Offensive,4,11
7240,301,439,Défensive,6,16
7241,301,818,Toute Surface,8,9
7242,301,688,Toute Surface,5,13
7243,301,807,Offensive,6,9
7244,301,895,Offensive,9,15
7245,301,678,Offensive,10,15
7246,301,32,Toute Surface,5,12
7247,301,881,Offensive,3,9
7248,301,600,Toute Surface,4,17
7249,301,285,Défensive,13,2
7250,302,414,Défensive,0,0
7251,302,617,Défensive,0,0
7252,302,829,Défensive,0,0
7253,302,666,Médiane,7,11
7254,302,445,Toute Surface,6,13
7255,302,101,Offensive,13,19
7256,302,802,Offensive,12,16
7257,302,757,Toute Surface,7,14
7258,302,152,Défensive,11,15
7259,302,270,Défensive,7,13
7260,302,393,Offensive,8,13
7261,302,124,Offensive,4,6
7262,302,341,Toute Surface,11,9
7263,302,974,Offensive,7,15
7264,302,439,Défensive,6,14
7265,302,818,Médiane,11,16
7266,302,688,Médiane,8,15
7267,302,807,Toute Surface,7,14
7268,302,895,Médiane,9,12
7269,302,678,Offensive,5,11
7270,302,32,Médiane,11,15
7271,302,881,Médiane,8,5
7272,302,600,Médiane,5,13
7273,302,285,Offensive,14,5
7274,303,414,Défensive,0,0
7275,303,617,Défensive,0,0
7276,303,829,Défensive,0,0
7277,303,666,Offensive,4,5
7278,303,445,Défensive,9,17
7279,303,101,Toute Surface,6,13
7280,303,802,Offensive,9,18
7281,303,757,Défensive,9,9
7282,303,152,Défensive,8,11
7283,303,270,Défensive,10,9
7284,303,393,Médiane,9,11
7285,303,124,Défensive,5,9
7286,303,341,Médiane,12,7
7287,303,974,Toute Surface,7,11
7288,303,439,Toute Surface,9,12
7289,303,818,Médiane,8,18
7290,303,688,Médiane,2,11
7291,303,807,Médiane,7,7
7292,303,895,Médiane,6,9
7293,303,678,Offensive,7,14
7294,303,32,Médiane,9,18
7295,303,881,Toute Surface,5,8
7296,303,600,Défensive,10,13
7297,303,285,Offensive,8,7
7298,304,414,Défensive,0,0
7299,304,617,Défensive,0,0
7300,304,829,Défensive,0,0
7301,304,666,Toute Surface,4,7
7302,304,445,Toute Surface,9,17
7303,304,101,Défensive,6,16
7304,304,802,Défensive,9,11
7305,304,757,Offensive,5,18
7306,304,152,Défensive,12,19
7307,304,270,Médiane,13,19
7308,304,393,Défensive,8,19
7309,304,124,Défensive,7,15
7310,304,341,Offensive,12,7
7311,304,974,Défensive,6,9
7312,304,439,Médiane,13,12
7313,304,818,Médiane,8,17
7314,304,688,Toute Surface,6,14
7315,304,807,Offensive,3,16
7316,304,895,Offensive,9,13
7317,304,678,Défensive,5,22
7318,304,32,Médiane,5,19
7319,304,881,Toute Surface,8,7
7320,304,600,Offensive,8,14
7321,304,285,Défensive,16,8
7322,305,414,Défensive,0,0
7323,305,617,Défensive,0,0
7324,305,829,Défensive,0,0
7325,305,666,Offensive,8,10
7326,305,445,Médiane,10,20
7327,305,101,Médiane,12,11
7328,305,802,Médiane,5,18
7329,305,757,Offensive,9,10
7330,305,152,Médiane,7,13
7331,305,270,Offensive,7,13
7332,305,393,Médiane,11,16
7333,305,124,Médiane,5,15
7334,305,341,Toute Surface,12,6
7335,305,974,Médiane,6,12
7336,305,439,Offensive,9,15
7337,305,818,Offensive,9,13
7338,305,688,Offensive,3,6
7339,305,807,Défensive,8,8
7340,305,895,Offensive,7,10
7341,305,678,Défensive,11,17
7342,305,32,Toute Surface,9,15
7343,305,881,Offensive,7,7
7344,305,600,Offensive,12,19
7345,305,285,Offensive,13,6
7346,306,414,Défensive,0,0
7347,306,617,Défensive,0,0
7348,306,829,Défensive,0,0
7349,306,666,Offensive,3,11
7350,306,445,Défensive,9,9
7351,306,101,Offensive,6,12
7352,306,802,Offensive,4,16
7353,306,757,Offensive,8,16
7354,306,152,Toute Surface,6,9
7355,306,270,Médiane,7,9
7356,306,393,Médiane,9,15
7357,306,124,Offensive,4,7
7358,306,341,Toute Surface,10,5
7359,306,974,Défensive,4,13
7360,306,439,Offensive,6,11
7361,306,818,Médiane,6,10
7362,306,688,Défensive,6,11
7363,306,807,Médiane,5,9
7364,306,895,Toute Surface,6,12
7365,306,678,Offensive,8,16
7366,306,32,Toute Surface,5,13
7367,306,881,Défensive,6,5
7368,306,600,Médiane,9,9
7369,306,285,Médiane,11,4
7370,307,414,Défensive,0,0
7371,307,617,Défensive,0,0
7372,307,829,Défensive,0,0
7373,307,666,Offensive,6,9
7374,307,445,Défensive,9,11
7375,307,101,Toute Surface,8,14
7376,307,802,Médiane,8,18
7377,307,757,Défensive,9,18
7378,307,152,Offensive,7,10
7379,307,270,Défensive,8,17
7380,307,393,Toute Surface,7,10
7381,307,124,Défensive,7,11
7382,307,341,Médiane,11,6
7383,307,974,Toute Surface,2,4
7384,307,439,Toute Surface,8,17
7385,307,818,Offensive,6,11
7386,307,688,Offensive,3,6
7387,307,807,Offensive,3,7
7388,307,895,Toute Surface,5,9
7389,307,678,Offensive,9,10
7390,307,32,Toute Surface,7,13
7391,307,881,Offensive,2,7
7392,307,600,Offensive,10,9
7393,307,285,Défensive,9,8
7394,308,414,Défensive,0,0
7395,308,617,Défensive,0,0
7396,308,829,Défensive,0,0
7397,308,666,Défensive,5,9
7398,308,445,Toute Surface,7,18
7399,308,101,Offensive,12,22
7400,308,802,Défensive,6,19
7401,308,757,Offensive,5,19
7402,308,152,Défensive,8,12
7403,308,270,Médiane,13,17
7404,308,393,Défensive,7,22
7405,308,124,Offensive,6,13
7406,308,341,Médiane,8,8
7407,308,974,Offensive,3,14
7408,308,439,Défensive,8,22
7409,308,818,Toute Surface,8,20
7410,308,688,Défensive,5,8
7411,308,807,Offensive,6,14
7412,308,895,Médiane,13,14
7413,308,678,Défensive,11,13
7414,308,32,Offensive,6,11
7415,308,881,Toute Surface,3,14
7416,308,600,Médiane,13,22
7417,308,285,Offensive,12,8
7418,309,414,Défensive,0,0
7419,309,617,Défensive,0,0
7420,309,829,Défensive,0,0
7421,309,666,Toute Surface,5,9
7422,309,445,Toute Surface,9,17
7423,309,101,Offensive,7,12
7424,309,802,Offensive,4,15
7425,309,757,Médiane,5,14
7426,309,152,Offensive,4,9
7427,309,270,Médiane,9,12
7428,309,393,Toute Surface,9,17
7429,309,124,Médiane,6,13
7430,309,341,Défensive,9,9
7431,309,974,Toute Surface,2,9
7432,309,439,Offensive,10,11
7433,309,818,Médiane,6,11
7434,309,688,Défensive,7,11
7435,309,807,Défensive,7,9
7436,309,895,Toute Surface,5,13
7437,309,678,Offensive,4,15
7438,309,32,Médiane,9,15
7439,309,881,Médiane,6,9
7440,309,600,Défensive,7,10
7441,309,285,Médiane,12,6
7442,310,414,Défensive,0,0
7443,310,617,Défensive,0,0
7444,310,829,Défensive,0,0
7445,310,666,Offensive,7,10
7446,310,445,Défensive,5,11
7447,310,101,Médiane,10,12
7448,310,802,Offensive,4,13
7449,310,757,Défensive,9,13
7450,310,152,Toute Surface,10,13
7451,310,270,Médiane,6,9
7452,310,393,Offensive,9,11
7453,310,124,Défensive,2,8
7454,310,341,Offensive,13,8
7455,310,974,Toute Surface,6,9
7456,310,439,Toute Surface,4,10
7457,310,818,Toute Surface,9,10
7458,310,688,Médiane,2,9
7459,310,807,Offensive,4,6
7460,310,895,Médiane,6,16
7461,310,678,Toute Surface,7,10
7462,310,32,Défensive,8,9
7463,310,881,Offensive,4,11
7464,310,600,Médiane,9,9
7465,310,285,Médiane,11,7
7466,311,414,Défensive,0,0
7467,311,617,Défensive,0,0
7468,311,829,Défensive,0,0
7469,311,666,Toute Surface,8,11
7470,311,445,Toute Surface,11,13
7471,311,101,Offensive,5,15
7472,311,802,Médiane,10,18
7473,311,757,Défensive,7,17
7474,311,152,Médiane,8,14
7475,311,270,Défensive,6,19
7476,311,393,Offensive,10,11
7477,311,124,Offensive,8,9
7478,311,341,Défensive,8,10
7479,311,974,Médiane,7,14
7480,311,439,Toute Surface,10,18
7481,311,818,Offensive,6,15
7482,311,688,Toute Surface,6,5
7483,311,807,Défensive,6,6
7484,311,895,Défensive,7,19
7485,311,678,Toute Surface,7,20
7486,311,32,Toute Surface,10,16
7487,311,881,Médiane,5,12
7488,311,600,Médiane,5,20
7489,311,285,Offensive,8,9
7490,312,414,Défensive,0,0
7491,312,617,Défensive,0,0
7492,312,829,Défensive,0,0
7493,312,666,Toute Surface,5,5
7494,312,445,Toute Surface,11,16
7495,312,101,Toute Surface,10,10
7496,312,802,Offensive,11,20
7497,312,757,Offensive,6,19
7498,312,152,Médiane,5,18
7499,312,270,Médiane,12,19
7500,312,393,Médiane,5,12
7501,312,124,Toute Surface,6,5
7502,312,341,Médiane,14,3
7503,312,974,Médiane,3,5
7504,312,439,Toute Surface,5,14
7505,312,818,Toute Surface,12,16
7506,312,688,Offensive,5,11
7507,312,807,Médiane,5,7
7508,312,895,Défensive,7,17
7509,312,678,Toute Surface,8,15
7510,312,32,Offensive,9,12
7511,312,881,Toute Surface,4,8
7512,312,600,Médiane,9,15
7513,312,285,Défensive,13,8
7514,313,414,Défensive,0,0
7515,313,617,Défensive,0,0
7516,313,829,Défensive,0,0
7517,313,666,Offensive,6,9
7518,313,445,Toute Surface,6,17
7519,313,101,Offensive,6,15
7520,313,802,Défensive,7,9
7521,313,757,Toute Surface,6,9
7522,313,152,Défensive,10,16
7523,313,270,Toute Surface,10,11
7524,313,393,Médiane,9,9
7525,313,124,Défensive,5,13
7526,313,341,Médiane,9,2
7527,313,974,Défensive,6,6
7528,313,439,Toute Surface,5,14
7529,313,818,Médiane,7,15
7530,313,688,Médiane,2,5
7531,313,807,Défensive,2,13
7532,313,895,Médiane,9,13
7533,313,678,Toute Surface,9,9
7534,313,32,Offensive,6,14
7535,313,881,Offensive,5,7
7536,313,600,Toute Surface,4,14
7537,313,285,Médiane,10,3
7538,314,414,Défensive,0,0
7539,314,617,Défensive,0,0
7540,314,829,Défensive,0,0
7541,314,666,Toute Surface,7,14
7542,314,445,Toute Surface,9,10
7543,314,101,Toute Surface,5,14
7544,314,802,Toute Surface,5,18
7545,314,757,Offensive,7,20
7546,314,152,Toute Surface,7,15
7547,314,270,Toute Surface,8,12
7548,314,393,Médiane,9,17
7549,314,124,Toute Surface,4,15
7550,314,341,Défensive,14,5
7551,314,974,Médiane,7,6
7552,314,439,Défensive,6,19
7553,314,818,Toute Surface,6,13
7554,314,688,Offensive,4,8
7555,314,807,Médiane,6,7
7556,314,895,Médiane,7,15
7557,314,678,Défensive,7,20
7558,314,32,Défensive,6,13
7559,314,881,Toute Surface,8,13
7560,314,600,Offensive,7,18
7561,314,285,Défensive,12,7
7562,315,414,Défensive,0,0
7563,315,617,Défensive,0,0
7564,315,829,Défensive,0,0
7565,315,666,Médiane,7,8
7566,315,445,Toute Surface,5,9
7567,315,101,Défensive,8,14
7568,315,802,Offensive,4,12
7569,315,757,Défensive,10,15
7570,315,152,Toute Surface,8,18
7571,315,270,Médiane,7,13
7572,315,393,Défensive,6,17
7573,315,124,Toute Surface,2,6
7574,315,341,Offensive,9,2
7575,315,974,Offensive,7,10
7576,315,439,Offensive,7,9
7577,315,818,Médiane,6,15
7578,315,688,Médiane,3,13
7579,315,807,Offensive,6,12
7580,315,895,Défensive,7,14
7581,315,678,Défensive,7,14
7582,315,32,Médiane,6,14
7583,315,881,Toute Surface,7,8
7584,315,600,Offensive,6,13
7585,315,285,Toute Surface,9,5
7586,316,414,Défensive,0,0
7587,316,617,Défensive,0,0
7588,316,829,Défensive,0,0
7589,316,666,Toute Surface,7,12
7590,316,445,Médiane,10,13
7591,316,101,Défensive,9,15
7592,316,802,Toute Surface,12,15
7593,316,757,Toute Surface,11,16
7594,316,152,Défensive,6,16
7595,316,270,Toute Surface,11,11
7596,316,393,Défensive,5,20
7597,316,124,Offensive,8,13
7598,316,341,Offensive,11,10
7599,316,974,Défensive,7,5
7600,316,439,Toute Surface,12,14
7601,316,818,Toute Surface,11,19
7602,316,688,Médiane,3,6
7603,316,807,Défensive,6,10
7604,316,895,Défensive,7,12
7605,316,678,Médiane,8,10
7606,316,32,Toute Surface,12,16
7607,316,881,Médiane,4,14
7608,316,600,Toute Surface,8,10
7609,316,285,Offensive,8,4
7610,317,414,Défensive,0,0
7611,317,617,Défensive,0,0
7612,317,829,Défensive,0,0
7613,317,666,Défensive,4,6
7614,317,445,Défensive,4,13
7615,317,101,Offensive,5,18
7616,317,802,Défensive,4,11
7617,317,757,Offensive,10,9
7618,317,152,Défensive,4,16
7619,317,270,Offensive,8,12
7620,317,393,Médiane,5,12
7621,317,124,Médiane,2,6
7622,317,341,Toute Surface,13,5
7623,317,974,Défensive,2,5
7624,317,439,Offensive,7,12
7625,317,818,Offensive,9,17
7626,317,688,Offensive,5,7
7627,317,807,Offensive,7,10
7628,317,895,Médiane,10,10
7629,317,678,Médiane,9,14
7630,317,32,Médiane,7,18
7631,317,881,Offensive,7,13
7632,317,600,Défensive,7,17
7633,317,285,Médiane,9,7
7634,318,414,Défensive,0,0
7635,318,617,Défensive,0,0
7636,318,829,Défensive,0,0
7637,318,666,Offensive,7,14
7638,318,445,Défensive,6,18
7639,318,101,Défensive,9,16
7640,318,802,Offensive,5,16
7641,318,757,Offensive,6,17
7642,318,152,Défensive,12,20
7643,318,270,Offensive,7,15
7644,318,393,Toute Surface,12,22
7645,318,124,Médiane,8,6
7646,318,341,Défensive,15,11
7647,318,974,Défensive,6,15
7648,318,439,Toute Surface,8,14
7649,318,818,Médiane,13,17
7650,318,688,Offensive,7,12
7651,318,807,Toute Surface,5,14
7652,318,895,Offensive,6,19
7653,318,678,Toute Surface,8,13
7654,318,32,Défensive,6,15
7655,318,881,Médiane,5,14
7656,318,600,Défensive,8,12
7657,318,285,Toute Surface,13,4
7658,319,414,Défensive,0,0
7659,319,617,Défensive,0,0
7660,319,829,Défensive,0,0
7661,319,666,Toute Surface,2,10
7662,319,445,Offensive,10,9
7663,319,101,Défensive,7,16
7664,319,802,Médiane,5,14
7665,319,757,Offensive,8,9
7666,319,152,Offensive,4,17
7667,319,270,Toute Surface,9,10
7668,319,393,Toute Surface,8,18
7669,319,124,Défensive,4,6
7670,319,341,Toute Surface,11,7
7671,319,974,Offensive,5,7
7672,319,439,Défensive,9,9
7673,319,818,Toute Surface,9,15
7674,319,688,Médiane,7,9
7675,319,807,Offensive,7,5
7676,319,895,Défensive,4,17
7677,319,678,Toute Surface,4,18
7678,319,32,Toute Surface,6,16
7679,319,881,Offensive,2,6
7680,319,600,Toute Surface,8,17
7681,319,285,Médiane,12,8
7682,320,414,Défensive,0,0
7683,320,617,Défensive,0,0
7684,320,829,Défensive,0,0
7685,320,666,Défensive,6,6
7686,320,445,Défensive,6,9
7687,320,101,Offensive,4,13
7688,320,802,Médiane,6,15
7689,320,757,Toute Surface,4,14
7690,320,152,Offensive,9,13
7691,320,270,Offensive,10,17
7692,320,393,Offensive,5,11
7693,320,124,Médiane,7,8
7694,320,341,Toute Surface,9,8
7695,320,974,Offensive,5,6
7696,320,439,Toute Surface,7,17
7697,320,818,Toute Surface,9,11
7698,320,688,Offensive,4,12
7699,320,807,Toute Surface,5,9
7700,320,895,Défensive,10,14
7701,320,678,Offensive,10,18
7702,320,32,Défensive,8,13
7703,320,881,Offensive,6,4
7704,320,600,Toute Surface,4,11
7705,320,285,Défensive,7,3
7706,321,414,Défensive,0,0
7707,321,617,Défensive,0,0
7708,321,829,Défensive,0,0
7709,321,666,Défensive,8,13
7710,321,445,Défensive,11,20
7711,321,101,Toute Surface,8,16
7712,321,802,Médiane,9,12
7713,321,757,Défensive,11,17
7714,321,152,Offensive,12,20
7715,321,270,Défensive,12,13
7716,321,393,Défensive,7,16
7717,321,124,Offensive,7,13
7718,321,341,Défensive,11,7
7719,321,974,Défensive,4,12
7720,321,439,Médiane,8,14
7721,321,818,Offensive,6,14
7722,321,688,Toute Surface,6,11
7723,321,807,Offensive,8,9
7724,321,895,Offensive,8,20
7725,321,678,Défensive,8,12
7726,321,32,Toute Surface,10,17
7727,321,881,Médiane,8,7
7728,321,600,Toute Surface,11,15
7729,321,285,Toute Surface,14,4
7730,322,414,Défensive,0,0
7731,322,617,Défensive,0,0
7732,322,829,Défensive,0,0
7733,322,666,Médiane,6,11
7734,322,445,Médiane,5,19
7735,322,101,Médiane,12,12
7736,322,802,Offensive,6,22
7737,322,757,Défensive,7,17
7738,322,152,Toute Surface,12,18
7739,322,270,Toute Surface,8,22
7740,322,393,Toute Surface,8,19
7741,322,124,Médiane,4,7
7742,322,341,Défensive,13,5
7743,322,974,Médiane,7,13
7744,322,439,Toute Surface,12,22
7745,322,818,Médiane,5,13
7746,322,688,Défensive,8,6
7747,322,807,Défensive,8,15
7748,322,895,Toute Surface,12,22
7749,322,678,Toute Surface,5,18
7750,322,32,Défensive,12,22
7751,322,881,Offensive,7,5
7752,322,600,Offensive,6,17
7753,322,285,Médiane,13,9
7754,323,414,Défensive,0,0
7755,323,617,Défensive,0,0
7756,323,829,Défensive,0,0
7757,323,666,Médiane,7,11
7758,323,445,Toute Surface,12,19
7759,323,101,Médiane,12,18
7760,323,802,Médiane,9,18
7761,323,757,Toute Surface,9,11
7762,323,152,Défensive,7,11
7763,323,270,Offensive,12,17
7764,323,393,Offensive,8,11
7765,323,124,Offensive,4,9
7766,323,341,Défensive,14,5
7767,323,974,Toute Surface,8,9
7768,323,439,Médiane,5,17
7769,323,818,Toute Surface,5,13
7770,323,688,Offensive,8,13
7771,323,807,Offensive,8,12
7772,323,895,Médiane,8,15
7773,323,678,Médiane,5,14
7774,323,32,Offensive,7,11
7775,323,881,Offensive,5,12
7776,323,600,Médiane,7,16
7777,323,285,Offensive,11,6
7778,324,414,Défensive,0,0
7779,324,617,Défensive,0,0
7780,324,829,Défensive,0,0
7781,324,666,Toute Surface,4,14
7782,324,445,Toute Surface,10,11
7783,324,101,Offensive,11,12
7784,324,802,Offensive,8,18
7785,324,757,Toute Surface,7,12
7786,324,152,Offensive,12,13
7787,324,270,Offensive,8,17
7788,324,393,Défensive,6,10
7789,324,124,Médiane,3,6
7790,324,341,Toute Surface,8,5
7791,324,974,Toute Surface,5,5
7792,324,439,Défensive,5,19
7793,324,818,Défensive,12,11
7794,324,688,Toute Surface,5,5
7795,324,807,Offensive,7,11
7796,324,895,Défensive,7,16
7797,324,678,Défensive,10,10
7798,324,32,Défensive,12,16
7799,324,881,Défensive,7,12
7800,324,600,Toute Surface,6,12
7801,324,285,Défensive,10,5
7802,325,414,Défensive,0,0
7803,325,617,Défensive,0,0
7804,325,829,Défensive,0,0
7805,325,666,Défensive,5,8
7806,325,445,Toute Surface,10,18
7807,325,101,Médiane,4,9
7808,325,802,Toute Surface,8,9
7809,325,757,Offensive,6,16
7810,325,152,Médiane,10,15
7811,325,270,Médiane,8,18
7812,325,393,Offensive,9,14
7813,325,124,Médiane,7,6
7814,325,341,Offensive,11,2
7815,325,974,Médiane,2,12
7816,325,439,Médiane,10,18
7817,325,818,Défensive,10,17
7818,325,688,Défensive,5,12
7819,325,807,Médiane,4,13
7820,325,895,Offensive,5,10
7821,325,678,Médiane,9,11
7822,325,32,Défensive,9,11
7823,325,881,Toute Surface,3,8
7824,325,600,Défensive,6,14
7825,325,285,Médiane,10,8
7826,326,414,Défensive,0,0
7827,326,617,Défensive,0,0
7828,326,829,Défensive,0,0
7829,326,666,Défensive,7,6
7830,326,445,Défensive,6,16
7831,326,101,Offensive,5,20
7832,326,802,Offensive,11,10
7833,326,757,Toute Surface,7,12
7834,326,152,Offensive,6,20
7835,326,270,Offensive,12,12
7836,326,393,Médiane,9,14
7837,326,124,Défensive,7,9
7838,326,341,Offensive,15,3
7839,326,974,Offensive,3,6
7840,326,439,Défensive,10,19
7841,326,818,Médiane,10,12
7842,326,688,Offensive,6,12
7843,326,807,Médiane,8,14
7844,326,895,Toute Surface,6,20
7845,326,678,Défensive,6,10
7846,326,32,Défensive,7,18
7847,326,881,Toute Surface,4,8
7848,326,600,Offensive,12,13
7849,326,285,Toute Surface,12,8
7850,327,414,Défensive,0,0
7851,327,617,Défensive,0,0
7852,327,829,Défensive,0,0
7853,327,666,Médiane,7,16
7854,327,445,Défensive,11,13
7855,327,101,Toute Surface,6,14
7856,327,802,Défensive,12,18
7857,327,757,Offensive,9,19
7858,327,152,Médiane,12,18
7859,327,270,Toute Surface,12,22
7860,327,393,Médiane,6,12
7861,327,124,Toute Surface,8,14
7862,327,341,Défensive,15,6
7863,327,974,Défensive,4,16
7864,327,439,Défensive,6,20
7865,327,818,Toute Surface,9,18
7866,327,688,Médiane,3,8
7867,327,807,Médiane,5,11
7868,327,895,Offensive,8,12
7869,327,678,Défensive,7,12
7870,327,32,Défensive,7,18
7871,327,881,Médiane,6,14
7872,327,600,Médiane,7,16
7873,327,285,Défensive,14,3
7874,328,414,Défensive,0,0
7875,328,617,Défensive,0,0
7876,328,829,Défensive,0,0
7877,328,666,Défensive,3,16
7878,328,445,Offensive,13,19
7879,328,101,Toute Surface,12,15
7880,328,802,Toute Surface,8,16
7881,328,757,Médiane,9,19
7882,328,152,Offensive,11,11
7883,328,270,Défensive,12,11
7884,328,393,Toute Surface,6,17
7885,328,124,Défensive,8,7
7886,328,341,Offensive,9,7
7887,328,974,Offensive,5,7
7888,328,439,Défensive,6,19
7889,328,818,Toute Surface,9,19
7890,328,688,Toute Surface,7,16
7891,328,807,Offensive,5,9
7892,328,895,Toute Surface,5,16
7893,328,678,Offensive,9,18
7894,328,32,Médiane,13,19
7895,328,881,Médiane,5,6
7896,328,600,Défensive,11,16
7897,328,285,Défensive,14,8
7898,329,414,Défensive,0,0
7899,329,617,Défensive,0,0
7900,329,829,Défensive,0,0
7901,329,666,Médiane,7,8
7902,329,445,Toute Surface,9,18
7903,329,101,Toute Surface,8,17
7904,329,802,Offensive,4,13
7905,329,757,Médiane,9,18
7906,329,152,Toute Surface,9,9
7907,329,270,Offensive,6,11
7908,329,393,Offensive,9,17
7909,329,124,Médiane,7,6
7910,329,341,Offensive,9,4
7911,329,974,Défensive,3,11
7912,329,439,Défensive,6,17
7913,329,818,Offensive,6,15
7914,329,688,Toute Surface,3,12
7915,329,807,Offensive,3,13
7916,329,895,Médiane,8,9
7917,329,678,Offensive,10,9
7918,329,32,Offensive,4,16
7919,329,881,Toute Surface,2,5
7920,329,600,Offensive,6,15
7921,329,285,Offensive,9,6
7922,330,414,Défensive,0,0
7923,330,617,Défensive,0,0
7924,330,829,Défensive,0,0
7925,330,666,Médiane,3,7
7926,330,445,Offensive,8,13
7927,330,101,Médiane,6,15
7928,330,802,Défensive,10,17
7929,330,757,Toute Surface,4,11
7930,330,152,Défensive,5,10
7931,330,270,Médiane,4,9
7932,330,393,Offensive,9,13
7933,330,124,Défensive,4,11
7934,330,341,Toute Surface,12,3
7935,330,974,Défensive,2,10
7936,330,439,Défensive,7,10
7937,330,818,Défensive,9,9
7938,330,688,Médiane,6,7
7939,330,807,Médiane,6,6
7940,330,895,Offensive,6,16
7941,330,678,Toute Surface,9,14
7942,330,32,Toute Surface,6,16
7943,330,881,Défensive,2,12
7944,330,600,Toute Surface,10,15
7945,330,285,Toute Surface,12,5
7946,331,414,Défensive,0,0
7947,331,617,Défensive,0,0
7948,331,829,Défensive,0,0
7949,331,666,Médiane,3,6
7950,331,445,Médiane,5,17
7951,331,101,Médiane,10,16
7952,331,802,Toute Surface,7,12
7953,331,757,Toute Surface,9,16
7954,331,152,Toute Surface,4,9
7955,331,270,Offensive,9,16
7956,331,393,Toute Surface,9,18
7957,331,124,Toute Surface,7,12
7958,331,341,Défensive,12,5
7959,331,974,Offensive,6,12
7960,331,439,Défensive,7,11
7961,331,818,Médiane,6,17
7962,331,688,Offensive,7,7
7963,331,807,Médiane,5,13
7964,331,895,Médiane,8,16
7965,331,678,Défensive,6,16
7966,331,32,Toute Surface,4,9
7967,331,881,Défensive,2,10
7968,331,600,Médiane,10,16
7969,331,285,Toute Surface,7,9
7970,332,414,Défensive,0,0
7971,332,617,Défensive,0,0
7972,332,829,Défensive,0,0
7973,332,666,Médiane,4,12
7974,332,445,Toute Surface,11,19
7975,332,101,Médiane,9,19
7976,332,802,Toute Surface,11,13
7977,332,757,Toute Surface,6,22
7978,332,152,Offensive,12,11
7979,332,270,Médiane,5,12
7980,332,393,Défensive,5,13
7981,332,124,Médiane,8,12
7982,332,341,Médiane,9,5
7983,332,974,Défensive,3,8
7984,332,439,Offensive,11,11
7985,332,818,Toute Surface,12,13
7986,332,688,Offensive,7,7
7987,332,807,Offensive,7,15
7988,332,895,Offensive,13,16
7989,332,678,Défensive,5,16
7990,332,32,Offensive,7,15
7991,332,881,Toute Surface,6,13
7992,332,600,Toute Surface,8,11
7993,332,285,Toute Surface,8,5
7994,333,728,Aucune,0,0
7995,333,213,Aucune,0,0
7996,333,610,Défensive,0,0
7997,333,582,Médiane,8,5
7998,333,723,Médiane,5,6
7999,333,689,Aucune,0,0
8000,333,449,Offensive,12,5
8001,333,668,Défensive,7,20
8002,333,176,Défensive,3,14
8003,333,529,Aucune,0,0
8004,333,833,Aucune,0,0
8005,333,571,Médiane,3,10
8006,333,476,Offensive,9,5
8007,333,939,Offensive,9,12
8008,333,434,Aucune,0,0
8009,333,348,Offensive,11,15
8010,333,942,Offensive,12,4
8011,333,748,Aucune,0,0
8012,333,147,Défensive,6,10
8013,333,825,Aucune,0,0
8014,333,212,Médiane,11,13
8015,333,756,Offensive,8,8
8016,333,211,Offensive,10,17
8017,333,827,Aucune,0,0
8018,333,468,Médiane,12,11
8019,334,728,Défensive,0,0
8020,334,213,Aucune,0,0
8021,334,610,Défensive,0,0
8022,334,582,Offensive,7,5
8023,334,723,Défensive,2,8
8024,334,689,Aucune,0,0
8025,334,449,Offensive,7,3
8026,334,668,Médiane,8,17
8027,334,176,Défensive,7,11
8028,334,529,Médiane,5,4
8029,334,833,Toute Surface,11,8
8030,334,571,Défensive,2,7
8031,334,476,Défensive,10,7
8032,334,939,Défensive,6,18
8033,334,434,Offensive,9,10
8034,334,348,Offensive,9,13
8035,334,942,Toute Surface,12,5
8036,334,748,Offensive,7,5
8037,334,147,Toute Surface,3,9
8038,334,825,Médiane,9,2
8039,334,212,Médiane,9,17
8040,334,756,Toute Surface,9,6
8041,334,211,Toute Surface,6,16
8042,334,827,Médiane,8,9
8043,334,468,Médiane,4,15
8044,335,728,Défensive,0,0
8045,335,213,Aucune,0,0
8046,335,610,Défensive,0,0
8047,335,582,Offensive,4,5
8048,335,723,Toute Surface,6,4
8049,335,689,Toute Surface,7,6
8050,335,449,Défensive,11,7
8051,335,668,Défensive,4,12
8052,335,176,Défensive,6,9
8053,335,529,Toute Surface,7,8
8054,335,833,Médiane,7,7
8055,335,571,Médiane,3,11
8056,335,476,Toute Surface,9,2
8057,335,939,Toute Surface,10,9
8058,335,434,Défensive,10,9
8059,335,348,Défensive,5,14
8060,335,942,Défensive,7,8
8061,335,748,Toute Surface,10,8
8062,335,147,Défensive,3,4
8063,335,825,Offensive,11,5
8064,335,212,Défensive,10,17
8065,335,756,Toute Surface,7,2
8066,335,211,Défensive,6,12
8067,335,827,Médiane,7,13
8068,335,468,Toute Surface,8,17
8069,336,728,Défensive,0,0
8070,336,213,Aucune,0,0
8071,336,610,Défensive,0,0
8072,336,582,Défensive,3,16
8073,336,723,Médiane,7,13
8074,336,689,Offensive,5,11
8075,336,449,Médiane,13,6
8076,336,668,Défensive,12,19
8077,336,176,Toute Surface,8,13
8078,336,529,Défensive,4,16
8079,336,833,Médiane,12,4
8080,336,571,Offensive,4,13
8081,336,476,Médiane,16,8
8082,336,939,Défensive,6,16
8083,336,434,Offensive,8,17
8084,336,348,Médiane,6,15
8085,336,942,Médiane,15,6
8086,336,748,Offensive,15,11
8087,336,147,Offensive,3,16
8088,336,825,Médiane,8,7
8089,336,212,Toute Surface,5,18
8090,336,756,Médiane,13,9
8091,336,211,Défensive,12,12
8092,336,827,Défensive,9,22
8093,336,468,Médiane,11,15
8094,337,728,Défensive,0,0
8095,337,213,Aucune,0,0
8096,337,610,Défensive,0,0
8097,337,582,Défensive,6,9
8098,337,723,Défensive,7,4
8099,337,689,Défensive,3,7
8100,337,449,Défensive,13,9
8101,337,668,Offensive,9,16
8102,337,176,Offensive,2,7
8103,337,529,Médiane,7,10
8104,337,833,Défensive,13,2
8105,337,571,Médiane,2,10
8106,337,476,Médiane,11,8
8107,337,939,Médiane,6,15
8108,337,434,Offensive,6,17
8109,337,348,Offensive,9,10
8110,337,942,Médiane,12,3
8111,337,748,Toute Surface,13,5
8112,337,147,Défensive,4,4
8113,337,825,Défensive,8,8
8114,337,212,Défensive,4,15
8115,337,756,Toute Surface,8,9
8116,337,211,Toute Surface,7,15
8117,337,827,Offensive,8,15
8118,337,468,Médiane,9,9
8119,338,728,Défensive,0,0
8120,338,213,Aucune,0,0
8121,338,610,Défensive,0,0
8122,338,582,Offensive,7,11
8123,338,723,Toute Surface,4,14
8124,338,689,Toute Surface,4,8
8125,338,449,Défensive,9,6
8126,338,668,Défensive,6,14
8127,338,176,Médiane,4,11
8128,338,529,Toute Surface,3,9
8129,338,833,Défensive,9,10
8130,338,571,Toute Surface,3,13
8131,338,476,Toute Surface,12,9
8132,338,939,Toute Surface,12,20
8133,338,434,Défensive,11,11
8134,338,348,Offensive,6,12
8135,338,942,Défensive,14,4
8136,338,748,Médiane,15,5
8137,338,147,Défensive,4,14
8138,338,825,Défensive,9,6
8139,338,212,Offensive,5,18
8140,338,756,Médiane,12,5
8141,338,211,Défensive,8,11
8142,338,827,Médiane,12,17
8143,338,468,Défensive,11,19
8144,339,728,Défensive,0,0
8145,339,213,Défensive,0,0
8146,339,610,Défensive,0,0
8147,339,582,Médiane,6,11
8148,339,723,Toute Surface,5,14
8149,339,689,Médiane,8,10
8150,339,449,Offensive,12,5
8151,339,668,Défensive,11,16
8152,339,176,Médiane,3,7
8153,339,529,Toute Surface,5,12
8154,339,833,Défensive,11,10
8155,339,571,Défensive,6,7
8156,339,476,Toute Surface,11,7
8157,339,939,Défensive,5,20
8158,339,434,Médiane,11,16
8159,339,348,Offensive,6,14
8160,339,942,Médiane,15,8
8161,339,748,Offensive,13,3
8162,339,147,Offensive,6,11
8163,339,825,Toute Surface,8,6
8164,339,212,Toute Surface,7,16
8165,339,756,Défensive,14,6
8166,339,211,Défensive,7,17
8167,339,827,Défensive,5,16
8168,339,468,Offensive,11,13
8169,340,728,Défensive,0,0
8170,340,213,Défensive,0,0
8171,340,610,Défensive,0,0
8172,340,582,Offensive,6,7
8173,340,723,Toute Surface,2,5
8174,340,689,Toute Surface,6,7
8175,340,449,Toute Surface,7,3
8176,340,668,Défensive,4,9
8177,340,176,Médiane,5,10
8178,340,529,Médiane,3,10
8179,340,833,Médiane,9,8
8180,340,571,Toute Surface,5,13
8181,340,476,Toute Surface,9,5
8182,340,939,Offensive,9,10
8183,340,434,Offensive,7,10
8184,340,348,Médiane,10,10
8185,340,942,Offensive,7,3
8186,340,748,Médiane,9,7
8187,340,147,Offensive,7,7
8188,340,825,Défensive,7,4
8189,340,212,Toute Surface,10,9
8190,340,756,Médiane,8,4
8191,340,211,Médiane,7,9
8192,340,827,Offensive,5,12
8193,340,468,Médiane,8,10
8194,341,728,Défensive,0,0
8195,341,213,Défensive,0,0
8196,341,610,Défensive,0,0
8197,341,582,Toute Surface,4,8
8198,341,723,Médiane,7,8
8199,341,689,Médiane,5,9
8200,341,449,Médiane,10,5
8201,341,668,Toute Surface,5,12
8202,341,176,Toute Surface,7,10
8203,341,529,Offensive,4,8
8204,341,833,Médiane,12,2
8205,341,571,Toute Surface,2,9
8206,341,476,Défensive,7,5
8207,341,939,Médiane,5,15
8208,341,434,Défensive,9,15
8209,341,348,Offensive,9,12
8210,341,942,Toute Surface,13,2
8211,341,748,Offensive,9,7
8212,341,147,Médiane,7,9
8213,341,825,Offensive,9,7
8214,341,212,Défensive,10,9
8215,341,756,Toute Surface,7,6
8216,341,211,Toute Surface,9,14
8217,341,827,Médiane,8,10
8218,341,468,Offensive,8,13
8219,342,728,Défensive,0,0
8220,342,213,Défensive,0,0
8221,342,610,Défensive,0,0
8222,342,582,Offensive,3,13
8223,342,723,Toute Surface,3,5
8224,342,689,Toute Surface,5,9
8225,342,449,Toute Surface,10,4
8226,342,668,Toute Surface,10,15
8227,342,176,Offensive,7,8
8228,342,529,Défensive,6,7
8229,342,833,Offensive,9,10
8230,342,571,Défensive,6,7
8231,342,476,Médiane,11,4
8232,342,939,Toute Surface,7,16
8233,342,434,Toute Surface,5,13
8234,342,348,Défensive,10,10
8235,342,942,Toute Surface,10,7
8236,342,748,Médiane,11,10
8237,342,147,Toute Surface,6,14
8238,342,825,Médiane,9,5
8239,342,212,Offensive,5,15
8240,342,756,Offensive,15,3
8241,342,211,Toute Surface,9,17
8242,342,827,Médiane,10,14
8243,342,468,Défensive,10,16
8244,343,728,Défensive,0,0
8245,343,213,Défensive,0,0
8246,343,610,Défensive,0,0
8247,343,582,Offensive,5,5
8248,343,723,Défensive,6,6
8249,343,689,Défensive,4,8
8250,343,449,Offensive,12,4
8251,343,668,Toute Surface,9,16
8252,343,176,Médiane,3,12
8253,343,529,Défensive,6,11
8254,343,833,Toute Surface,7,3
8255,343,571,Médiane,3,12
8256,343,476,Toute Surface,9,2
8257,343,939,Médiane,10,11
8258,343,434,Médiane,4,12
8259,343,348,Médiane,6,18
8260,343,942,Médiane,12,4
8261,343,748,Toute Surface,11,3
8262,343,147,Médiane,3,5
8263,343,825,Toute Surface,9,7
8264,343,212,Toute Surface,9,10
8265,343,756,Médiane,8,3
8266,343,211,Toute Surface,9,9
8267,343,827,Défensive,7,12
8268,343,468,Défensive,6,9
8269,344,728,Défensive,0,0
8270,344,213,Défensive,0,0
8271,344,610,Défensive,0,0
8272,344,582,Médiane,7,11
8273,344,723,Défensive,6,9
8274,344,689,Défensive,4,13
8275,344,449,Offensive,12,11
8276,344,668,Offensive,13,14
8277,344,176,Toute Surface,3,9
8278,344,529,Médiane,6,12
8279,344,833,Toute Surface,13,9
8280,344,571,Toute Surface,6,6
8281,344,476,Défensive,9,11
8282,344,939,Médiane,13,15
8283,344,434,Défensive,6,14
8284,344,348,Défensive,6,15
8285,344,942,Médiane,11,11
8286,344,748,Défensive,9,3
8287,344,147,Offensive,4,15
8288,344,825,Offensive,12,4
8289,344,212,Offensive,12,20
8290,344,756,Offensive,16,3
8291,344,211,Toute Surface,8,12
8292,344,827,Médiane,11,15
8293,344,468,Offensive,9,17
8294,345,728,Défensive,0,0
8295,345,213,Défensive,0,0
8296,345,610,Défensive,0,0
8297,345,582,Toute Surface,2,12
8298,345,723,Offensive,4,6
8299,345,689,Défensive,7,11
8300,345,449,Toute Surface,12,2
8301,345,668,Médiane,9,16
8302,345,176,Défensive,3,6
8303,345,529,Toute Surface,3,11
8304,345,833,Offensive,9,4
8305,345,571,Défensive,7,5
8306,345,476,Médiane,8,9
8307,345,939,Toute Surface,7,14
8308,345,434,Toute Surface,10,18
8309,345,348,Toute Surface,8,9
8310,345,942,Toute Surface,8,2
8311,345,748,Défensive,7,9
8312,345,147,Offensive,5,10
8313,345,825,Défensive,11,3
8314,345,212,Médiane,4,11
8315,345,756,Médiane,10,7
8316,345,211,Toute Surface,9,15
8317,345,827,Toute Surface,4,16
8318,345,468,Médiane,9,11
8319,346,728,Défensive,0,0
8320,346,213,Défensive,0,0
8321,346,610,Défensive,0,0
8322,346,582,Offensive,2,13
8323,346,723,Toute Surface,7,6
8324,346,689,Médiane,3,11
8325,346,449,Médiane,11,8
8326,346,668,Offensive,8,13
8327,346,176,Offensive,7,9
8328,346,529,Offensive,7,8
8329,346,833,Médiane,12,8
8330,346,571,Défensive,6,13
8331,346,476,Offensive,11,4
8332,346,939,Toute Surface,7,10
8333,346,434,Défensive,9,18
8334,346,348,Toute Surface,9,11
8335,346,942,Offensive,13,3
8336,346,748,Toute Surface,11,7
8337,346,147,Toute Surface,2,13
8338,346,825,Offensive,12,6
8339,346,212,Médiane,8,14
8340,346,756,Offensive,9,9
8341,346,211,Toute Surface,9,9
8342,346,827,Médiane,10,15
8343,346,468,Toute Surface,4,10
8344,347,728,Défensive,0,0
8345,347,213,Défensive,0,0
8346,347,610,Défensive,0,0
8347,347,582,Offensive,8,9
8348,347,723,Défensive,5,13
8349,347,689,Offensive,5,6
8350,347,449,Médiane,9,9
8351,347,668,Défensive,9,14
8352,347,176,Offensive,4,13
8353,347,529,Toute Surface,3,16
8354,347,833,Offensive,16,3
8355,347,571,Médiane,3,14
8356,347,476,Défensive,15,5
8357,347,939,Médiane,12,11
8358,347,434,Médiane,13,19
8359,347,348,Offensive,9,19
8360,347,942,Médiane,11,8
8361,347,748,Offensive,15,8
8362,347,147,Toute Surface,4,15
8363,347,825,Toute Surface,12,4
8364,347,212,Toute Surface,12,15
8365,347,756,Offensive,8,7
8366,347,211,Défensive,11,15
8367,347,827,Défensive,7,20
8368,347,468,Offensive,13,18
8369,348,728,Défensive,0,0
8370,348,213,Défensive,0,0
8371,348,610,Défensive,0,0
8372,348,582,Défensive,3,9
8373,348,723,Médiane,3,8
8374,348,689,Médiane,4,7
8375,348,449,Offensive,13,11
8376,348,668,Offensive,8,19
8377,348,176,Médiane,3,12
8378,348,529,Toute Surface,6,15
8379,348,833,Médiane,9,9
8380,348,571,Médiane,7,9
8381,348,476,Défensive,13,8
8382,348,939,Défensive,7,22
8383,348,434,Défensive,8,19
8384,348,348,Toute Surface,7,16
8385,348,942,Défensive,11,3
8386,348,748,Toute Surface,11,4
8387,348,147,Défensive,3,13
8388,348,825,Défensive,9,7
8389,348,212,Défensive,8,11
8390,348,756,Défensive,12,4
8391,348,211,Offensive,12,16
8392,348,827,Médiane,5,16
8393,348,468,Toute Surface,12,17
8394,349,728,Défensive,0,0
8395,349,213,Défensive,0,0
8396,349,610,Défensive,0,0
8397,349,582,Toute Surface,6,15
8398,349,723,Médiane,3,7
8399,349,689,Offensive,5,13
8400,349,449,Médiane,11,7
8401,349,668,Défensive,10,13
8402,349,176,Offensive,8,5
8403,349,529,Offensive,6,8
8404,349,833,Défensive,10,4
8405,349,571,Offensive,6,5
8406,349,476,Offensive,12,6
8407,349,939,Défensive,9,11
8408,349,434,Médiane,12,17
8409,349,348,Défensive,8,15
8410,349,942,Offensive,14,5
8411,349,748,Offensive,10,9
8412,349,147,Défensive,3,8
8413,349,825,Offensive,9,7
8414,349,212,Médiane,7,13
8415,349,756,Défensive,10,5
8416,349,211,Offensive,7,19
8417,349,827,Défensive,8,19
8418,349,468,Toute Surface,12,20
8419,350,728,Défensive,0,0
8420,350,213,Défensive,0,0
8421,350,610,Défensive,0,0
8422,350,582,Médiane,7,7
8423,350,723,Offensive,5,7
8424,350,689,Toute Surface,4,5
8425,350,449,Médiane,12,5
8426,350,668,Médiane,11,17
8427,350,176,Médiane,5,16
8428,350,529,Défensive,5,9
8429,350,833,Offensive,9,5
8430,350,571,Toute Surface,6,6
8431,350,476,Médiane,9,4
8432,350,939,Défensive,11,19
8433,350,434,Défensive,11,12
8434,350,348,Médiane,7,11
8435,350,942,Offensive,13,9
8436,350,748,Offensive,8,11
8437,350,147,Offensive,4,9
8438,350,825,Toute Surface,13,8
8439,350,212,Toute Surface,13,19
8440,350,756,Offensive,11,7
8441,350,211,Défensive,11,13
8442,350,827,Offensive,5,15
8443,350,468,Médiane,11,20
8444,351,728,Défensive,0,0
8445,351,213,Défensive,0,0
8446,351,610,Défensive,0,0
8447,351,582,Toute Surface,4,6
8448,351,723,Toute Surface,2,10
8449,351,689,Toute Surface,3,13
8450,351,449,Défensive,12,2
8451,351,668,Médiane,8,13
8452,351,176,Médiane,4,9
8453,351,529,Offensive,7,8
8454,351,833,Toute Surface,9,6
8455,351,571,Toute Surface,3,5
8456,351,476,Offensive,9,9
8457,351,939,Offensive,9,15
8458,351,434,Médiane,5,14
8459,351,348,Médiane,4,10
8460,351,942,Défensive,8,5
8461,351,748,Médiane,13,2
8462,351,147,Défensive,5,5
8463,351,825,Toute Surface,9,7
8464,351,212,Toute Surface,10,9
8465,351,756,Médiane,9,2
8466,351,211,Défensive,9,11
8467,351,827,Offensive,7,14
8468,351,468,Médiane,9,9
8469,352,728,Défensive,0,0
8470,352,213,Défensive,0,0
8471,352,610,Défensive,0,0
8472,352,582,Toute Surface,4,14
8473,352,723,Défensive,6,8
8474,352,689,Offensive,4,5
8475,352,449,Médiane,9,6
8476,352,668,Défensive,11,16
8477,352,176,Défensive,5,12
8478,352,529,Défensive,6,15
8479,352,833,Médiane,9,9
8480,352,571,Toute Surface,5,5
8481,352,476,Offensive,10,9
8482,352,939,Défensive,10,16
8483,352,434,Toute Surface,11,11
8484,352,348,Offensive,12,13
8485,352,942,Médiane,8,4
8486,352,748,Offensive,9,8
8487,352,147,Médiane,6,9
8488,352,825,Offensive,12,3
8489,352,212,Toute Surface,7,20
8490,352,756,Toute Surface,15,4
8491,352,211,Offensive,11,17
8492,352,827,Défensive,12,10
8493,352,468,Médiane,9,20
8494,353,728,Défensive,0,0
8495,353,213,Défensive,0,0
8496,353,610,Défensive,0,0
8497,353,582,Offensive,5,16
8498,353,723,Médiane,8,8
8499,353,689,Médiane,3,8
8500,353,449,Médiane,15,8
8501,353,668,Toute Surface,13,18
8502,353,176,Toute Surface,8,6
8503,353,529,Toute Surface,3,11
8504,353,833,Toute Surface,16,9
8505,353,571,Médiane,7,8
8506,353,476,Offensive,9,7
8507,353,939,Toute Surface,12,19
8508,353,434,Défensive,11,12
8509,353,348,Toute Surface,8,20
8510,353,942,Défensive,12,4
8511,353,748,Médiane,13,5
8512,353,147,Défensive,6,8
8513,353,825,Toute Surface,9,9
8514,353,212,Offensive,12,13
8515,353,756,Toute Surface,11,5
8516,353,211,Défensive,8,13
8517,353,827,Offensive,12,12
8518,353,468,Toute Surface,5,13
8519,354,728,Défensive,0,0
8520,354,213,Défensive,0,0
8521,354,610,Défensive,0,0
8522,354,582,Défensive,2,9
8523,354,723,Défensive,7,7
8524,354,689,Défensive,5,4
8525,354,449,Toute Surface,7,2
8526,354,668,Offensive,10,15
8527,354,176,Défensive,2,6
8528,354,529,Offensive,3,5
8529,354,833,Défensive,13,5
8530,354,571,Offensive,7,9
8531,354,476,Défensive,10,4
8532,354,939,Médiane,10,18
8533,354,434,Médiane,6,9
8534,354,348,Médiane,8,14
8535,354,942,Offensive,7,2
8536,354,748,Médiane,11,3
8537,354,147,Défensive,4,13
8538,354,825,Défensive,12,3
8539,354,212,Offensive,9,11
8540,354,756,Toute Surface,9,9
8541,354,211,Offensive,6,15
8542,354,827,Défensive,8,18
8543,354,468,Offensive,8,11
8544,355,728,Défensive,0,0
8545,355,213,Défensive,0,0
8546,355,610,Défensive,0,0
8547,355,582,Défensive,7,13
8548,355,723,Médiane,6,6
8549,355,689,Offensive,4,5
8550,355,449,Défensive,11,8
8551,355,668,Médiane,8,11
8552,355,176,Médiane,5,7
8553,355,529,Offensive,2,11
8554,355,833,Médiane,11,9
8555,355,571,Médiane,6,5
8556,355,476,Défensive,13,8
8557,355,939,Offensive,7,17
8558,355,434,Toute Surface,9,16
8559,355,348,Offensive,9,13
8560,355,942,Offensive,9,5
8561,355,748,Offensive,9,4
8562,355,147,Médiane,5,8
8563,355,825,Toute Surface,9,8
8564,355,212,Défensive,4,9
8565,355,756,Toute Surface,11,4
8566,355,211,Défensive,5,9
8567,355,827,Toute Surface,9,10
8568,355,468,Défensive,9,13
8569,356,728,Défensive,0,0
8570,356,213,Défensive,0,0
8571,356,610,Défensive,0,0
8572,356,582,Offensive,4,14
8573,356,723,Défensive,3,8
8574,356,689,Médiane,3,5
8575,356,449,Offensive,13,8
8576,356,668,Offensive,13,14
8577,356,176,Médiane,6,16
8578,356,529,Offensive,3,8
8579,356,833,Toute Surface,11,3
8580,356,571,Médiane,7,5
8581,356,476,Offensive,9,3
8582,356,939,Toute Surface,11,22
8583,356,434,Offensive,7,20
8584,356,348,Offensive,5,17
8585,356,942,Médiane,15,7
8586,356,748,Offensive,8,6
8587,356,147,Offensive,4,12
8588,356,825,Toute Surface,15,8
8589,356,212,Défensive,5,13
8590,356,756,Toute Surface,15,3
8591,356,211,Défensive,7,11
8592,356,827,Défensive,12,15
8593,356,468,Médiane,11,20
8594,357,728,Défensive,0,0
8595,357,213,Défensive,0,0
8596,357,610,Défensive,0,0
8597,357,582,Offensive,4,13
8598,357,723,Défensive,3,7
8599,357,689,Toute Surface,5,11
8600,357,449,Toute Surface,7,3
8601,357,668,Toute Surface,4,15
8602,357,176,Toute Surface,7,13
8603,357,529,Défensive,2,11
8604,357,833,Défensive,11,2
8605,357,571,Toute Surface,6,6
8606,357,476,Médiane,9,2
8607,357,939,Toute Surface,6,12
8608,357,434,Offensive,10,11
8609,357,348,Défensive,5,13
8610,357,942,Offensive,13,8
8611,357,748,Médiane,9,8
8612,357,147,Médiane,7,13
8613,357,825,Offensive,11,2
8614,357,212,Défensive,4,10
8615,357,756,Défensive,9,4
8616,357,211,Offensive,9,10
8617,357,827,Défensive,5,10
8618,357,468,Médiane,6,15
8619,358,728,Défensive,0,0
8620,358,213,Défensive,0,0
8621,358,610,Défensive,0,0
8622,358,582,Défensive,7,14
8623,358,723,Médiane,8,9
8624,358,689,Offensive,4,9
8625,358,449,Toute Surface,8,4
8626,358,668,Offensive,9,20
8627,358,176,Défensive,3,14
8628,358,529,Offensive,7,6
8629,358,833,Défensive,15,9
8630,358,571,Défensive,6,8
8631,358,476,Médiane,11,10
8632,358,939,Offensive,6,13
8633,358,434,Offensive,9,19
8634,358,348,Médiane,7,12
8635,358,942,Toute Surface,15,3
8636,358,748,Défensive,8,7
8637,358,147,Défensive,8,13
8638,358,825,Médiane,13,6
8639,358,212,Défensive,10,14
8640,358,756,Médiane,12,5
8641,358,211,Toute Surface,10,19
8642,358,827,Médiane,7,16
8643,358,468,Toute Surface,8,13
8644,359,728,Défensive,0,0
8645,359,213,Défensive,0,0
8646,359,610,Défensive,0,0
8647,359,582,Toute Surface,8,16
8648,359,723,Toute Surface,5,15
8649,359,689,Médiane,7,8
8650,359,449,Défensive,9,7
8651,359,668,Toute Surface,5,13
8652,359,176,Toute Surface,5,9
8653,359,529,Défensive,6,11
8654,359,833,Offensive,13,5
8655,359,571,Médiane,4,15
8656,359,476,Offensive,15,5
8657,359,939,Défensive,12,14
8658,359,434,Défensive,9,20
8659,359,348,Défensive,13,22
8660,359,942,Médiane,11,3
8661,359,748,Médiane,15,6
8662,359,147,Défensive,3,8
8663,359,825,Défensive,8,3
8664,359,212,Offensive,13,15
8665,359,756,Offensive,12,6
8666,359,211,Défensive,9,11
8667,359,827,Médiane,9,20
8668,359,468,Offensive,12,13
8669,360,728,Défensive,0,0
8670,360,213,Défensive,0,0
8671,360,610,Défensive,0,0
8672,360,582,Défensive,5,6
8673,360,723,Médiane,5,7
8674,360,689,Défensive,6,8
8675,360,449,Toute Surface,10,4
8676,360,668,Médiane,9,16
8677,360,176,Médiane,3,9
8678,360,529,Défensive,3,9
8679,360,833,Toute Surface,10,3
8680,360,571,Offensive,2,5
8681,360,476,Défensive,11,6
8682,360,939,Défensive,9,14
8683,360,434,Défensive,5,16
8684,360,348,Défensive,5,9
8685,360,942,Défensive,12,5
8686,360,748,Toute Surface,7,9
8687,360,147,Offensive,7,7
8688,360,825,Offensive,12,4
8689,360,212,Toute Surface,8,12
8690,360,756,Médiane,7,2
8691,360,211,Toute Surface,5,16
8692,360,827,Défensive,10,13
8693,360,468,Médiane,5,16
8694,361,728,Défensive,0,0
8695,361,213,Défensive,0,0
8696,361,610,Défensive,0,0
8697,361,582,Toute Surface,2,7
8698,361,723,Médiane,4,13
8699,361,689,Offensive,4,6
8700,361,449,Médiane,8,7
8701,361,668,Offensive,8,18
8702,361,176,Défensive,5,9
8703,361,529,Offensive,7,7
8704,361,833,Médiane,11,4
8705,361,571,Offensive,5,8
8706,361,476,Médiane,13,3
8707,361,939,Médiane,8,10
8708,361,434,Toute Surface,10,14
8709,361,348,Toute Surface,7,15
8710,361,942,Médiane,8,8
8711,361,748,Médiane,11,3
8712,361,147,Défensive,6,8
8713,361,825,Toute Surface,8,7
8714,361,212,Toute Surface,4,12
8715,361,756,Médiane,8,2
8716,361,211,Toute Surface,4,10
8717,361,827,Défensive,5,18
8718,361,468,Offensive,8,15
8719,362,728,Défensive,0,0
8720,362,213,Défensive,0,0
8721,362,610,Défensive,0,0
8722,362,582,Défensive,6,9
8723,362,723,Défensive,4,5
8724,362,689,Offensive,7,9
8725,362,449,Médiane,11,9
8726,362,668,Médiane,10,13
8727,362,176,Offensive,4,7
8728,362,529,Médiane,4,5
8729,362,833,Défensive,9,3
8730,362,571,Défensive,3,5
8731,362,476,Toute Surface,9,3
8732,362,939,Défensive,9,14
8733,362,434,Toute Surface,8,11
8734,362,348,Offensive,4,9
8735,362,942,Défensive,7,7
8736,362,748,Défensive,9,3
8737,362,147,Défensive,4,8
8738,362,825,Offensive,10,6
8739,362,212,Toute Surface,7,12
8740,362,756,Médiane,12,7
8741,362,211,Médiane,6,12
8742,362,827,Médiane,9,15
8743,362,468,Défensive,4,10
8744,363,728,Défensive,0,0
8745,363,213,Défensive,0,0
8746,363,610,Défensive,0,0
8747,363,582,Médiane,4,7
8748,363,723,Offensive,6,11
8749,363,689,Toute Surface,3,15
8750,363,449,Toute Surface,12,4
8751,363,668,Offensive,9,11
8752,363,176,Offensive,8,9
8753,363,529,Toute Surface,7,6
8754,363,833,Toute Surface,12,8
8755,363,571,Toute Surface,5,7
8756,363,476,Toute Surface,11,8
8757,363,939,Toute Surface,12,22
8758,363,434,Toute Surface,8,12
8759,363,348,Défensive,12,14
8760,363,942,Offensive,11,11
8761,363,748,Médiane,16,4
8762,363,147,Offensive,8,16
8763,363,825,Médiane,9,6
8764,363,212,Offensive,7,14
8765,363,756,Défensive,13,7
8766,363,211,Toute Surface,5,14
8767,363,827,Offensive,7,16
8768,363,468,Médiane,9,15
8769,364,728,Défensive,0,0
8770,364,213,Défensive,0,0
8771,364,610,Défensive,0,0
8772,364,582,Défensive,3,16
8773,364,723,Toute Surface,6,8
8774,364,689,Offensive,6,5
8775,364,449,Médiane,14,11
8776,364,668,Toute Surface,8,22
8777,364,176,Offensive,7,14
8778,364,529,Offensive,3,7
8779,364,833,Médiane,14,8
8780,364,571,Toute Surface,4,11
8781,364,476,Médiane,15,9
8782,364,939,Médiane,11,22
8783,364,434,Médiane,7,15
8784,364,348,Toute Surface,9,13
8785,364,942,Offensive,11,5
8786,364,748,Défensive,12,3
8787,364,147,Médiane,8,15
8788,364,825,Offensive,8,6
8789,364,212,Défensive,7,20
8790,364,756,Toute Surface,9,4
8791,364,211,Toute Surface,8,14
8792,364,827,Toute Surface,6,20
8793,364,468,Offensive,11,16
8794,365,728,Défensive,0,0
8795,365,213,Défensive,0,0
8796,365,610,Défensive,0,0
8797,365,582,Offensive,6,9
8798,365,723,Défensive,5,13
8799,365,689,Défensive,2,6
8800,365,449,Défensive,9,9
8801,365,668,Toute Surface,9,16
8802,365,176,Défensive,3,12
8803,365,529,Offensive,3,8
8804,365,833,Toute Surface,9,6
8805,365,571,Toute Surface,6,11
8806,365,476,Défensive,9,2
8807,365,939,Offensive,7,9
8808,365,434,Toute Surface,4,9
8809,365,348,Toute Surface,10,10
8810,365,942,Défensive,9,3
8811,365,748,Toute Surface,12,7
8812,365,147,Offensive,6,12
8813,365,825,Toute Surface,9,4
8814,365,212,Médiane,5,12
8815,365,756,Offensive,9,4
8816,365,211,Toute Surface,7,13
8817,365,827,Médiane,9,12
8818,365,468,Offensive,9,13
8819,366,728,Défensive,0,0
8820,366,213,Défensive,0,0
8821,366,610,Défensive,0,0
8822,366,582,Toute Surface,7,4
8823,366,723,Toute Surface,3,9
8824,366,689,Toute Surface,7,12
8825,366,449,Offensive,10,9
8826,366,668,Médiane,6,9
8827,366,176,Défensive,2,4
8828,366,529,Offensive,7,12
8829,366,833,Médiane,7,9
8830,366,571,Médiane,3,11
8831,366,476,Médiane,9,3
8832,366,939,Toute Surface,9,18
8833,366,434,Offensive,4,9
8834,366,348,Défensive,9,16
8835,366,942,Défensive,9,6
8836,366,748,Toute Surface,13,2
8837,366,147,Médiane,7,8
8838,366,825,Toute Surface,13,5
8839,366,212,Toute Surface,8,11
8840,366,756,Toute Surface,12,9
8841,366,211,Défensive,8,18
8842,366,827,Offensive,4,13
8843,366,468,Médiane,7,10
8844,367,728,Défensive,0,0
8845,367,213,Défensive,0,0
8846,367,610,Défensive,0,0
8847,367,582,Défensive,6,15
8848,367,723,Offensive,5,14
8849,367,689,Toute Surface,5,6
8850,367,449,Médiane,15,10
8851,367,668,Défensive,9,18
8852,367,176,Défensive,8,11
8853,367,529,Défensive,4,10
8854,367,833,Offensive,8,5
8855,367,571,Offensive,8,8
8856,367,476,Toute Surface,10,4
8857,367,939,Défensive,9,19
8858,367,434,Offensive,7,12
8859,367,348,Toute Surface,7,18
8860,367,942,Défensive,9,7
8861,367,748,Défensive,8,4
8862,367,147,Offensive,6,5
8863,367,825,Offensive,8,5
8864,367,212,Médiane,10,11
8865,367,756,Toute Surface,8,10
8866,367,211,Médiane,10,17
8867,367,827,Défensive,8,14
8868,367,468,Offensive,5,12
8869,368,728,Défensive,0,0
8870,368,213,Défensive,0,0
8871,368,610,Défensive,0,0
8872,368,582,Médiane,2,13
8873,368,723,Toute Surface,3,4
8874,368,689,Médiane,2,6
8875,368,449,Défensive,13,5
8876,368,668,Défensive,7,13
8877,368,176,Offensive,6,13
8878,368,529,Défensive,6,11
8879,368,833,Médiane,8,2
8880,368,571,Toute Surface,7,8
8881,368,476,Toute Surface,9,8
8882,368,939,Offensive,9,15
8883,368,434,Défensive,10,17
8884,368,348,Offensive,9,18
8885,368,942,Médiane,7,4
8886,368,748,Toute Surface,11,2
8887,368,147,Toute Surface,6,11
8888,368,825,Défensive,9,8
8889,368,212,Offensive,8,11
8890,368,756,Toute Surface,13,3
8891,368,211,Offensive,7,10
8892,368,827,Offensive,4,15
8893,368,468,Médiane,9,9
8894,369,728,Défensive,0,0
8895,369,213,Défensive,0,0
8896,369,610,Défensive,0,0
8897,369,582,Défensive,7,10
8898,369,723,Défensive,3,4
8899,369,689,Toute Surface,2,13
8900,369,449,Défensive,7,2
8901,369,668,Toute Surface,5,9
8902,369,176,Offensive,5,12
8903,369,529,Offensive,4,11
8904,369,833,Offensive,8,8
8905,369,571,Défensive,2,9
8906,369,476,Offensive,8,9
8907,369,939,Médiane,4,16
8908,369,434,Médiane,10,9
8909,369,348,Toute Surface,5,15
8910,369,942,Offensive,7,5
8911,369,748,Offensive,9,2
8912,369,147,Défensive,7,4
8913,369,825,Offensive,9,5
8914,369,212,Défensive,4,11
8915,369,756,Médiane,9,2
8916,369,211,Médiane,4,18
8917,369,827,Défensive,5,14
8918,369,468,Toute Surface,10,13
8919,370,728,Défensive,0,0
8920,370,213,Défensive,0,0
8921,370,610,Défensive,0,0
8922,370,582,Offensive,8,7
8923,370,723,Défensive,8,11
8924,370,689,Toute Surface,8,9
8925,370,449,Toute Surface,15,3
8926,370,668,Défensive,11,16
8927,370,176,Défensive,7,9
8928,370,529,Offensive,5,9
8929,370,833,Médiane,12,6
8930,370,571,Toute Surface,7,12
8931,370,476,Offensive,11,3
8932,370,939,Défensive,13,19
8933,370,434,Défensive,13,19
8934,370,348,Offensive,6,22
8935,370,942,Médiane,16,11
8936,370,748,Défensive,12,11
8937,370,147,Toute Surface,8,15
8938,370,825,Offensive,12,4
8939,370,212,Offensive,6,11
8940,370,756,Offensive,9,3
8941,370,211,Toute Surface,5,22
8942,370,827,Offensive,9,11
8943,370,468,Défensive,8,20
8944,371,728,Défensive,0,0
8945,371,213,Défensive,0,0
8946,371,610,Défensive,0,0
8947,371,582,Médiane,5,5
8948,371,723,Toute Surface,7,14
8949,371,689,Toute Surface,8,12
8950,371,449,Toute Surface,15,5
8951,371,668,Offensive,13,19
8952,371,176,Toute Surface,8,7
8953,371,529,Offensive,8,8
8954,371,833,Offensive,9,4
8955,371,571,Médiane,8,13
8956,371,476,Médiane,9,5
8957,371,939,Toute Surface,12,19
8958,371,434,Médiane,5,18
8959,371,348,Offensive,5,18
8960,371,942,Offensive,11,6
8961,371,748,Défensive,15,7
8962,371,147,Défensive,7,15
8963,371,825,Médiane,12,11
8964,371,212,Offensive,8,16
8965,371,756,Offensive,12,4
8966,371,211,Défensive,13,17
8967,371,827,Toute Surface,11,22
8968,371,468,Offensive,6,15
8969,372,728,Défensive,0,0
8970,372,213,Défensive,0,0
8971,372,610,Défensive,0,0
8972,372,582,Toute Surface,4,9
8973,372,723,Défensive,3,6
8974,372,689,Toute Surface,7,6
8975,372,449,Médiane,8,7
8976,372,668,Défensive,8,18
8977,372,176,Médiane,6,13
8978,372,529,Défensive,3,6
8979,372,833,Toute Surface,9,8
8980,372,571,Défensive,2,13
8981,372,476,Défensive,9,4
8982,372,939,Toute Surface,6,18
8983,372,434,Défensive,10,11
8984,372,348,Toute Surface,5,18
8985,372,942,Toute Surface,12,2
8986,372,748,Défensive,8,4
8987,372,147,Défensive,6,8
8988,372,825,Toute Surface,13,7
8989,372,212,Médiane,10,10
8990,372,756,Médiane,13,2
8991,372,211,Offensive,9,13
8992,372,827,Toute Surface,6,17
8993,372,468,Défensive,10,11
8994,373,728,Défensive,0,0
8995,373,213,Défensive,0,0
8996,373,610,Défensive,0,0
8997,373,582,Médiane,5,13
8998,373,723,Toute Surface,6,14
8999,373,689,Médiane,4,12
9000,373,449,Offensive,11,7
9001,373,668,Défensive,8,16
9002,373,176,Médiane,6,8
9003,373,529,Médiane,3,7
9004,373,833,Offensive,13,5
9005,373,571,Médiane,7,16
9006,373,476,Médiane,13,7
9007,373,939,Offensive,13,17
9008,373,434,Toute Surface,6,14
9009,373,348,Défensive,13,18
9010,373,942,Défensive,14,3
9011,373,748,Offensive,12,8
9012,373,147,Médiane,3,11
9013,373,825,Offensive,16,4
9014,373,212,Toute Surface,8,11
9015,373,756,Toute Surface,14,5
9016,373,211,Toute Surface,9,11
9017,373,827,Défensive,6,14
9018,373,468,Toute Surface,6,11
9019,374,728,Défensive,0,0
9020,374,213,Défensive,0,0
9021,374,610,Défensive,0,0
9022,374,582,Offensive,6,12
9023,374,723,Offensive,7,13
9024,374,689,Offensive,5,13
9025,374,449,Offensive,13,3
9026,374,668,Médiane,8,16
9027,374,176,Offensive,8,15
9028,374,529,Défensive,8,15
9029,374,833,Offensive,13,6
9030,374,571,Médiane,8,15
9031,374,476,Médiane,8,9
9032,374,939,Médiane,9,12
9033,374,434,Défensive,9,13
9034,374,348,Toute Surface,11,16
9035,374,942,Médiane,11,7
9036,374,748,Toute Surface,14,6
9037,374,147,Médiane,5,7
9038,374,825,Médiane,13,9
9039,374,212,Défensive,13,19
9040,374,756,Médiane,16,4
9041,374,211,Toute Surface,11,14
9042,374,827,Offensive,11,13
9043,374,468,Offensive,6,15
9044,375,728,Défensive,0,0
9045,375,213,Défensive,0,0
9046,375,610,Défensive,0,0
9047,375,582,Toute Surface,3,10
9048,375,723,Offensive,4,5
9049,375,689,Toute Surface,4,6
9050,375,449,Toute Surface,11,2
9051,375,668,Médiane,9,16
9052,375,176,Toute Surface,4,9
9053,375,529,Offensive,4,5
9054,375,833,Offensive,10,3
9055,375,571,Toute Surface,4,11
9056,375,476,Défensive,13,2
9057,375,939,Défensive,5,9
9058,375,434,Offensive,5,12
9059,375,348,Médiane,8,9
9060,375,942,Offensive,9,6
9061,375,748,Défensive,11,2
9062,375,147,Offensive,3,12
9063,375,825,Médiane,9,3
9064,375,212,Toute Surface,10,9
9065,375,756,Toute Surface,9,4
9066,375,211,Toute Surface,5,13
9067,375,827,Défensive,9,11
9068,375,468,Médiane,4,13
9069,376,728,Défensive,0,0
9070,376,213,Défensive,0,0
9071,376,610,Défensive,0,0
9072,376,582,Offensive,3,12
9073,376,723,Offensive,5,5
9074,376,689,Offensive,2,6
9075,376,449,Toute Surface,9,5
9076,376,668,Toute Surface,6,9
9077,376,176,Offensive,7,10
9078,376,529,Défensive,3,9
9079,376,833,Offensive,9,2
9080,376,571,Toute Surface,7,13
9081,376,476,Défensive,10,3
9082,376,939,Défensive,7,14
9083,376,434,Toute Surface,4,9
9084,376,348,Offensive,4,9
9085,376,942,Médiane,11,2
9086,376,748,Toute Surface,9,9
9087,376,147,Médiane,3,11
9088,376,825,Médiane,8,4
9089,376,212,Défensive,5,18
9090,376,756,Défensive,9,7
9091,376,211,Offensive,5,15
9092,376,827,Médiane,9,18
9093,376,468,Offensive,5,12
9094,377,728,Défensive,0,0
9095,377,213,Défensive,0,0
9096,377,610,Défensive,0,0
9097,377,582,Toute Surface,3,12
9098,377,723,Offensive,8,11
9099,377,689,Défensive,8,7
9100,377,449,Offensive,8,6
9101,377,668,Offensive,9,12
9102,377,176,Défensive,7,7
9103,377,529,Défensive,4,9
9104,377,833,Médiane,15,8
9105,377,571,Défensive,4,6
9106,377,476,Défensive,9,4
9107,377,939,Offensive,8,18
9108,377,434,Offensive,7,14
9109,377,348,Toute Surface,8,16
9110,377,942,Offensive,8,4
9111,377,748,Défensive,16,6
9112,377,147,Toute Surface,6,9
9113,377,825,Médiane,15,6
9114,377,212,Toute Surface,5,16
9115,377,756,Toute Surface,9,11
9116,377,211,Offensive,6,19
9117,377,827,Offensive,11,12
9118,377,468,Médiane,6,20
9119,378,237,Aucune,0,0
9120,378,573,Défensive,0,0
9121,378,886,Aucune,0,0
9122,378,491,Aucune,0,0
9123,378,428,Offensive,12,6
9124,378,774,Aucune,0,0
9125,378,311,Offensive,12,4
9126,378,968,Toute Surface,6,9
9127,378,204,Défensive,7,17
9128,378,42,Défensive,9,13
9129,378,297,Aucune,0,0
9130,378,669,Offensive,9,15
9131,378,578,Aucune,0,0
9132,378,810,Toute Surface,9,13
9133,378,162,Défensive,9,9
9134,378,621,Médiane,3,12
9135,378,115,Aucune,0,0
9136,378,98,Aucune,0,0
9137,378,527,Médiane,12,7
9138,378,646,Défensive,10,13
9139,378,793,Aucune,0,0
9140,378,229,Offensive,10,5
9141,378,269,Offensive,9,4
9142,378,359,Toute Surface,11,9
9143,378,461,Offensive,5,13
9144,379,237,Défensive,0,0
9145,379,573,Défensive,0,0
9146,379,886,Défensive,0,0
9147,379,491,Offensive,9,18
9148,379,428,Défensive,9,5
9149,379,774,Toute Surface,7,7
9150,379,311,Médiane,7,2
9151,379,968,Défensive,7,8
9152,379,204,Toute Surface,9,12
9153,379,42,Défensive,5,14
9154,379,297,Défensive,7,9
9155,379,669,Médiane,10,9
9156,379,578,Aucune,0,0
9157,379,810,Toute Surface,6,10
9158,379,162,Médiane,10,14
9159,379,621,Offensive,5,4
9160,379,115,Aucune,0,0
9161,379,98,Médiane,7,12
9162,379,527,Médiane,9,2
9163,379,646,Offensive,8,18
9164,379,793,Aucune,0,0
9165,379,229,Défensive,10,8
9166,379,269,Toute Surface,11,6
9167,379,359,Médiane,8,4
9168,379,461,Médiane,2,6
9169,380,237,Défensive,0,0
9170,380,573,Défensive,0,0
9171,380,886,Défensive,0,0
9172,380,491,Offensive,8,15
9173,380,428,Toute Surface,12,6
9174,380,774,Toute Surface,13,8
9175,380,311,Défensive,9,7
9176,380,968,Offensive,5,15
9177,380,204,Défensive,9,14
9178,380,42,Toute Surface,10,12
9179,380,297,Médiane,8,6
9180,380,669,Médiane,7,11
9181,380,578,Toute Surface,9,12
9182,380,810,Offensive,12,19
9183,380,162,Défensive,8,17
9184,380,621,Offensive,7,15
9185,380,115,Défensive,6,8
9186,380,98,Toute Surface,10,19
9187,380,527,Offensive,13,10
9188,380,646,Défensive,10,18
9189,380,793,Offensive,12,4
9190,380,229,Défensive,15,5
9191,380,269,Offensive,8,7
9192,380,359,Toute Surface,15,4
9193,380,461,Offensive,8,5
9194,381,237,Défensive,0,0
9195,381,573,Défensive,0,0
9196,381,886,Défensive,0,0
9197,381,491,Défensive,6,17
9198,381,428,Médiane,12,11
9199,381,774,Offensive,14,6
9200,381,311,Défensive,8,7
9201,381,968,Défensive,4,15
9202,381,204,Toute Surface,13,12
9203,381,42,Médiane,13,12
9204,381,297,Défensive,3,14
9205,381,669,Défensive,13,15
9206,381,578,Offensive,5,22
9207,381,810,Médiane,8,16
9208,381,162,Toute Surface,5,18
9209,381,621,Toute Surface,7,7
9210,381,115,Toute Surface,8,6
9211,381,98,Défensive,6,15
9212,381,527,Médiane,14,5
9213,381,646,Défensive,12,18
9214,381,793,Défensive,14,5
9215,381,229,Défensive,9,4
9216,381,269,Défensive,8,6
9217,381,359,Offensive,13,11
9218,381,461,Médiane,6,11
9219,382,237,Défensive,0,0
9220,382,573,Défensive,0,0
9221,382,886,Défensive,0,0
9222,382,491,Toute Surface,5,9
9223,382,428,Toute Surface,7,3
9224,382,774,Défensive,10,2
9225,382,311,Offensive,10,5
9226,382,968,Médiane,5,11
9227,382,204,Offensive,9,15
9228,382,42,Défensive,9,12
9229,382,297,Toute Surface,4,9
9230,382,669,Toute Surface,6,14
9231,382,578,Toute Surface,5,14
9232,382,810,Toute Surface,9,13
9233,382,162,Médiane,7,17
9234,382,621,Toute Surface,4,5
9235,382,115,Offensive,4,4
9236,382,98,Toute Surface,10,14
9237,382,527,Toute Surface,11,7
9238,382,646,Toute Surface,9,12
9239,382,793,Toute Surface,8,6
9240,382,229,Médiane,9,6
9241,382,269,Médiane,7,8
9242,382,359,Défensive,13,8
9243,382,461,Offensive,5,13
9244,383,237,Défensive,0,0
9245,383,573,Défensive,0,0
9246,383,886,Défensive,0,0
9247,383,491,Médiane,10,9
9248,383,428,Toute Surface,8,2
9249,383,774,Défensive,12,7
9250,383,311,Toute Surface,10,3
9251,383,968,Médiane,7,11
9252,383,204,Toute Surface,8,12
9253,383,42,Toute Surface,9,15
9254,383,297,Offensive,2,12
9255,383,669,Défensive,7,9
9256,383,578,Médiane,6,13
9257,383,810,Médiane,5,10
9258,383,162,Toute Surface,10,10
9259,383,621,Médiane,5,7
9260,383,115,Toute Surface,3,4
9261,383,98,Médiane,4,13
9262,383,527,Toute Surface,9,8
9263,383,646,Médiane,7,16
9264,383,793,Offensive,12,2
9265,383,229,Toute Surface,13,6
9266,383,269,Toute Surface,13,4
9267,383,359,Toute Surface,12,3
9268,383,461,Toute Surface,6,4
9269,384,237,Défensive,0,0
9270,384,573,Défensive,0,0
9271,384,886,Défensive,0,0
9272,384,491,Offensive,7,11
9273,384,428,Médiane,11,3
9274,384,774,Défensive,8,11
9275,384,311,Défensive,14,6
9276,384,968,Médiane,4,9
9277,384,204,Toute Surface,12,20
9278,384,42,Offensive,12,13
9279,384,297,Défensive,5,15
9280,384,669,Défensive,9,11
9281,384,578,Offensive,8,11
9282,384,810,Défensive,8,11
9283,384,162,Offensive,7,22
9284,384,621,Toute Surface,4,7
9285,384,115,Offensive,3,6
9286,384,98,Défensive,11,11
9287,384,527,Toute Surface,9,8
9288,384,646,Défensive,11,19
9289,384,793,Médiane,15,6
9290,384,229,Médiane,13,6
9291,384,269,Toute Surface,12,5
9292,384,359,Offensive,15,5
9293,384,461,Médiane,4,11
9294,385,237,Défensive,0,0
9295,385,573,Défensive,0,0
9296,385,886,Défensive,0,0
9297,385,491,Défensive,5,18
9298,385,428,Toute Surface,13,6
9299,385,774,Toute Surface,8,7
9300,385,311,Toute Surface,8,4
9301,385,968,Offensive,3,14
9302,385,204,Toute Surface,7,22
9303,385,42,Toute Surface,5,14
9304,385,297,Offensive,3,5
9305,385,669,Défensive,9,12
9306,385,578,Toute Surface,8,11
9307,385,810,Défensive,13,13
9308,385,162,Médiane,9,12
9309,385,621,Médiane,7,12
9310,385,115,Offensive,7,9
9311,385,98,Toute Surface,11,18
9312,385,527,Médiane,11,6
9313,385,646,Offensive,5,11
9314,385,793,Défensive,9,7
9315,385,229,Offensive,15,5
9316,385,269,Offensive,12,6
9317,385,359,Défensive,13,3
9318,385,461,Médiane,4,9
9319,386,237,Défensive,0,0
9320,386,573,Défensive,0,0
9321,386,886,Défensive,0,0
9322,386,491,Offensive,12,15
9323,386,428,Toute Surface,8,8
9324,386,774,Toute Surface,10,6
9325,386,311,Défensive,14,6
9326,386,968,Médiane,5,11
9327,386,204,Défensive,12,12
9328,386,42,Offensive,10,12
9329,386,297,Médiane,7,13
9330,386,669,Médiane,6,17
9331,386,578,Toute Surface,8,16
9332,386,810,Médiane,5,13
9333,386,162,Offensive,11,18
9334,386,621,Médiane,6,10
9335,386,115,Toute Surface,8,6
9336,386,98,Offensive,9,13
9337,386,527,Toute Surface,12,3
9338,386,646,Médiane,7,14
9339,386,793,Médiane,13,7
9340,386,229,Toute Surface,10,3
9341,386,269,Défensive,11,6
9342,386,359,Médiane,13,10
9343,386,461,Médiane,5,5
9344,387,237,Défensive,0,0
9345,387,573,Défensive,0,0
9346,387,886,Défensive,0,0
9347,387,491,Toute Surface,8,11
9348,387,428,Toute Surface,13,11
9349,387,774,Offensive,16,6
9350,387,311,Défensive,9,3
9351,387,968,Toute Surface,7,7
9352,387,204,Toute Surface,13,18
9353,387,42,Médiane,12,11
9354,387,297,Médiane,3,7
9355,387,669,Offensive,13,20
9356,387,578,Toute Surface,12,17
9357,387,810,Défensive,9,17
9358,387,162,Toute Surface,6,12
9359,387,621,Médiane,7,6
9360,387,115,Médiane,3,15
9361,387,98,Défensive,5,20
9362,387,527,Médiane,13,5
9363,387,646,Offensive,7,19
9364,387,793,Médiane,13,3
9365,387,229,Défensive,16,5
9366,387,269,Médiane,8,6
9367,387,359,Médiane,13,8
9368,387,461,Défensive,6,15
9369,388,237,Défensive,0,0
9370,388,573,Défensive,0,0
9371,388,886,Défensive,0,0
9372,388,491,Offensive,9,16
9373,388,428,Offensive,12,11
9374,388,774,Toute Surface,16,9
9375,388,311,Offensive,11,6
9376,388,968,Offensive,5,13
9377,388,204,Toute Surface,11,18
9378,388,42,Médiane,6,22
9379,388,297,Toute Surface,8,16
9380,388,669,Défensive,9,11
9381,388,578,Toute Surface,8,11
9382,388,810,Offensive,11,11
9383,388,162,Défensive,9,22
9384,388,621,Offensive,5,11
9385,388,115,Toute Surface,4,11
9386,388,98,Défensive,13,20
9387,388,527,Défensive,11,6
9388,388,646,Défensive,11,15
9389,388,793,Offensive,15,4
9390,388,229,Toute Surface,11,11
9391,388,269,Offensive,12,6
9392,388,359,Toute Surface,13,5
9393,388,461,Offensive,8,14
9394,389,237,Défensive,0,0
9395,389,573,Défensive,0,0
9396,389,886,Défensive,0,0
9397,389,491,Offensive,6,19
9398,389,428,Défensive,15,6
9399,389,774,Défensive,11,11
9400,389,311,Défensive,8,4
9401,389,968,Défensive,3,16
9402,389,204,Médiane,6,18
9403,389,42,Défensive,6,16
9404,389,297,Médiane,6,7
9405,389,669,Toute Surface,9,20
9406,389,578,Toute Surface,12,11
9407,389,810,Défensive,8,22
9408,389,162,Défensive,8,13
9409,389,621,Toute Surface,3,14
9410,389,115,Offensive,4,6
9411,389,98,Toute Surface,12,19
9412,389,527,Offensive,16,9
9413,389,646,Toute Surface,12,13
9414,389,793,Médiane,8,9
9415,389,229,Médiane,16,11
9416,389,269,Défensive,8,6
9417,389,359,Toute Surface,13,7
9418,389,461,Offensive,4,7
9419,390,237,Défensive,0,0
9420,390,573,Défensive,0,0
9421,390,886,Défensive,0,0
9422,390,491,Offensive,9,18
9423,390,428,Toute Surface,8,2
9424,390,774,Toute Surface,11,3
9425,390,311,Toute Surface,9,9
9426,390,968,Offensive,4,5
9427,390,204,Toute Surface,10,9
9428,390,42,Médiane,9,14
9429,390,297,Toute Surface,3,13
9430,390,669,Défensive,10,13
9431,390,578,Médiane,10,11
9432,390,810,Médiane,4,14
9433,390,162,Défensive,4,13
9434,390,621,Toute Surface,6,9
9435,390,115,Médiane,3,4
9436,390,98,Médiane,8,17
9437,390,527,Toute Surface,9,4
9438,390,646,Offensive,4,13
9439,390,793,Médiane,9,5
9440,390,229,Toute Surface,10,2
9441,390,269,Défensive,7,7
9442,390,359,Médiane,9,7
9443,390,461,Défensive,6,5
9444,391,237,Défensive,0,0
9445,391,573,Défensive,0,0
9446,391,886,Défensive,0,0
9447,391,491,Défensive,9,11
9448,391,428,Toute Surface,13,7
9449,391,774,Toute Surface,15,9
9450,391,311,Toute Surface,9,4
9451,391,968,Offensive,7,9
9452,391,204,Offensive,8,20
9453,391,42,Toute Surface,8,12
9454,391,297,Médiane,6,9
9455,391,669,Offensive,7,19
9456,391,578,Défensive,8,19
9457,391,810,Défensive,7,12
9458,391,162,Médiane,13,14
9459,391,621,Toute Surface,5,12
9460,391,115,Offensive,4,15
9461,391,98,Défensive,9,19
9462,391,527,Toute Surface,14,5
9463,391,646,Défensive,13,19
9464,391,793,Défensive,15,9
9465,391,229,Médiane,11,8
9466,391,269,Défensive,12,3
9467,391,359,Offensive,11,11
9468,391,461,Toute Surface,5,12
9469,392,237,Défensive,0,0
9470,392,573,Défensive,0,0
9471,392,886,Défensive,0,0
9472,392,491,Défensive,8,17
9473,392,428,Médiane,15,6
9474,392,774,Médiane,13,8
9475,392,311,Offensive,12,4
9476,392,968,Toute Surface,3,11
9477,392,204,Toute Surface,5,11
9478,392,42,Défensive,12,16
9479,392,297,Médiane,6,12
9480,392,669,Défensive,7,12
9481,392,578,Offensive,7,12
9482,392,810,Médiane,10,15
9483,392,162,Défensive,5,20
9484,392,621,Toute Surface,8,10
9485,392,115,Offensive,3,11
9486,392,98,Offensive,12,16
9487,392,527,Toute Surface,8,7
9488,392,646,Offensive,8,13
9489,392,793,Médiane,13,9
9490,392,229,Offensive,11,9
9491,392,269,Toute Surface,14,9
9492,392,359,Défensive,15,9
9493,392,461,Offensive,4,11
9494,393,237,Défensive,0,0
9495,393,573,Défensive,0,0
9496,393,886,Défensive,0,0
9497,393,491,Offensive,5,13
9498,393,428,Toute Surface,8,11
9499,393,774,Toute Surface,14,11
9500,393,311,Défensive,11,11
9501,393,968,Toute Surface,4,7
9502,393,204,Offensive,13,16
9503,393,42,Médiane,6,18
9504,393,297,Médiane,5,12
9505,393,669,Toute Surface,6,11
9506,393,578,Défensive,11,14
9507,393,810,Toute Surface,5,15
9508,393,162,Défensive,11,11
9509,393,621,Offensive,6,13
9510,393,115,Offensive,3,11
9511,393,98,Offensive,9,12
9512,393,527,Offensive,14,11
9513,393,646,Médiane,6,15
9514,393,793,Toute Surface,8,11
9515,393,229,Médiane,15,7
9516,393,269,Défensive,15,3
9517,393,359,Médiane,12,6
9518,393,461,Médiane,6,8
9519,394,237,Défensive,0,0
9520,394,573,Défensive,0,0
9521,394,886,Défensive,0,0
9522,394,491,Offensive,5,14
9523,394,428,Médiane,13,7
9524,394,774,Offensive,8,5
9525,394,311,Médiane,11,4
9526,394,968,Défensive,3,10
9527,394,204,Toute Surface,5,15
9528,394,42,Offensive,9,18
9529,394,297,Toute Surface,6,7
9530,394,669,Toute Surface,10,17
9531,394,578,Toute Surface,6,11
9532,394,810,Offensive,5,18
9533,394,162,Toute Surface,10,20
9534,394,621,Offensive,5,15
9535,394,115,Toute Surface,6,15
9536,394,98,Offensive,10,18
9537,394,527,Offensive,15,4
9538,394,646,Défensive,8,16
9539,394,793,Offensive,8,3
9540,394,229,Médiane,9,7
9541,394,269,Toute Surface,15,10
9542,394,359,Toute Surface,9,4
9543,394,461,Médiane,7,6
9544,395,237,Défensive,0,0
9545,395,573,Défensive,0,0
9546,395,886,Défensive,0,0
9547,395,491,Toute Surface,6,19
9548,395,428,Défensive,15,11
9549,395,774,Médiane,16,11
9550,395,311,Offensive,13,4
9551,395,968,Toute Surface,6,13
9552,395,204,Offensive,8,22
9553,395,42,Toute Surface,6,12
9554,395,297,Médiane,4,5
9555,395,669,Médiane,6,15
9556,395,578,Médiane,6,19
9557,395,810,Défensive,12,16
9558,395,162,Médiane,8,16
9559,395,621,Toute Surface,5,13
9560,395,115,Offensive,4,8
9561,395,98,Médiane,7,17
9562,395,527,Défensive,14,9
9563,395,646,Offensive,7,20
9564,395,793,Offensive,14,4
9565,395,229,Offensive,9,5
9566,395,269,Médiane,9,11
9567,395,359,Défensive,8,8
9568,395,461,Toute Surface,4,13
9569,396,237,Défensive,0,0
9570,396,573,Défensive,0,0
9571,396,886,Défensive,0,0
9572,396,491,Offensive,12,16
9573,396,428,Médiane,16,9
9574,396,774,Défensive,12,8
9575,396,311,Médiane,9,9
9576,396,968,Toute Surface,8,16
9577,396,204,Offensive,6,18
9578,396,42,Défensive,11,22
9579,396,297,Médiane,6,14
9580,396,669,Défensive,9,17
9581,396,578,Toute Surface,13,14
9582,396,810,Médiane,11,16
9583,396,162,Toute Surface,5,19
9584,396,621,Toute Surface,7,6
9585,396,115,Défensive,4,7
9586,396,98,Toute Surface,9,18
9587,396,527,Offensive,8,4
9588,396,646,Médiane,8,15
9589,396,793,Défensive,14,5
9590,396,229,Médiane,12,8
9591,396,269,Médiane,8,5
9592,396,359,Défensive,13,4
9593,396,461,Offensive,3,14
9594,397,237,Défensive,0,0
9595,397,573,Défensive,0,0
9596,397,886,Défensive,0,0
9597,397,491,Médiane,13,17
9598,397,428,Défensive,12,4
9599,397,774,Médiane,12,3
9600,397,311,Offensive,16,8
9601,397,968,Toute Surface,5,7
9602,397,204,Offensive,12,20
9603,397,42,Médiane,8,14
9604,397,297,Défensive,4,14
9605,397,669,Offensive,13,16
9606,397,578,Défensive,12,20
9607,397,810,Défensive,6,15
9608,397,162,Médiane,7,22
9609,397,621,Médiane,5,13
9610,397,115,Offensive,4,15
9611,397,98,Offensive,9,17
9612,397,527,Toute Surface,14,8
9613,397,646,Défensive,7,22
9614,397,793,Toute Surface,9,5
9615,397,229,Défensive,13,6
9616,397,269,Toute Surface,15,5
9617,397,359,Toute Surface,14,11
9618,397,461,Offensive,7,13
9619,398,237,Défensive,0,0
9620,398,573,Défensive,0,0
9621,398,886,Défensive,0,0
9622,398,491,Défensive,6,19
9623,398,428,Médiane,9,8
9624,398,774,Toute Surface,14,8
9625,398,311,Toute Surface,9,4
9626,398,968,Défensive,3,7
9627,398,204,Médiane,7,14
9628,398,42,Toute Surface,8,18
9629,398,297,Médiane,7,11
9630,398,669,Toute Surface,9,14
9631,398,578,Toute Surface,9,19
9632,398,810,Toute Surface,11,12
9633,398,162,Défensive,6,13
9634,398,621,Défensive,3,5
9635,398,115,Médiane,6,5
9636,398,98,Défensive,13,11
9637,398,527,Médiane,9,6
9638,398,646,Toute Surface,13,18
9639,398,793,Médiane,16,6
9640,398,229,Offensive,13,5
9641,398,269,Défensive,9,11
9642,398,359,Offensive,16,7
9643,398,461,Défensive,4,16
9644,399,237,Défensive,0,0
9645,399,573,Défensive,0,0
9646,399,886,Défensive,0,0
9647,399,491,Toute Surface,8,16
9648,399,428,Médiane,9,5
9649,399,774,Toute Surface,9,5
9650,399,311,Médiane,12,4
9651,399,968,Toute Surface,7,12
9652,399,204,Offensive,8,12
9653,399,42,Défensive,8,13
9654,399,297,Médiane,6,5
9655,399,669,Défensive,10,15
9656,399,578,Toute Surface,7,9
9657,399,810,Défensive,4,11
9658,399,162,Médiane,7,9
9659,399,621,Médiane,2,10
9660,399,115,Toute Surface,7,7
9661,399,98,Offensive,8,12
9662,399,527,Toute Surface,11,9
9663,399,646,Offensive,8,14
9664,399,793,Défensive,7,9
9665,399,229,Défensive,7,2
9666,399,269,Offensive,8,2
9667,399,359,Médiane,11,5
9668,399,461,Offensive,4,13
9669,400,237,Défensive,0,0
9670,400,573,Défensive,0,0
9671,400,886,Défensive,0,0
9672,400,491,Toute Surface,10,12
9673,400,428,Médiane,11,5
9674,400,774,Toute Surface,10,5
9675,400,311,Offensive,12,3
9676,400,968,Offensive,6,10
9677,400,204,Offensive,9,9
9678,400,42,Médiane,7,17
9679,400,297,Offensive,6,8
9680,400,669,Offensive,4,11
9681,400,578,Défensive,7,10
9682,400,810,Offensive,10,12
9683,400,162,Médiane,5,16
9684,400,621,Toute Surface,5,9
9685,400,115,Médiane,2,9
9686,400,98,Médiane,10,16
9687,400,527,Défensive,12,8
9688,400,646,Défensive,10,9
9689,400,793,Défensive,9,4
9690,400,229,Offensive,11,5
9691,400,269,Offensive,8,4
9692,400,359,Offensive,13,6
9693,400,461,Défensive,6,6
9694,401,237,Défensive,0,0
9695,401,573,Défensive,0,0
9696,401,886,Défensive,0,0
9697,401,491,Offensive,8,15
9698,401,428,Défensive,13,5
9699,401,774,Médiane,10,9
9700,401,311,Défensive,13,4
9701,401,968,Médiane,2,6
9702,401,204,Offensive,4,16
9703,401,42,Offensive,4,16
9704,401,297,Toute Surface,7,12
9705,401,669,Toute Surface,8,11
9706,401,578,Médiane,7,14
9707,401,810,Défensive,9,16
9708,401,162,Offensive,4,16
9709,401,621,Médiane,6,12
9710,401,115,Médiane,5,9
9711,401,98,Médiane,9,14
9712,401,527,Défensive,10,3
9713,401,646,Défensive,6,15
9714,401,793,Médiane,7,2
9715,401,229,Défensive,8,5
9716,401,269,Toute Surface,9,5
9717,401,359,Offensive,7,6
9718,401,461,Offensive,6,10
9719,402,237,Défensive,0,0
9720,402,573,Défensive,0,0
9721,402,886,Défensive,0,0
9722,402,491,Défensive,7,18
9723,402,428,Défensive,11,11
9724,402,774,Toute Surface,13,7
9725,402,311,Médiane,8,3
9726,402,968,Toute Surface,5,16
9727,402,204,Médiane,5,18
9728,402,42,Médiane,6,22
9729,402,297,Défensive,4,16
9730,402,669,Toute Surface,5,14
9731,402,578,Défensive,11,15
9732,402,810,Défensive,9,12
9733,402,162,Défensive,13,13
9734,402,621,Offensive,3,6
9735,402,115,Défensive,5,7
9736,402,98,Défensive,9,16
9737,402,527,Défensive,13,6
9738,402,646,Toute Surface,7,15
9739,402,793,Défensive,14,8
9740,402,229,Médiane,8,9
9741,402,269,Offensive,11,9
9742,402,359,Médiane,12,11
9743,402,461,Défensive,5,9
9744,403,237,Défensive,0,0
9745,403,573,Défensive,0,0
9746,403,886,Défensive,0,0
9747,403,491,Offensive,5,18
9748,403,428,Toute Surface,8,8
9749,403,774,Toute Surface,12,4
9750,403,311,Défensive,7,2
9751,403,968,Médiane,6,7
9752,403,204,Médiane,9,14
9753,403,42,Médiane,9,12
9754,403,297,Défensive,2,10
9755,403,669,Toute Surface,8,17
9756,403,578,Offensive,4,9
9757,403,810,Médiane,5,9
9758,403,162,Toute Surface,6,10
9759,403,621,Toute Surface,5,8
9760,403,115,Médiane,3,12
9761,403,98,Offensive,9,9
9762,403,527,Défensive,10,6
9763,403,646,Offensive,10,9
9764,403,793,Offensive,7,6
9765,403,229,Offensive,9,9
9766,403,269,Défensive,9,5
9767,403,359,Toute Surface,13,8
9768,403,461,Toute Surface,3,4
9769,404,237,Défensive,0,0
9770,404,573,Défensive,0,0
9771,404,886,Défensive,0,0
9772,404,491,Défensive,9,15
9773,404,428,Défensive,10,3
9774,404,774,Défensive,9,3
9775,404,311,Toute Surface,9,2
9776,404,968,Défensive,7,5
9777,404,204,Médiane,5,9
9778,404,42,Toute Surface,9,16
9779,404,297,Médiane,6,11
9780,404,669,Médiane,9,13
9781,404,578,Défensive,4,15
9782,404,810,Toute Surface,5,17
9783,404,162,Toute Surface,9,11
9784,404,621,Offensive,5,5
9785,404,115,Toute Surface,3,7
9786,404,98,Toute Surface,8,13
9787,404,527,Médiane,10,5
9788,404,646,Médiane,10,9
9789,404,793,Défensive,10,6
9790,404,229,Médiane,13,7
9791,404,269,Toute Surface,7,9
9792,404,359,Offensive,8,5
9793,404,461,Défensive,5,9
9794,405,237,Défensive,0,0
9795,405,573,Défensive,0,0
9796,405,886,Défensive,0,0
9797,405,491,Offensive,4,18
9798,405,428,Toute Surface,7,3
9799,405,774,Médiane,9,2
9800,405,311,Offensive,7,8
9801,405,968,Défensive,4,12
9802,405,204,Toute Surface,7,11
9803,405,42,Toute Surface,5,17
9804,405,297,Défensive,3,13
9805,405,669,Offensive,5,15
9806,405,578,Offensive,9,11
9807,405,810,Toute Surface,9,14
9808,405,162,Offensive,10,18
9809,405,621,Offensive,5,9
9810,405,115,Toute Surface,3,9
9811,405,98,Médiane,9,13
9812,405,527,Défensive,8,7
9813,405,646,Défensive,4,13
9814,405,793,Offensive,7,3
9815,405,229,Toute Surface,8,9
9816,405,269,Défensive,12,4
9817,405,359,Offensive,10,9
9818,405,461,Toute Surface,5,4
9819,406,237,Défensive,0,0
9820,406,573,Défensive,0,0
9821,406,886,Défensive,0,0
9822,406,491,Défensive,12,11
9823,406,428,Médiane,15,5
9824,406,774,Toute Surface,9,5
9825,406,311,Médiane,16,3
9826,406,968,Offensive,5,9
9827,406,204,Toute Surface,6,18
9828,406,42,Médiane,11,20
9829,406,297,Défensive,6,6
9830,406,669,Toute Surface,7,20
9831,406,578,Défensive,7,17
9832,406,810,Offensive,12,12
9833,406,162,Médiane,6,22
9834,406,621,Offensive,5,15
9835,406,115,Défensive,6,11
9836,406,98,Défensive,13,11
9837,406,527,Toute Surface,11,8
9838,406,646,Offensive,9,22
9839,406,793,Médiane,15,4
9840,406,229,Médiane,15,3
9841,406,269,Médiane,13,9
9842,406,359,Toute Surface,8,11
9843,406,461,Toute Surface,6,15
9844,407,237,Défensive,0,0
9845,407,573,Défensive,0,0
9846,407,886,Défensive,0,0
9847,407,491,Médiane,5,11
9848,407,428,Médiane,14,7
9849,407,774,Toute Surface,9,6
9850,407,311,Toute Surface,8,9
9851,407,968,Défensive,7,12
9852,407,204,Défensive,12,22
9853,407,42,Médiane,11,16
9854,407,297,Offensive,7,8
9855,407,669,Défensive,11,22
9856,407,578,Défensive,7,14
9857,407,810,Médiane,13,22
9858,407,162,Défensive,9,18
9859,407,621,Défensive,4,5
9860,407,115,Toute Surface,8,6
9861,407,98,Toute Surface,8,11
9862,407,527,Toute Surface,8,7
9863,407,646,Toute Surface,9,11
9864,407,793,Offensive,15,7
9865,407,229,Défensive,12,11
9866,407,269,Toute Surface,12,3
9867,407,359,Médiane,11,9
9868,407,461,Défensive,5,5
9869,408,237,Défensive,0,0
9870,408,573,Défensive,0,0
9871,408,886,Défensive,0,0
9872,408,491,Médiane,9,19
9873,408,428,Défensive,15,8
9874,408,774,Toute Surface,9,7
9875,408,311,Médiane,9,5
9876,408,968,Offensive,8,5
9877,408,204,Offensive,8,18
9878,408,42,Médiane,6,14
9879,408,297,Offensive,7,16
9880,408,669,Offensive,12,17
9881,408,578,Offensive,8,22
9882,408,810,Offensive,13,11
9883,408,162,Toute Surface,7,20
9884,408,621,Toute Surface,6,9
9885,408,115,Médiane,8,13
9886,408,98,Toute Surface,6,19
9887,408,527,Offensive,14,4
9888,408,646,Défensive,9,16
9889,408,793,Défensive,9,6
9890,408,229,Toute Surface,13,4
9891,408,269,Médiane,14,9
9892,408,359,Défensive,8,11
9893,408,461,Toute Surface,6,9
9894,409,237,Défensive,0,0
9895,409,573,Défensive,0,0
9896,409,886,Défensive,0,0
9897,409,491,Offensive,12,13
9898,409,428,Offensive,16,8
9899,409,774,Défensive,16,9
9900,409,311,Médiane,9,3
9901,409,968,Médiane,5,16
9902,409,204,Défensive,11,14
9903,409,42,Défensive,11,19
9904,409,297,Médiane,6,9
9905,409,669,Défensive,8,15
9906,409,578,Médiane,11,19
9907,409,810,Défensive,8,14
9908,409,162,Défensive,11,19
9909,409,621,Défensive,7,7
9910,409,115,Toute Surface,7,16
9911,409,98,Toute Surface,8,15
9912,409,527,Défensive,15,4
9913,409,646,Toute Surface,8,12
9914,409,793,Toute Surface,13,7
9915,409,229,Défensive,14,9
9916,409,269,Offensive,12,6
9917,409,359,Offensive,8,3
9918,409,461,Toute Surface,7,11
9919,410,237,Défensive,0,0
9920,410,573,Défensive,0,0
9921,410,886,Défensive,0,0
9922,410,491,Défensive,13,11
9923,410,428,Médiane,15,5
9924,410,774,Défensive,9,8
9925,410,311,Offensive,15,3
9926,410,968,Défensive,6,5
9927,410,204,Défensive,13,11
9928,410,42,Défensive,5,13
9929,410,297,Médiane,6,16
9930,410,669,Toute Surface,6,11
9931,410,578,Offensive,9,14
9932,410,810,Offensive,8,22
9933,410,162,Défensive,8,12
9934,410,621,Toute Surface,8,15
9935,410,115,Médiane,6,8
9936,410,98,Médiane,8,16
9937,410,527,Toute Surface,11,9
9938,410,646,Médiane,9,11
9939,410,793,Médiane,14,3
9940,410,229,Offensive,8,5
9941,410,269,Défensive,11,3
9942,410,359,Médiane,9,4
9943,410,461,Offensive,7,6
9944,411,237,Défensive,0,0
9945,411,573,Défensive,0,0
9946,411,886,Défensive,0,0
9947,411,491,Offensive,5,18
9948,411,428,Toute Surface,11,9
9949,411,774,Offensive,9,3
9950,411,311,Toute Surface,10,6
9951,411,968,Offensive,7,11
9952,411,204,Défensive,9,10
9953,411,42,Médiane,6,17
9954,411,297,Défensive,4,9
9955,411,669,Toute Surface,9,9
9956,411,578,Offensive,5,12
9957,411,810,Médiane,8,18
9958,411,162,Offensive,5,9
9959,411,621,Toute Surface,5,7
9960,411,115,Offensive,4,7
9961,411,98,Médiane,9,15
9962,411,527,Offensive,12,9
9963,411,646,Médiane,6,9
9964,411,793,Médiane,8,8
9965,411,229,Médiane,9,2
9966,411,269,Médiane,10,5
9967,411,359,Offensive,11,3
9968,411,461,Toute Surface,6,5
9969,412,237,Défensive,0,0
9970,412,573,Défensive,0,0
9971,412,886,Défensive,0,0
9972,412,491,Offensive,10,14
9973,412,428,Offensive,13,9
9974,412,774,Défensive,9,7
9975,412,311,Offensive,11,4
9976,412,968,Toute Surface,6,6
9977,412,204,Médiane,6,10
9978,412,42,Défensive,6,14
9979,412,297,Médiane,3,11
9980,412,669,Défensive,7,13
9981,412,578,Offensive,9,12
9982,412,810,Toute Surface,6,16
9983,412,162,Médiane,8,18
9984,412,621,Offensive,2,4
9985,412,115,Médiane,7,8
9986,412,98,Toute Surface,4,13
9987,412,527,Offensive,8,5
9988,412,646,Défensive,5,10
9989,412,793,Offensive,8,8
9990,412,229,Défensive,11,2
9991,412,269,Offensive,9,6
9992,412,359,Offensive,10,5
9993,412,461,Défensive,3,11
9994,413,237,Défensive,0,0
9995,413,573,Défensive,0,0
9996,413,886,Défensive,0,0
9997,413,491,Offensive,4,14
9998,413,428,Toute Surface,8,8
9999,413,774,Médiane,7,6
10000,413,311,Offensive,8,4
10001,413,968,Médiane,5,12
10002,413,204,Médiane,6,9
10003,413,42,Offensive,4,12
10004,413,297,Médiane,4,9
10005,413,669,Défensive,4,9
10006,413,578,Médiane,8,15
10007,413,810,Médiane,8,11
10008,413,162,Offensive,9,14
10009,413,621,Médiane,6,7
10010,413,115,Médiane,6,11
10011,413,98,Toute Surface,9,14
10012,413,527,Offensive,9,9
10013,413,646,Défensive,4,9
10014,413,793,Médiane,8,7
10015,413,229,Offensive,8,4
10016,413,269,Défensive,10,7
10017,413,359,Défensive,9,8
10018,413,461,Offensive,6,9
10019,414,237,Défensive,0,0
10020,414,573,Défensive,0,0
10021,414,886,Défensive,0,0
10022,414,491,Offensive,11,18
10023,414,428,Défensive,11,9
10024,414,774,Médiane,15,7
10025,414,311,Défensive,14,7
10026,414,968,Médiane,6,5
10027,414,204,Toute Surface,9,15
10028,414,42,Toute Surface,12,16
10029,414,297,Défensive,5,11
10030,414,669,Défensive,10,12
10031,414,578,Toute Surface,8,10
10032,414,810,Offensive,12,20
10033,414,162,Toute Surface,6,10
10034,414,621,Médiane,6,9
10035,414,115,Médiane,3,8
10036,414,98,Toute Surface,11,12
10037,414,527,Toute Surface,13,8
10038,414,646,Défensive,10,10
10039,414,793,Médiane,14,4
10040,414,229,Médiane,14,6
10041,414,269,Toute Surface,14,4
10042,414,359,Toute Surface,11,5
10043,414,461,Défensive,4,10
10044,415,658,Aucune,0,0
10045,415,697,Défensive,0,0
10046,415,786,Aucune,0,0
10047,415,249,Médiane,8,13
10048,415,893,Aucune,0,0
10049,415,509,Médiane,7,19
10050,415,354,Toute Surface,11,7
10051,415,205,Aucune,0,0
10052,415,301,Médiane,7,14
10053,415,767,Aucune,0,0
10054,415,219,Défensive,6,12
10055,415,432,Toute Surface,4,5
10056,415,879,Défensive,16,11
10057,415,164,Aucune,0,0
10058,415,242,Médiane,6,14
10059,415,261,Toute Surface,9,16
10060,415,811,Défensive,8,12
10061,415,931,Toute Surface,16,7
10062,415,376,Offensive,8,11
10063,415,680,Médiane,8,6
10064,415,832,Aucune,0,0
10065,415,884,Aucune,0,0
10066,415,93,Aucune,0,0
10067,415,87,Médiane,6,5
10068,415,56,Aucune,0,0
10069,416,658,Défensive,0,0
10070,416,697,Défensive,0,0
10071,416,786,Aucune,0,0
10072,416,249,Toute Surface,6,5
10073,416,893,Défensive,9,13
10074,416,509,Défensive,7,9
10075,416,354,Médiane,10,4
10076,416,205,Offensive,4,15
10077,416,301,Médiane,7,4
10078,416,767,Médiane,2,13
10079,416,219,Offensive,5,9
10080,416,432,Offensive,7,9
10081,416,879,Médiane,7,3
10082,416,164,Défensive,7,12
10083,416,242,Défensive,7,9
10084,416,261,Médiane,9,17
10085,416,811,Toute Surface,3,9
10086,416,931,Défensive,13,5
10087,416,376,Défensive,6,17
10088,416,680,Défensive,4,6
10089,416,832,Défensive,8,12
10090,416,884,Aucune,0,0
10091,416,93,Aucune,0,0
10092,416,87,Médiane,3,12
10093,416,56,Toute Surface,7,9
10094,417,658,Défensive,0,0
10095,417,697,Défensive,0,0
10096,417,786,Défensive,0,0
10097,417,249,Offensive,3,16
10098,417,893,Défensive,5,22
10099,417,509,Toute Surface,8,17
10100,417,354,Toute Surface,14,8
10101,417,205,Toute Surface,8,22
10102,417,301,Médiane,5,6
10103,417,767,Défensive,8,14
10104,417,219,Offensive,3,6
10105,417,432,Toute Surface,3,5
10106,417,879,Toute Surface,16,4
10107,417,164,Offensive,9,12
10108,417,242,Offensive,12,16
10109,417,261,Médiane,8,14
10110,417,811,Défensive,3,5
10111,417,931,Médiane,9,3
10112,417,376,Médiane,13,14
10113,417,680,Offensive,4,15
10114,417,832,Médiane,13,14
10115,417,884,Offensive,13,13
10116,417,93,Médiane,8,15
10117,417,87,Défensive,4,7
10118,417,56,Médiane,5,11
10119,418,658,Défensive,0,0
10120,418,697,Défensive,0,0
10121,418,786,Défensive,0,0
10122,418,249,Toute Surface,8,7
10123,418,893,Médiane,6,12
10124,418,509,Offensive,9,20
10125,418,354,Défensive,16,9
10126,418,205,Médiane,5,12
10127,418,301,Défensive,3,15
10128,418,767,Défensive,5,6
10129,418,219,Offensive,4,8
10130,418,432,Offensive,3,9
10131,418,879,Défensive,12,3
10132,418,164,Toute Surface,6,16
10133,418,242,Offensive,5,22
10134,418,261,Médiane,13,15
10135,418,811,Toute Surface,5,14
10136,418,931,Défensive,13,7
10137,418,376,Défensive,11,11
10138,418,680,Médiane,3,13
10139,418,832,Offensive,9,13
10140,418,884,Médiane,12,20
10141,418,93,Offensive,8,14
10142,418,87,Toute Surface,6,5
10143,418,56,Défensive,8,17
10144,419,658,Défensive,0,0
10145,419,697,Défensive,0,0
10146,419,786,Défensive,0,0
10147,419,249,Défensive,3,12
10148,419,893,Offensive,6,12
10149,419,509,Offensive,9,13
10150,419,354,Offensive,10,6
10151,419,205,Défensive,10,14
10152,419,301,Offensive,4,13
10153,419,767,Défensive,2,5
10154,419,219,Offensive,3,13
10155,419,432,Défensive,4,8
10156,419,879,Défensive,8,5
10157,419,164,Offensive,6,9
10158,419,242,Médiane,9,12
10159,419,261,Offensive,5,9
10160,419,811,Médiane,2,12
10161,419,931,Offensive,13,7
10162,419,376,Offensive,9,11
10163,419,680,Offensive,4,11
10164,419,832,Toute Surface,6,17
10165,419,884,Défensive,5,18
10166,419,93,Médiane,7,4
10167,419,87,Offensive,4,6
10168,419,56,Toute Surface,7,11
10169,420,658,Défensive,0,0
10170,420,697,Défensive,0,0
10171,420,786,Défensive,0,0
10172,420,249,Défensive,7,4
10173,420,893,Médiane,10,9
10174,420,509,Médiane,5,17
10175,420,354,Offensive,9,3
10176,420,205,Toute Surface,10,11
10177,420,301,Défensive,3,13
10178,420,767,Défensive,2,10
10179,420,219,Défensive,7,10
10180,420,432,Médiane,4,12
10181,420,879,Médiane,12,5
10182,420,164,Offensive,8,13
10183,420,242,Médiane,9,18
10184,420,261,Médiane,4,17
10185,420,811,Défensive,7,12
10186,420,931,Toute Surface,10,7
10187,420,376,Toute Surface,5,18
10188,420,680,Défensive,5,9
10189,420,832,Offensive,9,14
10190,420,884,Offensive,10,18
10191,420,93,Toute Surface,5,9
10192,420,87,Médiane,3,12
10193,420,56,Défensive,9,9
10194,421,658,Défensive,0,0
10195,421,697,Défensive,0,0
10196,421,786,Défensive,0,0
10197,421,249,Toute Surface,6,11
10198,421,893,Défensive,13,19
10199,421,509,Défensive,12,12
10200,421,354,Défensive,11,11
10201,421,205,Toute Surface,12,19
10202,421,301,Toute Surface,6,8
10203,421,767,Défensive,5,12
10204,421,219,Toute Surface,6,7
10205,421,432,Toute Surface,4,8
10206,421,879,Offensive,12,5
10207,421,164,Offensive,13,22
10208,421,242,Toute Surface,13,13
10209,421,261,Défensive,6,16
10210,421,811,Toute Surface,3,16
10211,421,931,Toute Surface,15,4
10212,421,376,Offensive,9,12
10213,421,680,Défensive,8,12
10214,421,832,Offensive,13,13
10215,421,884,Défensive,6,11
10216,421,93,Défensive,4,7
10217,421,87,Médiane,4,16
10218,421,56,Médiane,5,17
10219,422,658,Défensive,0,0
10220,422,697,Défensive,0,0
10221,422,786,Défensive,0,0
10222,422,249,Médiane,4,9
10223,422,893,Toute Surface,6,11
10224,422,509,Offensive,12,17
10225,422,354,Médiane,15,3
10226,422,205,Défensive,8,19
10227,422,301,Défensive,5,8
10228,422,767,Offensive,8,16
10229,422,219,Offensive,7,7
10230,422,432,Médiane,4,12
10231,422,879,Offensive,12,5
10232,422,164,Médiane,9,16
10233,422,242,Offensive,13,16
10234,422,261,Défensive,7,19
10235,422,811,Défensive,6,15
10236,422,931,Médiane,12,8
10237,422,376,Toute Surface,7,14
10238,422,680,Défensive,6,5
10239,422,832,Médiane,6,15
10240,422,884,Toute Surface,9,17
10241,422,93,Médiane,5,5
10242,422,87,Médiane,3,12
10243,422,56,Défensive,11,12
10244,423,658,Défensive,0,0
10245,423,697,Défensive,0,0
10246,423,786,Défensive,0,0
10247,423,249,Toute Surface,4,6
10248,423,893,Toute Surface,12,15
10249,423,509,Offensive,9,13
10250,423,354,Toute Surface,16,4
10251,423,205,Défensive,13,14
10252,423,301,Offensive,6,8
10253,423,767,Toute Surface,6,13
10254,423,219,Toute Surface,6,7
10255,423,432,Médiane,5,9
10256,423,879,Défensive,14,9
10257,423,164,Défensive,13,12
10258,423,242,Médiane,6,15
10259,423,261,Toute Surface,7,13
10260,423,811,Médiane,4,15
10261,423,931,Médiane,16,11
10262,423,376,Offensive,8,12
10263,423,680,Défensive,4,16
10264,423,832,Offensive,8,13
10265,423,884,Offensive,5,16
10266,423,93,Médiane,3,14
10267,423,87,Offensive,3,5
10268,423,56,Défensive,5,12
10269,424,658,Défensive,0,0
10270,424,697,Défensive,0,0
10271,424,786,Défensive,0,0
10272,424,249,Offensive,4,7
10273,424,893,Toute Surface,13,22
10274,424,509,Toute Surface,12,17
10275,424,354,Défensive,15,5
10276,424,205,Médiane,5,19
10277,424,301,Médiane,3,11
10278,424,767,Toute Surface,3,7
10279,424,219,Offensive,6,14
10280,424,432,Défensive,3,7
10281,424,879,Toute Surface,12,4
10282,424,164,Toute Surface,13,13
10283,424,242,Médiane,9,22
10284,424,261,Toute Surface,7,15
10285,424,811,Toute Surface,6,6
10286,424,931,Défensive,8,6
10287,424,376,Médiane,5,15
10288,424,680,Défensive,3,6
10289,424,832,Offensive,12,16
10290,424,884,Médiane,12,11
10291,424,93,Offensive,7,14
10292,424,87,Toute Surface,4,14
10293,424,56,Toute Surface,11,17
10294,425,658,Défensive,0,0
10295,425,697,Défensive,0,0
10296,425,786,Défensive,0,0
10297,425,249,Offensive,7,15
10298,425,893,Offensive,7,15
10299,425,509,Défensive,11,12
10300,425,354,Défensive,8,6
10301,425,205,Toute Surface,8,12
10302,425,301,Toute Surface,6,13
10303,425,767,Défensive,4,9
10304,425,219,Toute Surface,7,11
10305,425,432,Défensive,5,6
10306,425,879,Toute Surface,12,6
10307,425,164,Toute Surface,7,16
10308,425,242,Toute Surface,12,12
10309,425,261,Toute Surface,11,16
10310,425,811,Offensive,8,14
10311,425,931,Médiane,11,4
10312,425,376,Toute Surface,7,18
10313,425,680,Toute Surface,3,5
10314,425,832,Médiane,10,17
10315,425,884,Défensive,7,10
10316,425,93,Offensive,3,12
10317,425,87,Médiane,8,11
10318,425,56,Offensive,6,19
10319,426,658,Défensive,0,0
10320,426,697,Défensive,0,0
10321,426,786,Défensive,0,0
10322,426,249,Toute Surface,6,10
10323,426,893,Défensive,7,15
10324,426,509,Toute Surface,10,19
10325,426,354,Défensive,14,5
10326,426,205,Médiane,7,10
10327,426,301,Offensive,5,14
10328,426,767,Toute Surface,5,14
10329,426,219,Offensive,5,9
10330,426,432,Médiane,6,10
10331,426,879,Médiane,9,7
10332,426,164,Médiane,11,15
10333,426,242,Offensive,10,13
10334,426,261,Offensive,9,10
10335,426,811,Défensive,5,11
10336,426,931,Médiane,10,5
10337,426,376,Offensive,11,12
10338,426,680,Médiane,6,9
10339,426,832,Défensive,8,12
10340,426,884,Défensive,6,17
10341,426,93,Médiane,7,9
10342,426,87,Défensive,6,14
10343,426,56,Médiane,10,18
10344,427,658,Défensive,0,0
10345,427,697,Défensive,0,0
10346,427,786,Défensive,0,0
10347,427,249,Défensive,7,11
10348,427,893,Médiane,5,22
10349,427,509,Offensive,13,17
10350,427,354,Médiane,13,5
10351,427,205,Défensive,11,14
10352,427,301,Toute Surface,5,15
10353,427,767,Toute Surface,8,13
10354,427,219,Défensive,5,15
10355,427,432,Défensive,5,8
10356,427,879,Toute Surface,11,3
10357,427,164,Défensive,13,22
10358,427,242,Toute Surface,13,22
10359,427,261,Médiane,11,22
10360,427,811,Défensive,7,16
10361,427,931,Toute Surface,16,7
10362,427,376,Offensive,9,22
10363,427,680,Défensive,5,5
10364,427,832,Offensive,7,14
10365,427,884,Médiane,11,12
10366,427,93,Médiane,8,11
10367,427,87,Défensive,8,12
10368,427,56,Défensive,9,14
10369,428,658,Défensive,0,0
10370,428,697,Défensive,0,0
10371,428,786,Défensive,0,0
10372,428,249,Médiane,3,7
10373,428,893,Offensive,9,11
10374,428,509,Défensive,6,17
10375,428,354,Toute Surface,9,3
10376,428,205,Médiane,6,20
10377,428,301,Médiane,6,15
10378,428,767,Défensive,7,13
10379,428,219,Toute Surface,7,13
10380,428,432,Offensive,3,12
10381,428,879,Offensive,12,7
10382,428,164,Défensive,9,13
10383,428,242,Défensive,5,20
10384,428,261,Offensive,9,19
10385,428,811,Défensive,6,11
10386,428,931,Défensive,8,6
10387,428,376,Médiane,6,20
10388,428,680,Défensive,5,5
10389,428,832,Offensive,5,20
10390,428,884,Offensive,11,20
10391,428,93,Toute Surface,8,6
10392,428,87,Médiane,5,10
10393,428,56,Toute Surface,9,15
10394,429,658,Défensive,0,0
10395,429,697,Défensive,0,0
10396,429,786,Défensive,0,0
10397,429,249,Médiane,5,8
10398,429,893,Médiane,7,11
10399,429,509,Toute Surface,8,22
10400,429,354,Toute Surface,12,11
10401,429,205,Défensive,9,12
10402,429,301,Toute Surface,8,6
10403,429,767,Médiane,6,15
10404,429,219,Défensive,6,9
10405,429,432,Défensive,6,16
10406,429,879,Offensive,9,3
10407,429,164,Offensive,5,11
10408,429,242,Toute Surface,7,19
10409,429,261,Toute Surface,6,15
10410,429,811,Toute Surface,5,7
10411,429,931,Médiane,15,11
10412,429,376,Offensive,6,14
10413,429,680,Médiane,5,11
10414,429,832,Toute Surface,8,12
10415,429,884,Défensive,12,20
10416,429,93,Médiane,7,6
10417,429,87,Défensive,7,9
10418,429,56,Défensive,9,15
10419,430,658,Défensive,0,0
10420,430,697,Défensive,0,0
10421,430,786,Défensive,0,0
10422,430,249,Offensive,7,6
10423,430,893,Médiane,10,9
10424,430,509,Défensive,6,14
10425,430,354,Défensive,11,5
10426,430,205,Défensive,8,14
10427,430,301,Médiane,5,8
10428,430,767,Défensive,7,9
10429,430,219,Défensive,5,8
10430,430,432,Toute Surface,7,11
10431,430,879,Défensive,9,9
10432,430,164,Défensive,5,16
10433,430,242,Offensive,8,12
10434,430,261,Défensive,5,15
10435,430,811,Toute Surface,7,10
10436,430,931,Médiane,8,9
10437,430,376,Médiane,9,10
10438,430,680,Défensive,3,11
10439,430,832,Défensive,8,13
10440,430,884,Offensive,8,11
10441,430,93,Offensive,2,9
10442,430,87,Défensive,6,12
10443,430,56,Toute Surface,5,11
10444,431,658,Défensive,0,0
10445,431,697,Défensive,0,0
10446,431,786,Défensive,0,0
10447,431,249,Médiane,7,11
10448,431,893,Médiane,4,16
10449,431,509,Médiane,8,18
10450,431,354,Offensive,8,9
10451,431,205,Offensive,8,11
10452,431,301,Offensive,4,5
10453,431,767,Toute Surface,6,13
10454,431,219,Défensive,2,10
10455,431,432,Offensive,7,9
10456,431,879,Défensive,7,2
10457,431,164,Défensive,6,9
10458,431,242,Médiane,10,12
10459,431,261,Toute Surface,4,18
10460,431,811,Médiane,3,6
10461,431,931,Toute Surface,11,5
10462,431,376,Médiane,8,9
10463,431,680,Offensive,2,13
10464,431,832,Défensive,9,17
10465,431,884,Offensive,10,12
10466,431,93,Toute Surface,7,12
10467,431,87,Toute Surface,3,7
10468,431,56,Offensive,4,15
10469,432,658,Défensive,0,0
10470,432,697,Défensive,0,0
10471,432,786,Défensive,0,0
10472,432,249,Offensive,2,10
10473,432,893,Offensive,8,9
10474,432,509,Défensive,9,11
10475,432,354,Médiane,9,8
10476,432,205,Défensive,6,12
10477,432,301,Toute Surface,6,6
10478,432,767,Offensive,3,12
10479,432,219,Médiane,2,9
10480,432,432,Toute Surface,3,4
10481,432,879,Offensive,9,7
10482,432,164,Médiane,5,9
10483,432,242,Défensive,4,12
10484,432,261,Médiane,6,17
10485,432,811,Toute Surface,5,9
10486,432,931,Défensive,10,6
10487,432,376,Toute Surface,5,9
10488,432,680,Défensive,3,7
10489,432,832,Défensive,5,11
10490,432,884,Médiane,9,11
10491,432,93,Offensive,4,11
10492,432,87,Médiane,5,6
10493,432,56,Offensive,10,15
10494,433,658,Défensive,0,0
10495,433,697,Défensive,0,0
10496,433,786,Défensive,0,0
10497,433,249,Toute Surface,5,16
10498,433,893,Offensive,11,20
10499,433,509,Médiane,8,11
10500,433,354,Toute Surface,8,7
10501,433,205,Toute Surface,9,20
10502,433,301,Défensive,3,8
10503,433,767,Défensive,8,13
10504,433,219,Offensive,8,6
10505,433,432,Défensive,7,14
10506,433,879,Défensive,16,4
10507,433,164,Médiane,12,22
10508,433,242,Défensive,12,17
10509,433,261,Défensive,5,19
10510,433,811,Offensive,6,16
10511,433,931,Défensive,12,5
10512,433,376,Toute Surface,13,11
10513,433,680,Défensive,3,13
10514,433,832,Toute Surface,12,11
10515,433,884,Défensive,7,19
10516,433,93,Toute Surface,3,8
10517,433,87,Offensive,7,16
10518,433,56,Offensive,6,13
10519,434,658,Défensive,0,0
10520,434,697,Défensive,0,0
10521,434,786,Défensive,0,0
10522,434,249,Médiane,4,12
10523,434,893,Toute Surface,9,20
10524,434,509,Médiane,8,17
10525,434,354,Toute Surface,9,4
10526,434,205,Défensive,13,15
10527,434,301,Médiane,8,14
10528,434,767,Toute Surface,6,9
10529,434,219,Toute Surface,5,6
10530,434,432,Défensive,5,15
10531,434,879,Toute Surface,8,6
10532,434,164,Médiane,12,22
10533,434,242,Médiane,6,17
10534,434,261,Offensive,9,11
10535,434,811,Offensive,7,6
10536,434,931,Médiane,8,8
10537,434,376,Médiane,9,17
10538,434,680,Médiane,6,7
10539,434,832,Offensive,12,16
10540,434,884,Toute Surface,8,11
10541,434,93,Défensive,7,8
10542,434,87,Offensive,5,16
10543,434,56,Défensive,8,17
10544,435,658,Défensive,0,0
10545,435,697,Défensive,0,0
10546,435,786,Défensive,0,0
10547,435,249,Toute Surface,2,5
10548,435,893,Défensive,5,15
10549,435,509,Offensive,6,18
10550,435,354,Offensive,13,7
10551,435,205,Toute Surface,6,12
10552,435,301,Toute Surface,6,11
10553,435,767,Défensive,4,7
10554,435,219,Offensive,5,12
10555,435,432,Offensive,3,12
10556,435,879,Toute Surface,10,8
10557,435,164,Défensive,10,15
10558,435,242,Toute Surface,9,12
10559,435,261,Médiane,10,9
10560,435,811,Médiane,4,9
10561,435,931,Défensive,10,2
10562,435,376,Défensive,9,13
10563,435,680,Défensive,6,12
10564,435,832,Défensive,5,17
10565,435,884,Médiane,4,16
10566,435,93,Offensive,4,12
10567,435,87,Offensive,6,8
10568,435,56,Défensive,6,17
10569,436,658,Défensive,0,0
10570,436,697,Défensive,0,0
10571,436,786,Défensive,0,0
10572,436,249,Défensive,4,14
10573,436,893,Défensive,11,22
10574,436,509,Toute Surface,11,22
10575,436,354,Médiane,11,3
10576,436,205,Offensive,9,16
10577,436,301,Offensive,4,11
10578,436,767,Toute Surface,7,8
10579,436,219,Médiane,3,16
10580,436,432,Défensive,5,12
10581,436,879,Offensive,8,7
10582,436,164,Défensive,7,11
10583,436,242,Médiane,6,11
10584,436,261,Offensive,6,22
10585,436,811,Toute Surface,8,11
10586,436,931,Toute Surface,12,3
10587,436,376,Défensive,8,14
10588,436,680,Défensive,8,9
10589,436,832,Toute Surface,9,19
10590,436,884,Offensive,7,15
10591,436,93,Offensive,5,14
10592,436,87,Médiane,7,15
10593,436,56,Défensive,9,15
10594,437,658,Défensive,0,0
10595,437,697,Défensive,0,0
10596,437,786,Défensive,0,0
10597,437,249,Défensive,7,9
10598,437,893,Toute Surface,6,15
10599,437,509,Offensive,9,10
10600,437,354,Toute Surface,9,6
10601,437,205,Offensive,6,12
10602,437,301,Défensive,2,9
10603,437,767,Défensive,5,4
10604,437,219,Offensive,4,9
10605,437,432,Offensive,7,8
10606,437,879,Médiane,10,2
10607,437,164,Toute Surface,6,11
10608,437,242,Défensive,7,15
10609,437,261,Toute Surface,9,18
10610,437,811,Offensive,7,11
10611,437,931,Toute Surface,10,6
10612,437,376,Défensive,8,9
10613,437,680,Médiane,5,7
10614,437,832,Offensive,9,10
10615,437,884,Défensive,8,12
10616,437,93,Défensive,3,13
10617,437,87,Offensive,5,10
10618,437,56,Toute Surface,9,13
10619,438,658,Défensive,0,0
10620,438,697,Défensive,0,0
10621,438,786,Défensive,0,0
10622,438,249,Toute Surface,3,5
10623,438,893,Défensive,6,11
10624,438,509,Défensive,7,17
10625,438,354,Offensive,12,9
10626,438,205,Défensive,7,22
10627,438,301,Toute Surface,4,5
10628,438,767,Offensive,5,6
10629,438,219,Médiane,4,16
10630,438,432,Offensive,3,7
10631,438,879,Toute Surface,9,5
10632,438,164,Défensive,5,13
10633,438,242,Défensive,12,11
10634,438,261,Offensive,8,12
10635,438,811,Médiane,3,14
10636,438,931,Toute Surface,11,9
10637,438,376,Offensive,11,12
10638,438,680,Défensive,4,5
10639,438,832,Médiane,13,18
10640,438,884,Offensive,7,22
10641,438,93,Défensive,3,5
10642,438,87,Toute Surface,3,6
10643,438,56,Toute Surface,6,17
10644,439,658,Défensive,0,0
10645,439,697,Défensive,0,0
10646,439,786,Défensive,0,0
10647,439,249,Offensive,6,5
10648,439,893,Toute Surface,7,10
10649,439,509,Offensive,12,13
10650,439,354,Médiane,8,7
10651,439,205,Toute Surface,10,19
10652,439,301,Offensive,3,8
10653,439,767,Médiane,8,14
10654,439,219,Défensive,4,7
10655,439,432,Offensive,6,11
10656,439,879,Défensive,14,5
10657,439,164,Défensive,6,15
10658,439,242,Toute Surface,8,16
10659,439,261,Offensive,7,14
10660,439,811,Toute Surface,3,12
10661,439,931,Défensive,8,3
10662,439,376,Défensive,10,12
10663,439,680,Médiane,8,13
10664,439,832,Médiane,12,15
10665,439,884,Toute Surface,11,18
10666,439,93,Médiane,3,11
10667,439,87,Défensive,7,7
10668,439,56,Médiane,7,12
10669,440,658,Défensive,0,0
10670,440,697,Défensive,0,0
10671,440,786,Défensive,0,0
10672,440,249,Toute Surface,4,14
10673,440,893,Toute Surface,12,20
10674,440,509,Médiane,9,18
10675,440,354,Médiane,13,6
10676,440,205,Médiane,7,15
10677,440,301,Médiane,4,13
10678,440,767,Offensive,4,11
10679,440,219,Médiane,5,14
10680,440,432,Médiane,8,8
10681,440,879,Offensive,13,3
10682,440,164,Défensive,9,14
10683,440,242,Médiane,9,15
10684,440,261,Offensive,12,18
10685,440,811,Toute Surface,5,13
10686,440,931,Offensive,13,8
10687,440,376,Toute Surface,12,17
10688,440,680,Toute Surface,5,8
10689,440,832,Offensive,6,18
10690,440,884,Défensive,6,13
10691,440,93,Médiane,4,13
10692,440,87,Toute Surface,4,15
10693,440,56,Médiane,9,18
10694,441,658,Défensive,0,0
10695,441,697,Défensive,0,0
10696,441,786,Défensive,0,0
10697,441,249,Défensive,7,7
10698,441,893,Défensive,11,17
10699,441,509,Offensive,10,19
10700,441,354,Défensive,8,3
10701,441,205,Médiane,7,20
10702,441,301,Défensive,3,15
10703,441,767,Médiane,7,11
10704,441,219,Médiane,4,15
10705,441,432,Offensive,6,14
10706,441,879,Offensive,10,9
10707,441,164,Toute Surface,10,17
10708,441,242,Offensive,9,18
10709,441,261,Défensive,5,18
10710,441,811,Défensive,6,5
10711,441,931,Toute Surface,9,3
10712,441,376,Offensive,11,15
10713,441,680,Offensive,4,10
10714,441,832,Toute Surface,5,19
10715,441,884,Défensive,12,19
10716,441,93,Défensive,4,15
10717,441,87,Toute Surface,6,8
10718,441,56,Toute Surface,8,16
10719,442,658,Défensive,0,0
10720,442,697,Défensive,0,0
10721,442,786,Défensive,0,0
10722,442,249,Défensive,5,7
10723,442,893,Défensive,13,19
10724,442,509,Offensive,7,15
10725,442,354,Toute Surface,12,5
10726,442,205,Médiane,9,13
10727,442,301,Offensive,4,13
10728,442,767,Défensive,3,8
10729,442,219,Médiane,6,9
10730,442,432,Offensive,3,14
10731,442,879,Défensive,15,5
10732,442,164,Défensive,9,15
10733,442,242,Défensive,7,18
10734,442,261,Offensive,13,18
10735,442,811,Défensive,5,7
10736,442,931,Offensive,8,4
10737,442,376,Médiane,9,11
10738,442,680,Médiane,4,16
10739,442,832,Offensive,11,18
10740,442,884,Défensive,11,22
10741,442,93,Défensive,7,11
10742,442,87,Défensive,7,16
10743,442,56,Médiane,13,17
10744,443,658,Défensive,0,0
10745,443,697,Défensive,0,0
10746,443,786,Défensive,0,0
10747,443,249,Médiane,4,13
10748,443,893,Offensive,7,19
10749,443,509,Médiane,9,16
10750,443,354,Défensive,8,9
10751,443,205,Médiane,6,19
10752,443,301,Toute Surface,5,15
10753,443,767,Défensive,8,6
10754,443,219,Offensive,4,5
10755,443,432,Médiane,3,12
10756,443,879,Toute Surface,16,7
10757,443,164,Défensive,13,17
10758,443,242,Offensive,5,17
10759,443,261,Médiane,9,13
10760,443,811,Offensive,5,8
10761,443,931,Médiane,8,9
10762,443,376,Défensive,7,13
10763,443,680,Toute Surface,7,14
10764,443,832,Défensive,9,16
10765,443,884,Médiane,13,15
10766,443,93,Offensive,3,15
10767,443,87,Offensive,5,7
10768,443,56,Offensive,6,15
10769,444,658,Défensive,0,0
10770,444,697,Défensive,0,0
10771,444,786,Défensive,0,0
10772,444,249,Défensive,3,8
10773,444,893,Toute Surface,9,16
10774,444,509,Offensive,10,16
10775,444,354,Toute Surface,11,7
10776,444,205,Défensive,11,17
10777,444,301,Médiane,4,13
10778,444,767,Défensive,7,11
10779,444,219,Médiane,7,13
10780,444,432,Défensive,7,15
10781,444,879,Médiane,11,5
10782,444,164,Défensive,11,10
10783,444,242,Toute Surface,9,19
10784,444,261,Toute Surface,6,11
10785,444,811,Médiane,8,15
10786,444,931,Médiane,9,3
10787,444,376,Défensive,6,10
10788,444,680,Défensive,5,6
10789,444,832,Offensive,11,14
10790,444,884,Médiane,5,14
10791,444,93,Médiane,7,8
10792,444,87,Toute Surface,4,9
10793,444,56,Offensive,5,15
10794,445,658,Défensive,0,0
10795,445,697,Défensive,0,0
10796,445,786,Défensive,0,0
10797,445,249,Toute Surface,4,6
10798,445,893,Offensive,7,15
10799,445,509,Toute Surface,9,9
10800,445,354,Défensive,12,3
10801,445,205,Offensive,4,11
10802,445,301,Offensive,6,13
10803,445,767,Toute Surface,3,8
10804,445,219,Offensive,3,10
10805,445,432,Défensive,7,6
10806,445,879,Offensive,11,4
10807,445,164,Défensive,8,18
10808,445,242,Toute Surface,6,12
10809,445,261,Toute Surface,7,14
10810,445,811,Toute Surface,6,8
10811,445,931,Offensive,7,9
10812,445,376,Offensive,7,12
10813,445,680,Médiane,3,8
10814,445,832,Offensive,10,15
10815,445,884,Toute Surface,9,12
10816,445,93,Défensive,7,13
10817,445,87,Défensive,4,8
10818,445,56,Défensive,10,9
10819,446,658,Défensive,0,0
10820,446,697,Défensive,0,0
10821,446,786,Défensive,0,0
10822,446,249,Toute Surface,7,5
10823,446,893,Offensive,9,11
10824,446,509,Toute Surface,7,13
10825,446,354,Offensive,10,5
10826,446,205,Défensive,6,10
10827,446,301,Médiane,3,5
10828,446,767,Offensive,5,12
10829,446,219,Médiane,2,8
10830,446,432,Offensive,3,11
10831,446,879,Offensive,12,3
10832,446,164,Offensive,9,12
10833,446,242,Toute Surface,5,14
10834,446,261,Défensive,7,9
10835,446,811,Défensive,6,4
10836,446,931,Médiane,9,4
10837,446,376,Médiane,9,9
10838,446,680,Offensive,6,7
10839,446,832,Toute Surface,7,15
10840,446,884,Défensive,8,13
10841,446,93,Médiane,3,9
10842,446,87,Toute Surface,2,11
10843,446,56,Défensive,5,12
10844,447,658,Défensive,0,0
10845,447,697,Défensive,0,0
10846,447,786,Défensive,0,0
10847,447,249,Toute Surface,8,7
10848,447,893,Offensive,9,19
10849,447,509,Médiane,6,15
10850,447,354,Défensive,10,3
10851,447,205,Défensive,6,14
10852,447,301,Médiane,6,13
10853,447,767,Médiane,6,9
10854,447,219,Offensive,6,14
10855,447,432,Médiane,5,8
10856,447,879,Médiane,13,7
10857,447,164,Toute Surface,6,13
10858,447,242,Offensive,6,20
10859,447,261,Défensive,8,14
10860,447,811,Défensive,5,14
10861,447,931,Médiane,11,6
10862,447,376,Offensive,6,11
10863,447,680,Défensive,7,8
10864,447,832,Toute Surface,5,20
10865,447,884,Défensive,10,19
10866,447,93,Offensive,4,9
10867,447,87,Défensive,8,7
10868,447,56,Défensive,11,15
10869,448,658,Défensive,0,0
10870,448,697,Défensive,0,0
10871,448,786,Défensive,0,0
10872,448,249,Médiane,3,10
10873,448,893,Toute Surface,10,10
10874,448,509,Médiane,6,12
10875,448,354,Défensive,13,6
10876,448,205,Offensive,10,9
10877,448,301,Défensive,5,13
10878,448,767,Offensive,5,5
10879,448,219,Médiane,4,13
10880,448,432,Défensive,7,11
10881,448,879,Toute Surface,11,5
10882,448,164,Médiane,4,15
10883,448,242,Offensive,5,16
10884,448,261,Médiane,10,13
10885,448,811,Offensive,3,4
10886,448,931,Défensive,12,8
10887,448,376,Médiane,7,13
10888,448,680,Offensive,2,13
10889,448,832,Toute Surface,8,11
10890,448,884,Médiane,9,11
10891,448,93,Toute Surface,2,11
10892,448,87,Défensive,6,7
10893,448,56,Toute Surface,4,9
10894,449,658,Défensive,0,0
10895,449,697,Défensive,0,0
10896,449,786,Défensive,0,0
10897,449,249,Médiane,3,6
10898,449,893,Défensive,5,15
10899,449,509,Médiane,8,10
10900,449,354,Offensive,13,7
10901,449,205,Médiane,4,9
10902,449,301,Médiane,3,4
10903,449,767,Offensive,7,9
10904,449,219,Défensive,7,11
10905,449,432,Défensive,5,5
10906,449,879,Défensive,12,3
10907,449,164,Offensive,6,18
10908,449,242,Médiane,5,13
10909,449,261,Défensive,9,16
10910,449,811,Toute Surface,4,5
10911,449,931,Toute Surface,8,5
10912,449,376,Défensive,7,17
10913,449,680,Offensive,4,6
10914,449,832,Toute Surface,4,14
10915,449,884,Défensive,8,13
10916,449,93,Médiane,2,9
10917,449,87,Médiane,7,9
10918,449,56,Offensive,8,16
10919,450,658,Défensive,0,0
10920,450,697,Défensive,0,0
10921,450,786,Défensive,0,0
10922,450,249,Toute Surface,8,15
10923,450,893,Toute Surface,5,14
10924,450,509,Toute Surface,12,17
10925,450,354,Défensive,12,5
10926,450,205,Offensive,8,13
10927,450,301,Défensive,4,9
10928,450,767,Médiane,6,11
10929,450,219,Médiane,6,9
10930,450,432,Offensive,7,7
10931,450,879,Médiane,14,5
10932,450,164,Toute Surface,12,19
10933,450,242,Toute Surface,5,11
10934,450,261,Offensive,5,15
10935,450,811,Toute Surface,5,11
10936,450,931,Toute Surface,13,4
10937,450,376,Offensive,5,19
10938,450,680,Médiane,5,15
10939,450,832,Médiane,7,18
10940,450,884,Médiane,7,14
10941,450,93,Toute Surface,5,9
10942,450,87,Toute Surface,8,5
10943,450,56,Défensive,7,22
10944,451,658,Défensive,0,0
10945,451,697,Défensive,0,0
10946,451,786,Défensive,0,0
10947,451,249,Offensive,5,12
10948,451,893,Offensive,5,17
10949,451,509,Toute Surface,9,14
10950,451,354,Médiane,12,11
10951,451,205,Défensive,13,15
10952,451,301,Défensive,6,14
10953,451,767,Médiane,3,16
10954,451,219,Médiane,6,7
10955,451,432,Défensive,5,16
10956,451,879,Médiane,12,11
10957,451,164,Défensive,13,22
10958,451,242,Offensive,5,16
10959,451,261,Médiane,6,13
10960,451,811,Toute Surface,4,14
10961,451,931,Toute Surface,12,11
10962,451,376,Défensive,9,12
10963,451,680,Défensive,3,14
10964,451,832,Défensive,13,20
10965,451,884,Offensive,11,17
10966,451,93,Défensive,7,12
10967,451,87,Offensive,6,5
10968,451,56,Offensive,8,17
10969,452,658,Défensive,0,0
10970,452,697,Défensive,0,0
10971,452,786,Défensive,0,0
10972,452,249,Médiane,3,13
10973,452,893,Toute Surface,13,13
10974,452,509,Toute Surface,12,11
10975,452,354,Médiane,16,9
10976,452,205,Offensive,7,20
10977,452,301,Toute Surface,6,14
10978,452,767,Médiane,5,12
10979,452,219,Défensive,8,14
10980,452,432,Médiane,3,13
10981,452,879,Médiane,9,9
10982,452,164,Toute Surface,7,17
10983,452,242,Offensive,12,20
10984,452,261,Défensive,8,22
10985,452,811,Toute Surface,7,12
10986,452,931,Toute Surface,14,4
10987,452,376,Défensive,9,12
10988,452,680,Toute Surface,7,7
10989,452,832,Médiane,5,16
10990,452,884,Toute Surface,8,14
10991,452,93,Défensive,6,6
10992,452,87,Médiane,6,8
10993,452,56,Toute Surface,8,18
10994,453,658,Défensive,0,0
10995,453,697,Défensive,0,0
10996,453,786,Défensive,0,0
10997,453,249,Défensive,4,7
10998,453,893,Offensive,8,15
10999,453,509,Offensive,6,17
11000,453,354,Toute Surface,10,8
11001,453,205,Défensive,10,13
11002,453,301,Médiane,3,15
11003,453,767,Offensive,3,10
11004,453,219,Toute Surface,6,10
11005,453,432,Toute Surface,5,12
11006,453,879,Défensive,10,10
11007,453,164,Médiane,8,10
11008,453,242,Toute Surface,7,12
11009,453,261,Offensive,11,11
11010,453,811,Toute Surface,5,13
11011,453,931,Médiane,14,4
11012,453,376,Défensive,8,15
11013,453,680,Toute Surface,3,12
11014,453,832,Médiane,12,11
11015,453,884,Toute Surface,7,15
11016,453,93,Toute Surface,6,8
11017,453,87,Offensive,4,7
11018,453,56,Offensive,5,14
11019,454,658,Défensive,0,0
11020,454,697,Défensive,0,0
11021,454,786,Défensive,0,0
11022,454,249,Offensive,8,8
11023,454,893,Offensive,5,11
11024,454,509,Offensive,8,14
11025,454,354,Toute Surface,13,6
11026,454,205,Offensive,11,11
11027,454,301,Médiane,8,6
11028,454,767,Toute Surface,4,5
11029,454,219,Toute Surface,5,12
11030,454,432,Offensive,4,9
11031,454,879,Offensive,14,8
11032,454,164,Défensive,12,16
11033,454,242,Offensive,11,15
11034,454,261,Défensive,7,17
11035,454,811,Offensive,5,8
11036,454,931,Médiane,14,7
11037,454,376,Médiane,12,18
11038,454,680,Offensive,8,9
11039,454,832,Médiane,8,19
11040,454,884,Défensive,12,18
11041,454,93,Toute Surface,4,13
11042,454,87,Offensive,5,12
11043,454,56,Médiane,5,19
11044,455,658,Défensive,0,0
11045,455,697,Défensive,0,0
11046,455,786,Défensive,0,0
11047,455,249,Toute Surface,4,8
11048,455,893,Toute Surface,6,9
11049,455,509,Médiane,10,11
11050,455,354,Défensive,8,9
11051,455,205,Défensive,7,9
11052,455,301,Défensive,7,6
11053,455,767,Toute Surface,4,9
11054,455,219,Défensive,4,13
11055,455,432,Toute Surface,4,11
11056,455,879,Médiane,9,4
11057,455,164,Défensive,9,13
11058,455,242,Médiane,6,9
11059,455,261,Défensive,9,17
11060,455,811,Défensive,7,11
11061,455,931,Médiane,9,3
11062,455,376,Offensive,10,9
11063,455,680,Offensive,4,6
11064,455,832,Défensive,10,9
11065,455,884,Défensive,8,9
11066,455,93,Médiane,4,10
11067,455,87,Défensive,6,8
11068,455,56,Toute Surface,9,15
11069,456,658,Défensive,0,0
11070,456,697,Défensive,0,0
11071,456,786,Défensive,0,0
11072,456,249,Toute Surface,6,8
11073,456,893,Toute Surface,9,9
11074,456,509,Offensive,10,9
11075,456,354,Défensive,13,3
11076,456,205,Toute Surface,9,16
11077,456,301,Offensive,7,10
11078,456,767,Médiane,4,4
11079,456,219,Défensive,6,7
11080,456,432,Toute Surface,3,5
11081,456,879,Médiane,9,2
11082,456,164,Médiane,9,17
11083,456,242,Toute Surface,8,12
11084,456,261,Médiane,10,10
11085,456,811,Défensive,7,12
11086,456,931,Défensive,7,2
11087,456,376,Défensive,9,18
11088,456,680,Toute Surface,5,11
11089,456,832,Médiane,10,9
11090,456,884,Médiane,4,18
11091,456,93,Médiane,2,5
11092,456,87,Offensive,3,13
11093,456,56,Offensive,8,9
11094,457,658,Défensive,0,0
11095,457,697,Défensive,0,0
11096,457,786,Défensive,0,0
11097,457,249,Défensive,4,16
11098,457,893,Offensive,8,11
11099,457,509,Offensive,9,13
11100,457,354,Médiane,14,9
11101,457,205,Toute Surface,11,22
11102,457,301,Toute Surface,6,13
11103,457,767,Toute Surface,6,12
11104,457,219,Défensive,8,14
11105,457,432,Médiane,3,5
11106,457,879,Médiane,9,6
11107,457,164,Toute Surface,11,20
11108,457,242,Médiane,9,12
11109,457,261,Offensive,5,15
11110,457,811,Défensive,6,9
11111,457,931,Toute Surface,12,4
11112,457,376,Médiane,9,11
11113,457,680,Médiane,7,6
11114,457,832,Défensive,13,12
11115,457,884,Toute Surface,11,19
11116,457,93,Offensive,5,12
11117,457,87,Toute Surface,7,5
11118,457,56,Médiane,13,16
11119,458,658,Défensive,0,0
11120,458,697,Défensive,0,0
11121,458,786,Défensive,0,0
11122,458,249,Toute Surface,5,12
11123,458,893,Offensive,7,15
11124,458,509,Toute Surface,7,13
11125,458,354,Offensive,8,4
11126,458,205,Défensive,9,16
11127,458,301,Défensive,4,9
11128,458,767,Offensive,3,13
11129,458,219,Offensive,3,9
11130,458,432,Médiane,5,12
11131,458,879,Médiane,11,4
11132,458,164,Offensive,6,9
11133,458,242,Offensive,4,16
11134,458,261,Défensive,8,15
11135,458,811,Toute Surface,2,11
11136,458,931,Défensive,9,4
11137,458,376,Offensive,9,12
11138,458,680,Défensive,3,10
11139,458,832,Médiane,7,14
11140,458,884,Offensive,8,14
11141,458,93,Médiane,4,4
11142,458,87,Défensive,2,13
11143,458,56,Médiane,8,12
11144,459,658,Défensive,0,0
11145,459,697,Défensive,0,0
11146,459,786,Défensive,0,0
11147,459,249,Médiane,7,5
11148,459,893,Médiane,6,12
11149,459,509,Défensive,7,9
11150,459,354,Médiane,7,2
11151,459,205,Offensive,7,17
11152,459,301,Médiane,2,9
11153,459,767,Médiane,6,5
11154,459,219,Toute Surface,5,8
11155,459,432,Toute Surface,5,13
11156,459,879,Défensive,9,6
11157,459,164,Offensive,5,14
11158,459,242,Médiane,8,9
11159,459,261,Défensive,4,18
11160,459,811,Offensive,7,8
11161,459,931,Offensive,8,2
11162,459,376,Toute Surface,9,15
11163,459,680,Offensive,5,11
11164,459,832,Toute Surface,6,11
11165,459,884,Défensive,7,18
11166,459,93,Médiane,7,13
11167,459,87,Médiane,7,6
11168,459,56,Médiane,6,17
11169,460,97,Défensive,0,0
11170,460,489,Aucune,0,0
11171,460,567,Aucune,0,0
11172,460,188,Toute Surface,12,2
11173,460,286,Offensive,5,4
11174,460,628,Médiane,5,17
11175,460,313,Défensive,3,8
11176,460,588,Défensive,9,9
11177,460,145,Offensive,9,3
11178,460,654,Aucune,0,0
11179,460,236,Offensive,5,12
11180,460,917,Défensive,5,9
11181,460,79,Aucune,0,0
11182,460,316,Médiane,9,9
11183,460,565,Aucune,0,0
11184,460,260,Offensive,10,6
11185,460,550,Aucune,0,0
11186,460,104,Aucune,0,0
11187,460,472,Médiane,9,4
11188,460,906,Toute Surface,4,10
11189,460,469,Aucune,0,0
11190,460,47,Médiane,3,11
11191,460,871,Aucune,0,0
11192,460,561,Médiane,6,12
11193,460,657,Défensive,3,4
11194,461,97,Défensive,0,0
11195,461,489,Aucune,0,0
11196,461,567,Aucune,0,0
11197,461,188,Offensive,9,5
11198,461,286,Médiane,2,11
11199,461,628,Défensive,10,17
11200,461,313,Médiane,5,13
11201,461,588,Médiane,7,3
11202,461,145,Offensive,7,4
11203,461,654,Offensive,12,6
11204,461,236,Médiane,7,16
11205,461,917,Médiane,7,9
11206,461,79,Aucune,0,0
11207,461,316,Offensive,8,10
11208,461,565,Toute Surface,13,3
11209,461,260,Médiane,9,3
11210,461,550,Aucune,0,0
11211,461,104,Défensive,5,11
11212,461,472,Défensive,12,8
11213,461,906,Défensive,10,9
11214,461,469,Aucune,0,0
11215,461,47,Défensive,3,9
11216,461,871,Médiane,2,10
11217,461,561,Médiane,5,9
11218,461,657,Toute Surface,3,8
11219,462,97,Défensive,0,0
11220,462,489,Défensive,0,0
11221,462,567,Aucune,0,0
11222,462,188,Défensive,15,11
11223,462,286,Médiane,6,9
11224,462,628,Médiane,12,11
11225,462,313,Médiane,6,11
11226,462,588,Défensive,16,3
11227,462,145,Défensive,12,5
11228,462,654,Offensive,15,9
11229,462,236,Offensive,9,13
11230,462,917,Médiane,6,15
11231,462,79,Aucune,0,0
11232,462,316,Défensive,8,18
11233,462,565,Toute Surface,16,3
11234,462,260,Offensive,8,4
11235,462,550,Défensive,3,8
11236,462,104,Médiane,9,13
11237,462,472,Médiane,13,6
11238,462,906,Toute Surface,13,16
11239,462,469,Médiane,12,15
11240,462,47,Toute Surface,5,13
11241,462,871,Offensive,5,16
11242,462,561,Offensive,6,19
11243,462,657,Défensive,4,8
11244,463,97,Défensive,0,0
11245,463,489,Défensive,0,0
11246,463,567,Aucune,0,0
11247,463,188,Offensive,13,3
11248,463,286,Défensive,4,8
11249,463,628,Médiane,12,12
11250,463,313,Défensive,6,5
11251,463,588,Défensive,8,5
11252,463,145,Offensive,15,7
11253,463,654,Médiane,13,7
11254,463,236,Médiane,7,17
11255,463,917,Offensive,3,11
11256,463,79,Médiane,7,5
11257,463,316,Offensive,5,10
11258,463,565,Défensive,13,7
11259,463,260,Médiane,8,4
11260,463,550,Toute Surface,5,5
11261,463,104,Toute Surface,5,10
11262,463,472,Toute Surface,10,5
11263,463,906,Offensive,7,17
11264,463,469,Médiane,12,16
11265,463,47,Médiane,3,13
11266,463,871,Offensive,4,7
11267,463,561,Médiane,9,15
11268,463,657,Toute Surface,8,5
11269,464,97,Défensive,0,0
11270,464,489,Défensive,0,0
11271,464,567,Aucune,0,0
11272,464,188,Défensive,13,6
11273,464,286,Toute Surface,3,5
11274,464,628,Offensive,5,11
11275,464,313,Toute Surface,2,7
11276,464,588,Offensive,9,8
11277,464,145,Offensive,9,4
11278,464,654,Toute Surface,11,9
11279,464,236,Médiane,6,10
11280,464,917,Toute Surface,3,10
11281,464,79,Défensive,7,9
11282,464,316,Médiane,9,13
11283,464,565,Défensive,12,4
11284,464,260,Défensive,11,8
11285,464,550,Offensive,7,6
11286,464,104,Offensive,5,18
11287,464,472,Toute Surface,12,6
11288,464,906,Toute Surface,9,13
11289,464,469,Toute Surface,10,9
11290,464,47,Médiane,6,9
11291,464,871,Défensive,2,5
11292,464,561,Offensive,4,11
11293,464,657,Défensive,2,10
11294,465,97,Défensive,0,0
11295,465,489,Défensive,0,0
11296,465,567,Aucune,0,0
11297,465,188,Défensive,11,9
11298,465,286,Médiane,4,13
11299,465,628,Médiane,9,17
11300,465,313,Défensive,4,16
11301,465,588,Médiane,9,6
11302,465,145,Défensive,12,9
11303,465,654,Médiane,11,7
11304,465,236,Défensive,13,18
11305,465,917,Offensive,4,13
11306,465,79,Médiane,5,11
11307,465,316,Médiane,13,19
11308,465,565,Toute Surface,13,11
11309,465,260,Médiane,16,5
11310,465,550,Médiane,5,7
11311,465,104,Défensive,6,19
11312,465,472,Toute Surface,16,5
11313,465,906,Médiane,8,18
11314,465,469,Médiane,5,12
11315,465,47,Offensive,6,5
11316,465,871,Médiane,3,13
11317,465,561,Offensive,8,15
11318,465,657,Offensive,3,15
11319,466,97,Défensive,0,0
11320,466,489,Défensive,0,0
11321,466,567,Défensive,0,0
11322,466,188,Offensive,8,8
11323,466,286,Offensive,3,8
11324,466,628,Offensive,8,17
11325,466,313,Toute Surface,7,8
11326,466,588,Offensive,10,8
11327,466,145,Offensive,12,10
11328,466,654,Offensive,12,7
11329,466,236,Offensive,11,11
11330,466,917,Offensive,7,14
11331,466,79,Offensive,6,8
11332,466,316,Défensive,10,13
11333,466,565,Toute Surface,14,9
11334,466,260,Toute Surface,12,8
11335,466,550,Offensive,3,6
11336,466,104,Médiane,7,16
11337,466,472,Toute Surface,13,7
11338,466,906,Offensive,12,14
11339,466,469,Toute Surface,11,14
11340,466,47,Toute Surface,8,15
11341,466,871,Défensive,8,14
11342,466,561,Défensive,7,18
11343,466,657,Défensive,6,5
11344,467,97,Défensive,0,0
11345,467,489,Défensive,0,0
11346,467,567,Défensive,0,0
11347,467,188,Offensive,15,7
11348,467,286,Médiane,5,5
11349,467,628,Médiane,8,16
11350,467,313,Médiane,6,7
11351,467,588,Défensive,9,9
11352,467,145,Médiane,8,8
11353,467,654,Offensive,9,7
11354,467,236,Toute Surface,9,17
11355,467,917,Offensive,5,6
11356,467,79,Toute Surface,5,11
11357,467,316,Toute Surface,6,18
11358,467,565,Offensive,10,10
11359,467,260,Offensive,11,3
11360,467,550,Toute Surface,7,6
11361,467,104,Défensive,5,15
11362,467,472,Offensive,13,6
11363,467,906,Toute Surface,12,15
11364,467,469,Médiane,11,13
11365,467,47,Toute Surface,4,5
11366,467,871,Offensive,3,10
11367,467,561,Offensive,11,17
11368,467,657,Toute Surface,6,7
11369,468,97,Défensive,0,0
11370,468,489,Défensive,0,0
11371,468,567,Défensive,0,0
11372,468,188,Défensive,12,3
11373,468,286,Toute Surface,7,7
11374,468,628,Toute Surface,7,18
11375,468,313,Médiane,7,9
11376,468,588,Offensive,9,5
11377,468,145,Offensive,13,8
11378,468,654,Toute Surface,9,2
11379,468,236,Défensive,8,14
11380,468,917,Offensive,4,13
11381,468,79,Défensive,6,9
11382,468,316,Défensive,7,15
11383,468,565,Offensive,9,3
11384,468,260,Défensive,13,9
11385,468,550,Offensive,4,7
11386,468,104,Offensive,8,16
11387,468,472,Défensive,11,9
11388,468,906,Toute Surface,9,16
11389,468,469,Toute Surface,5,14
11390,468,47,Défensive,2,11
11391,468,871,Médiane,2,7
11392,468,561,Médiane,4,10
11393,468,657,Médiane,5,12
11394,469,97,Défensive,0,0
11395,469,489,Défensive,0,0
11396,469,567,Défensive,0,0
11397,469,188,Médiane,11,7
11398,469,286,Offensive,2,13
11399,469,628,Médiane,10,12
11400,469,313,Toute Surface,4,9
11401,469,588,Médiane,8,5
11402,469,145,Défensive,8,8
11403,469,654,Toute Surface,9,8
11404,469,236,Offensive,10,10
11405,469,917,Défensive,3,13
11406,469,79,Toute Surface,5,9
11407,469,316,Médiane,6,15
11408,469,565,Médiane,8,2
11409,469,260,Toute Surface,8,2
11410,469,550,Offensive,7,6
11411,469,104,Toute Surface,9,13
11412,469,472,Défensive,8,9
11413,469,906,Offensive,9,14
11414,469,469,Offensive,9,14
11415,469,47,Défensive,7,11
11416,469,871,Offensive,2,12
11417,469,561,Offensive,5,18
11418,469,657,Offensive,7,13
11419,470,97,Défensive,0,0
11420,470,489,Défensive,0,0
11421,470,567,Défensive,0,0
11422,470,188,Médiane,11,9
11423,470,286,Défensive,5,15
11424,470,628,Toute Surface,5,18
11425,470,313,Défensive,5,9
11426,470,588,Toute Surface,11,8
11427,470,145,Défensive,11,7
11428,470,654,Toute Surface,12,11
11429,470,236,Médiane,5,16
11430,470,917,Toute Surface,8,12
11431,470,79,Défensive,7,5
11432,470,316,Défensive,5,22
11433,470,565,Défensive,14,3
11434,470,260,Médiane,11,3
11435,470,550,Toute Surface,5,7
11436,470,104,Toute Surface,13,13
11437,470,472,Médiane,15,4
11438,470,906,Offensive,12,13
11439,470,469,Toute Surface,13,11
11440,470,47,Toute Surface,3,16
11441,470,871,Offensive,7,16
11442,470,561,Toute Surface,7,20
11443,470,657,Médiane,6,16
11444,471,97,Défensive,0,0
11445,471,489,Défensive,0,0
11446,471,567,Défensive,0,0
11447,471,188,Médiane,12,5
11448,471,286,Offensive,4,12
11449,471,628,Défensive,8,18
11450,471,313,Défensive,7,6
11451,471,588,Défensive,15,9
11452,471,145,Défensive,15,7
11453,471,654,Médiane,8,11
11454,471,236,Défensive,13,16
11455,471,917,Toute Surface,7,14
11456,471,79,Défensive,7,5
11457,471,316,Médiane,11,12
11458,471,565,Toute Surface,13,7
11459,471,260,Offensive,14,9
11460,471,550,Défensive,3,15
11461,471,104,Offensive,12,19
11462,471,472,Médiane,12,5
11463,471,906,Offensive,13,13
11464,471,469,Défensive,11,19
11465,471,47,Toute Surface,7,13
11466,471,871,Médiane,7,14
11467,471,561,Offensive,6,17
11468,471,657,Offensive,6,13
11469,472,97,Défensive,0,0
11470,472,489,Défensive,0,0
11471,472,567,Défensive,0,0
11472,472,188,Offensive,8,2
11473,472,286,Défensive,6,9
11474,472,628,Offensive,5,18
11475,472,313,Offensive,4,9
11476,472,588,Médiane,7,2
11477,472,145,Médiane,7,2
11478,472,654,Médiane,9,3
11479,472,236,Toute Surface,9,9
11480,472,917,Médiane,2,7
11481,472,79,Défensive,2,9
11482,472,316,Toute Surface,7,13
11483,472,565,Médiane,9,8
11484,472,260,Médiane,13,7
11485,472,550,Défensive,5,4
11486,472,104,Toute Surface,10,13
11487,472,472,Offensive,9,3
11488,472,906,Défensive,8,14
11489,472,469,Toute Surface,9,12
11490,472,47,Toute Surface,2,13
11491,472,871,Médiane,4,10
11492,472,561,Toute Surface,9,10
11493,472,657,Médiane,4,6
11494,473,97,Défensive,0,0
11495,473,489,Défensive,0,0
11496,473,567,Défensive,0,0
11497,473,188,Médiane,7,2
11498,473,286,Médiane,4,13
11499,473,628,Défensive,5,15
11500,473,313,Offensive,5,11
11501,473,588,Toute Surface,7,8
11502,473,145,Médiane,7,3
11503,473,654,Médiane,8,5
11504,473,236,Défensive,6,9
11505,473,917,Toute Surface,2,6
11506,473,79,Offensive,4,7
11507,473,316,Toute Surface,9,12
11508,473,565,Offensive,9,2
11509,473,260,Toute Surface,12,6
11510,473,550,Défensive,6,9
11511,473,104,Défensive,9,13
11512,473,472,Offensive,8,3
11513,473,906,Toute Surface,9,10
11514,473,469,Toute Surface,4,15
11515,473,47,Défensive,3,13
11516,473,871,Défensive,5,12
11517,473,561,Toute Surface,4,11
11518,473,657,Offensive,5,6
11519,474,97,Défensive,0,0
11520,474,489,Défensive,0,0
11521,474,567,Défensive,0,0
11522,474,188,Défensive,11,4
11523,474,286,Toute Surface,4,12
11524,474,628,Toute Surface,6,17
11525,474,313,Défensive,4,14
11526,474,588,Toute Surface,12,3
11527,474,145,Toute Surface,11,7
11528,474,654,Offensive,12,3
11529,474,236,Défensive,12,10
11530,474,917,Défensive,6,12
11531,474,79,Défensive,8,9
11532,474,316,Médiane,12,11
11533,474,565,Médiane,15,10
11534,474,260,Défensive,8,4
11535,474,550,Défensive,7,7
11536,474,104,Médiane,10,17
11537,474,472,Médiane,14,7
11538,474,906,Toute Surface,7,19
11539,474,469,Défensive,12,14
11540,474,47,Médiane,4,11
11541,474,871,Défensive,8,13
11542,474,561,Défensive,8,15
11543,474,657,Médiane,7,6
11544,475,97,Défensive,0,0
11545,475,489,Défensive,0,0
11546,475,567,Défensive,0,0
11547,475,188,Médiane,14,3
11548,475,286,Toute Surface,4,7
11549,475,628,Médiane,11,19
11550,475,313,Toute Surface,3,5
11551,475,588,Médiane,11,6
11552,475,145,Toute Surface,15,8
11553,475,654,Offensive,14,8
11554,475,236,Médiane,8,17
11555,475,917,Médiane,5,12
11556,475,79,Défensive,4,14
11557,475,316,Toute Surface,11,18
11558,475,565,Défensive,12,5
11559,475,260,Toute Surface,10,4
11560,475,550,Toute Surface,5,11
11561,475,104,Défensive,12,19
11562,475,472,Toute Surface,11,10
11563,475,906,Offensive,11,12
11564,475,469,Toute Surface,7,12
11565,475,47,Toute Surface,6,11
11566,475,871,Offensive,8,11
11567,475,561,Médiane,11,15
11568,475,657,Toute Surface,3,15
11569,476,97,Défensive,0,0
11570,476,489,Défensive,0,0
11571,476,567,Défensive,0,0
11572,476,188,Défensive,10,4
11573,476,286,Médiane,8,6
11574,476,628,Offensive,7,17
11575,476,313,Offensive,3,13
11576,476,588,Toute Surface,15,5
11577,476,145,Défensive,9,9
11578,476,654,Toute Surface,14,7
11579,476,236,Médiane,11,18
11580,476,917,Défensive,8,15
11581,476,79,Défensive,4,12
11582,476,316,Offensive,8,16
11583,476,565,Médiane,12,8
11584,476,260,Toute Surface,9,10
11585,476,550,Offensive,3,5
11586,476,104,Médiane,8,11
11587,476,472,Défensive,9,8
11588,476,906,Défensive,8,11
11589,476,469,Offensive,12,17
11590,476,47,Offensive,4,12
11591,476,871,Défensive,5,7
11592,476,561,Offensive,7,12
11593,476,657,Offensive,5,6
11594,477,97,Défensive,0,0
11595,477,489,Défensive,0,0
11596,477,567,Défensive,0,0
11597,477,188,Offensive,13,3
11598,477,286,Médiane,4,5
11599,477,628,Offensive,8,11
11600,477,313,Médiane,7,15
11601,477,588,Défensive,16,7
11602,477,145,Médiane,8,8
11603,477,654,Toute Surface,14,5
11604,477,236,Offensive,7,14
11605,477,917,Défensive,3,11
11606,477,79,Médiane,6,5
11607,477,316,Offensive,7,13
11608,477,565,Défensive,9,8
11609,477,260,Offensive,14,5
11610,477,550,Défensive,3,7
11611,477,104,Médiane,9,14
11612,477,472,Offensive,13,11
11613,477,906,Défensive,5,16
11614,477,469,Offensive,8,13
11615,477,47,Toute Surface,7,5
11616,477,871,Offensive,4,8
11617,477,561,Défensive,7,18
11618,477,657,Défensive,7,6
11619,478,97,Défensive,0,0
11620,478,489,Défensive,0,0
11621,478,567,Défensive,0,0
11622,478,188,Toute Surface,9,8
11623,478,286,Médiane,6,13
11624,478,628,Toute Surface,9,18
11625,478,313,Défensive,4,9
11626,478,588,Offensive,8,7
11627,478,145,Toute Surface,9,9
11628,478,654,Défensive,13,7
11629,478,236,Offensive,10,13
11630,478,917,Médiane,5,5
11631,478,79,Défensive,2,4
11632,478,316,Offensive,4,9
11633,478,565,Médiane,10,4
11634,478,260,Défensive,9,2
11635,478,550,Défensive,4,9
11636,478,104,Toute Surface,9,14
11637,478,472,Défensive,12,4
11638,478,906,Toute Surface,9,12
11639,478,469,Toute Surface,7,9
11640,478,47,Médiane,2,8
11641,478,871,Défensive,5,10
11642,478,561,Défensive,10,18
11643,478,657,Défensive,5,8
11644,479,97,Défensive,0,0
11645,479,489,Défensive,0,0
11646,479,567,Défensive,0,0
11647,479,188,Toute Surface,11,6
11648,479,286,Médiane,6,12
11649,479,628,Toute Surface,12,12
11650,479,313,Toute Surface,6,12
11651,479,588,Offensive,15,7
11652,479,145,Médiane,8,11
11653,479,654,Défensive,16,11
11654,479,236,Offensive,13,11
11655,479,917,Médiane,3,8
11656,479,79,Médiane,6,11
11657,479,316,Toute Surface,8,11
11658,479,565,Défensive,16,7
11659,479,260,Offensive,15,6
11660,479,550,Défensive,5,9
11661,479,104,Médiane,12,11
11662,479,472,Toute Surface,16,11
11663,479,906,Médiane,13,18
11664,479,469,Défensive,11,13
11665,479,47,Offensive,8,16
11666,479,871,Défensive,8,12
11667,479,561,Offensive,8,17
11668,479,657,Offensive,7,9
11669,480,97,Défensive,0,0
11670,480,489,Défensive,0,0
11671,480,567,Défensive,0,0
11672,480,188,Défensive,14,11
11673,480,286,Toute Surface,4,9
11674,480,628,Toute Surface,7,18
11675,480,313,Médiane,4,16
11676,480,588,Défensive,12,7
11677,480,145,Médiane,13,9
11678,480,654,Médiane,14,8
11679,480,236,Toute Surface,7,18
11680,480,917,Offensive,6,16
11681,480,79,Offensive,8,14
11682,480,316,Offensive,8,22
11683,480,565,Défensive,11,6
11684,480,260,Toute Surface,16,6
11685,480,550,Toute Surface,4,12
11686,480,104,Toute Surface,11,17
11687,480,472,Toute Surface,11,8
11688,480,906,Médiane,9,14
11689,480,469,Offensive,13,15
11690,480,47,Défensive,5,16
11691,480,871,Médiane,6,5
11692,480,561,Défensive,6,17
11693,480,657,Toute Surface,8,12
11694,481,97,Défensive,0,0
11695,481,489,Défensive,0,0
11696,481,567,Défensive,0,0
11697,481,188,Défensive,8,7
11698,481,286,Défensive,8,5
11699,481,628,Médiane,9,16
11700,481,313,Toute Surface,4,13
11701,481,588,Toute Surface,9,6
11702,481,145,Médiane,16,8
11703,481,654,Médiane,8,11
11704,481,236,Offensive,11,20
11705,481,917,Médiane,6,7
11706,481,79,Toute Surface,8,13
11707,481,316,Médiane,8,20
11708,481,565,Défensive,12,6
11709,481,260,Défensive,9,8
11710,481,550,Médiane,7,9
11711,481,104,Défensive,13,13
11712,481,472,Défensive,9,7
11713,481,906,Médiane,11,11
11714,481,469,Défensive,8,17
11715,481,47,Toute Surface,8,8
11716,481,871,Médiane,6,13
11717,481,561,Toute Surface,7,12
11718,481,657,Toute Surface,7,12
11719,482,97,Défensive,0,0
11720,482,489,Défensive,0,0
11721,482,567,Défensive,0,0
11722,482,188,Médiane,11,7
11723,482,286,Offensive,8,13
11724,482,628,Défensive,6,22
11725,482,313,Défensive,3,13
11726,482,588,Défensive,13,5
11727,482,145,Défensive,16,7
11728,482,654,Offensive,11,6
11729,482,236,Offensive,7,20
11730,482,917,Médiane,5,12
11731,482,79,Toute Surface,4,8
11732,482,316,Médiane,9,15
11733,482,565,Toute Surface,14,6
11734,482,260,Offensive,16,6
11735,482,550,Défensive,7,14
11736,482,104,Défensive,8,15
11737,482,472,Toute Surface,11,9
11738,482,906,Offensive,9,12
11739,482,469,Toute Surface,7,12
11740,482,47,Médiane,7,9
11741,482,871,Offensive,4,15
11742,482,561,Défensive,8,17
11743,482,657,Offensive,7,5
11744,483,97,Défensive,0,0
11745,483,489,Défensive,0,0
11746,483,567,Défensive,0,0
11747,483,188,Médiane,13,8
11748,483,286,Toute Surface,2,6
11749,483,628,Toute Surface,5,18
11750,483,313,Toute Surface,6,9
11751,483,588,Toute Surface,11,6
11752,483,145,Toute Surface,12,7
11753,483,654,Toute Surface,10,4
11754,483,236,Médiane,9,12
11755,483,917,Offensive,7,12
11756,483,79,Défensive,2,10
11757,483,316,Médiane,10,16
11758,483,565,Médiane,13,7
11759,483,260,Médiane,10,8
11760,483,550,Toute Surface,2,8
11761,483,104,Offensive,9,12
11762,483,472,Toute Surface,8,3
11763,483,906,Offensive,4,10
11764,483,469,Défensive,6,18
11765,483,47,Défensive,3,7
11766,483,871,Offensive,7,8
11767,483,561,Médiane,9,14
11768,483,657,Offensive,5,9
11769,484,97,Défensive,0,0
11770,484,489,Défensive,0,0
11771,484,567,Défensive,0,0
11772,484,188,Offensive,11,6
11773,484,286,Défensive,3,5
11774,484,628,Toute Surface,5,20
11775,484,313,Toute Surface,6,11
11776,484,588,Défensive,13,10
11777,484,145,Défensive,15,7
11778,484,654,Médiane,9,3
11779,484,236,Offensive,6,19
11780,484,917,Médiane,4,8
11781,484,79,Médiane,7,12
11782,484,316,Offensive,10,15
11783,484,565,Offensive,11,9
11784,484,260,Médiane,8,8
11785,484,550,Toute Surface,4,6
11786,484,104,Médiane,9,14
11787,484,472,Médiane,15,8
11788,484,906,Défensive,5,12
11789,484,469,Défensive,8,12
11790,484,47,Toute Surface,6,15
11791,484,871,Toute Surface,7,8
11792,484,561,Offensive,9,17
11793,484,657,Médiane,8,8
11794,485,97,Défensive,0,0
11795,485,489,Défensive,0,0
11796,485,567,Défensive,0,0
11797,485,188,Défensive,8,11
11798,485,286,Toute Surface,6,13
11799,485,628,Toute Surface,9,18
11800,485,313,Défensive,7,15
11801,485,588,Défensive,8,4
11802,485,145,Médiane,11,8
11803,485,654,Défensive,14,6
11804,485,236,Médiane,8,15
11805,485,917,Médiane,4,6
11806,485,79,Toute Surface,5,15
11807,485,316,Toute Surface,5,19
11808,485,565,Toute Surface,12,9
11809,485,260,Défensive,13,8
11810,485,550,Offensive,4,6
11811,485,104,Offensive,8,19
11812,485,472,Défensive,15,11
11813,485,906,Offensive,7,19
11814,485,469,Toute Surface,11,16
11815,485,47,Offensive,3,13
11816,485,871,Défensive,6,13
11817,485,561,Défensive,13,22
11818,485,657,Toute Surface,4,8
11819,486,97,Défensive,0,0
11820,486,489,Défensive,0,0
11821,486,567,Défensive,0,0
11822,486,188,Médiane,15,6
11823,486,286,Offensive,3,10
11824,486,628,Défensive,12,17
11825,486,313,Défensive,6,6
11826,486,588,Défensive,14,9
11827,486,145,Offensive,10,9
11828,486,654,Toute Surface,10,9
11829,486,236,Médiane,7,20
11830,486,917,Toute Surface,5,12
11831,486,79,Offensive,5,15
11832,486,316,Offensive,11,12
11833,486,565,Toute Surface,12,7
11834,486,260,Offensive,9,3
11835,486,550,Médiane,8,14
11836,486,104,Défensive,6,15
11837,486,472,Médiane,12,4
11838,486,906,Médiane,8,20
11839,486,469,Offensive,11,12
11840,486,47,Médiane,5,9
11841,486,871,Offensive,8,9
11842,486,561,Toute Surface,12,20
11843,486,657,Toute Surface,3,7
11844,487,97,Défensive,0,0
11845,487,489,Défensive,0,0
11846,487,567,Défensive,0,0
11847,487,188,Défensive,10,3
11848,487,286,Médiane,6,10
11849,487,628,Offensive,6,9
11850,487,313,Défensive,2,4
11851,487,588,Toute Surface,7,7
11852,487,145,Offensive,7,7
11853,487,654,Défensive,9,2
11854,487,236,Offensive,9,18
11855,487,917,Offensive,6,7
11856,487,79,Défensive,7,4
11857,487,316,Offensive,9,9
11858,487,565,Médiane,13,3
11859,487,260,Offensive,13,4
11860,487,550,Toute Surface,3,12
11861,487,104,Médiane,6,11
11862,487,472,Offensive,11,8
11863,487,906,Offensive,9,9
11864,487,469,Offensive,9,15
11865,487,47,Médiane,7,12
11866,487,871,Toute Surface,7,8
11867,487,561,Toute Surface,4,12
11868,487,657,Offensive,6,13
11869,488,97,Défensive,0,0
11870,488,489,Défensive,0,0
11871,488,567,Défensive,0,0
11872,488,188,Offensive,13,4
11873,488,286,Médiane,3,8
11874,488,628,Toute Surface,9,15
11875,488,313,Toute Surface,8,7
11876,488,588,Toute Surface,11,5
11877,488,145,Défensive,12,4
11878,488,654,Défensive,14,4
11879,488,236,Offensive,12,16
11880,488,917,Toute Surface,5,13
11881,488,79,Défensive,6,11
11882,488,316,Médiane,9,19
11883,488,565,Toute Surface,14,8
11884,488,260,Défensive,9,11
11885,488,550,Défensive,8,6
11886,488,104,Toute Surface,6,12
11887,488,472,Toute Surface,15,11
11888,488,906,Toute Surface,8,22
11889,488,469,Défensive,11,14
11890,488,47,Offensive,3,12
11891,488,871,Offensive,4,5
11892,488,561,Défensive,6,15
11893,488,657,Défensive,8,11
11894,489,97,Défensive,0,0
11895,489,489,Défensive,0,0
11896,489,567,Défensive,0,0
11897,489,188,Médiane,7,9
11898,489,286,Toute Surface,5,12
11899,489,628,Défensive,9,15
11900,489,313,Toute Surface,4,12
11901,489,588,Défensive,12,8
11902,489,145,Défensive,8,4
11903,489,654,Médiane,11,5
11904,489,236,Médiane,10,14
11905,489,917,Médiane,6,12
11906,489,79,Offensive,3,4
11907,489,316,Médiane,9,17
11908,489,565,Défensive,9,2
11909,489,260,Médiane,11,7
11910,489,550,Offensive,4,6
11911,489,104,Défensive,9,13
11912,489,472,Médiane,9,7
11913,489,906,Défensive,7,13
11914,489,469,Médiane,9,10
11915,489,47,Médiane,3,12
11916,489,871,Médiane,5,4
11917,489,561,Offensive,8,15
11918,489,657,Défensive,6,9
11919,490,97,Défensive,0,0
11920,490,489,Défensive,0,0
11921,490,567,Défensive,0,0
11922,490,188,Médiane,14,10
11923,490,286,Offensive,7,15
11924,490,628,Offensive,10,10
11925,490,313,Médiane,8,12
11926,490,588,Offensive,15,4
11927,490,145,Offensive,11,3
11928,490,654,Toute Surface,13,9
11929,490,236,Toute Surface,12,18
11930,490,917,Toute Surface,5,14
11931,490,79,Défensive,6,12
11932,490,316,Offensive,11,17
11933,490,565,Toute Surface,13,3
11934,490,260,Médiane,9,3
11935,490,550,Offensive,5,6
11936,490,104,Médiane,9,12
11937,490,472,Médiane,12,8
11938,490,906,Défensive,6,10
11939,490,469,Défensive,9,11
11940,490,47,Toute Surface,4,15
11941,490,871,Offensive,6,10
11942,490,561,Médiane,5,10
11943,490,657,Offensive,5,5
11944,491,97,Défensive,0,0
11945,491,489,Défensive,0,0
11946,491,567,Défensive,0,0
11947,491,188,Toute Surface,15,8
11948,491,286,Offensive,8,6
11949,491,628,Défensive,11,17
11950,491,313,Médiane,4,9
11951,491,588,Défensive,15,10
11952,491,145,Défensive,15,10
11953,491,654,Défensive,9,8
11954,491,236,Toute Surface,5,10
11955,491,917,Défensive,4,14
11956,491,79,Défensive,5,9
11957,491,316,Défensive,6,17
11958,491,565,Médiane,13,10
11959,491,260,Offensive,11,6
11960,491,550,Toute Surface,4,8
11961,491,104,Offensive,7,14
11962,491,472,Médiane,13,5
11963,491,906,Défensive,6,19
11964,491,469,Offensive,8,20
11965,491,47,Défensive,6,9
11966,491,871,Défensive,8,15
11967,491,561,Défensive,6,16
11968,491,657,Toute Surface,4,13
11969,492,97,Défensive,0,0
11970,492,489,Défensive,0,0
11971,492,567,Défensive,0,0
11972,492,188,Toute Surface,8,9
11973,492,286,Toute Surface,3,5
11974,492,628,Toute Surface,6,10
11975,492,313,Médiane,3,6
11976,492,588,Défensive,9,5
11977,492,145,Médiane,12,6
11978,492,654,Médiane,11,7
11979,492,236,Médiane,7,9
11980,492,917,Défensive,4,12
11981,492,79,Toute Surface,2,9
11982,492,316,Offensive,7,18
11983,492,565,Défensive,13,7
11984,492,260,Toute Surface,8,5
11985,492,550,Médiane,5,9
11986,492,104,Offensive,6,17
11987,492,472,Défensive,9,6
11988,492,906,Médiane,9,17
11989,492,469,Médiane,4,17
11990,492,47,Défensive,3,8
11991,492,871,Défensive,2,9
11992,492,561,Médiane,9,10
11993,492,657,Toute Surface,2,9
11994,493,97,Défensive,0,0
11995,493,489,Défensive,0,0
11996,493,567,Défensive,0,0
11997,493,188,Toute Surface,8,9
11998,493,286,Défensive,7,15
11999,493,628,Défensive,6,13
12000,493,313,Médiane,4,8
12001,493,588,Défensive,16,3
12002,493,145,Défensive,15,4
12003,493,654,Défensive,9,8
12004,493,236,Offensive,6,20
12005,493,917,Défensive,7,7
12006,493,79,Défensive,4,7
12007,493,316,Défensive,11,17
12008,493,565,Offensive,15,3
12009,493,260,Défensive,13,7
12010,493,550,Toute Surface,3,12
12011,493,104,Médiane,12,18
12012,493,472,Offensive,9,7
12013,493,906,Défensive,12,22
12014,493,469,Médiane,11,12
12015,493,47,Médiane,5,14
12016,493,871,Défensive,7,9
12017,493,561,Défensive,11,16
12018,493,657,Offensive,7,9
12019,494,97,Défensive,0,0
12020,494,489,Défensive,0,0
12021,494,567,Défensive,0,0
12022,494,188,Défensive,11,4
12023,494,286,Toute Surface,6,16
12024,494,628,Défensive,7,19
12025,494,313,Défensive,6,13
12026,494,588,Médiane,13,9
12027,494,145,Toute Surface,14,6
12028,494,654,Défensive,13,9
12029,494,236,Médiane,5,22
12030,494,917,Offensive,7,6
12031,494,79,Défensive,6,16
12032,494,316,Toute Surface,13,20
12033,494,565,Défensive,16,7
12034,494,260,Offensive,13,4
12035,494,550,Offensive,3,16
12036,494,104,Médiane,8,13
12037,494,472,Défensive,15,11
12038,494,906,Offensive,9,19
12039,494,469,Offensive,7,18
12040,494,47,Défensive,4,7
12041,494,871,Médiane,5,5
12042,494,561,Toute Surface,13,14
12043,494,657,Médiane,5,5
12044,495,97,Défensive,0,0
12045,495,489,Défensive,0,0
12046,495,567,Défensive,0,0
12047,495,188,Défensive,12,5
12048,495,286,Médiane,7,11
12049,495,628,Toute Surface,10,13
12050,495,313,Toute Surface,6,4
12051,495,588,Défensive,11,3
12052,495,145,Médiane,7,2
12053,495,654,Défensive,13,4
12054,495,236,Médiane,6,16
12055,495,917,Toute Surface,6,9
12056,495,79,Toute Surface,3,13
12057,495,316,Toute Surface,7,17
12058,495,565,Offensive,10,5
12059,495,260,Toute Surface,9,2
12060,495,550,Toute Surface,2,6
12061,495,104,Défensive,9,17
12062,495,472,Toute Surface,10,8
12063,495,906,Offensive,10,16
12064,495,469,Médiane,9,10
12065,495,47,Offensive,5,8
12066,495,871,Toute Surface,4,5
12067,495,561,Défensive,9,16
12068,495,657,Médiane,3,7
12069,496,97,Défensive,0,0
12070,496,489,Défensive,0,0
12071,496,567,Défensive,0,0
12072,496,188,Offensive,12,5
12073,496,286,Défensive,4,14
12074,496,628,Toute Surface,8,20
12075,496,313,Médiane,8,5
12076,496,588,Médiane,11,5
12077,496,145,Toute Surface,15,11
12078,496,654,Défensive,16,6
12079,496,236,Toute Surface,5,11
12080,496,917,Défensive,8,7
12081,496,79,Offensive,8,14
12082,496,316,Médiane,5,17
12083,496,565,Défensive,15,11
12084,496,260,Offensive,15,4
12085,496,550,Toute Surface,5,9
12086,496,104,Médiane,6,18
12087,496,472,Toute Surface,14,8
12088,496,906,Offensive,9,16
12089,496,469,Médiane,8,15
12090,496,47,Médiane,6,5
12091,496,871,Offensive,4,15
12092,496,561,Médiane,11,20
12093,496,657,Offensive,7,16
12094,497,944,Défensive,0,0
12095,497,843,Défensive,0,0
12096,497,168,Défensive,0,0
12097,497,409,Aucune,0,0
12098,497,982,Offensive,6,11
12099,497,587,Médiane,5,13
12100,497,275,Aucune,0,0
12101,497,862,Défensive,13,6
12102,497,753,Médiane,5,11
12103,497,826,Offensive,7,5
12104,497,11,Aucune,0,0
12105,497,215,Toute Surface,8,4
12106,497,892,Toute Surface,7,8
12107,497,914,Aucune,0,0
12108,497,180,Toute Surface,3,5
12109,497,607,Offensive,6,16
12110,497,107,Offensive,6,9
12111,497,836,Défensive,9,4
12112,497,88,Toute Surface,9,3
12113,497,718,Médiane,13,8
12114,498,944,Défensive,0,0
12115,498,843,Défensive,0,0
12116,498,168,Défensive,0,0
12117,498,409,Médiane,11,11
12118,498,982,Défensive,6,11
12119,498,587,Toute Surface,11,15
12120,498,275,Toute Surface,6,12
12121,498,862,Médiane,16,5
12122,498,753,Médiane,8,16
12123,498,826,Défensive,15,9
12124,498,11,Médiane,6,9
12125,498,215,Médiane,15,9
12126,498,892,Offensive,4,11
12127,498,914,Toute Surface,6,7
12128,498,180,Médiane,6,11
12129,498,607,Offensive,7,20
12130,498,107,Médiane,6,11
12131,498,836,Médiane,14,4
12132,498,88,Offensive,15,6
12133,498,718,Médiane,13,11
12134,499,944,Défensive,0,0
12135,499,843,Défensive,0,0
12136,499,168,Défensive,0,0
12137,499,409,Toute Surface,8,4
12138,499,982,Défensive,7,12
12139,499,587,Médiane,8,18
12140,499,275,Offensive,5,18
12141,499,862,Défensive,9,7
12142,499,753,Défensive,6,13
12143,499,826,Défensive,8,2
12144,499,11,Défensive,7,12
12145,499,215,Offensive,7,4
12146,499,892,Offensive,5,10
12147,499,914,Médiane,5,13
12148,499,180,Toute Surface,7,12
12149,499,607,Toute Surface,6,13
12150,499,107,Toute Surface,3,11
12151,499,836,Défensive,8,5
12152,499,88,Toute Surface,13,6
12153,499,718,Toute Surface,9,4
12154,500,944,Défensive,0,0
12155,500,843,Défensive,0,0
12156,500,168,Défensive,0,0
12157,500,409,Toute Surface,11,6
12158,500,982,Défensive,5,9
12159,500,587,Offensive,9,15
12160,500,275,Offensive,9,9
12161,500,862,Toute Surface,12,8
12162,500,753,Offensive,5,13
12163,500,826,Offensive,11,9
12164,500,11,Offensive,5,6
12165,500,215,Défensive,8,8
12166,500,892,Toute Surface,5,7
12167,500,914,Offensive,2,10
12168,500,180,Défensive,7,5
12169,500,607,Défensive,4,18
12170,500,107,Toute Surface,6,9
12171,500,836,Défensive,10,4
12172,500,88,Toute Surface,11,9
12173,500,718,Offensive,13,6
12174,501,944,Défensive,0,0
12175,501,843,Défensive,0,0
12176,501,168,Défensive,0,0
12177,501,409,Défensive,13,7
12178,501,982,Offensive,8,15
12179,501,587,Toute Surface,9,14
12180,501,275,Défensive,7,20
12181,501,862,Offensive,13,11
12182,501,753,Toute Surface,5,14
12183,501,826,Défensive,8,9
12184,501,11,Offensive,3,11
12185,501,215,Médiane,11,4
12186,501,892,Médiane,3,5
12187,501,914,Toute Surface,6,14
12188,501,180,Médiane,6,9
12189,501,607,Défensive,13,18
12190,501,107,Médiane,7,7
12191,501,836,Offensive,9,11
12192,501,88,Médiane,16,5
12193,501,718,Médiane,9,3
12194,502,944,Défensive,0,0
12195,502,843,Défensive,0,0
12196,502,168,Défensive,0,0
12197,502,409,Défensive,14,7
12198,502,982,Défensive,6,15
12199,502,587,Médiane,9,11
12200,502,275,Médiane,11,10
12201,502,862,Offensive,15,4
12202,502,753,Défensive,7,8
12203,502,826,Toute Surface,14,10
12204,502,11,Défensive,6,14
12205,502,215,Défensive,10,8
12206,502,892,Médiane,5,8
12207,502,914,Offensive,6,9
12208,502,180,Offensive,5,11
12209,502,607,Médiane,12,19
12210,502,107,Offensive,6,6
12211,502,836,Médiane,14,5
12212,502,88,Défensive,12,4
12213,502,718,Défensive,12,7
12214,503,944,Défensive,0,0
12215,503,843,Défensive,0,0
12216,503,168,Défensive,0,0
12217,503,409,Offensive,10,7
12218,503,982,Médiane,5,10
12219,503,587,Défensive,7,19
12220,503,275,Toute Surface,10,12
12221,503,862,Offensive,8,5
12222,503,753,Toute Surface,6,13
12223,503,826,Offensive,14,8
12224,503,11,Défensive,4,5
12225,503,215,Toute Surface,9,4
12226,503,892,Offensive,7,10
12227,503,914,Toute Surface,6,13
12228,503,180,Défensive,4,6
12229,503,607,Toute Surface,8,15
12230,503,107,Médiane,3,5
12231,503,836,Toute Surface,12,10
12232,503,88,Défensive,12,9
12233,503,718,Offensive,13,5
12234,504,944,Défensive,0,0
12235,504,843,Défensive,0,0
12236,504,168,Défensive,0,0
12237,504,409,Offensive,7,2
12238,504,982,Médiane,6,7
12239,504,587,Médiane,4,15
12240,504,275,Toute Surface,6,9
12241,504,862,Défensive,13,5
12242,504,753,Offensive,7,5
12243,504,826,Défensive,11,2
12244,504,11,Toute Surface,4,8
12245,504,215,Défensive,7,8
12246,504,892,Offensive,2,10
12247,504,914,Toute Surface,5,8
12248,504,180,Défensive,5,13
12249,504,607,Médiane,8,12
12250,504,107,Défensive,5,4
12251,504,836,Offensive,12,3
12252,504,88,Médiane,13,5
12253,504,718,Médiane,9,7
12254,505,944,Défensive,0,0
12255,505,843,Défensive,0,0
12256,505,168,Défensive,0,0
12257,505,409,Défensive,12,3
12258,505,982,Défensive,4,5
12259,505,587,Défensive,9,12
12260,505,275,Défensive,4,18
12261,505,862,Médiane,11,5
12262,505,753,Offensive,4,12
12263,505,826,Médiane,11,4
12264,505,11,Toute Surface,3,5
12265,505,215,Défensive,13,5
12266,505,892,Médiane,3,8
12267,505,914,Offensive,2,6
12268,505,180,Défensive,6,9
12269,505,607,Toute Surface,10,10
12270,505,107,Toute Surface,6,8
12271,505,836,Toute Surface,8,4
12272,505,88,Médiane,7,5
12273,505,718,Offensive,8,3
12274,506,944,Défensive,0,0
12275,506,843,Défensive,0,0
12276,506,168,Défensive,0,0
12277,506,409,Médiane,11,8
12278,506,982,Défensive,3,9
12279,506,587,Défensive,8,13
12280,506,275,Défensive,5,20
12281,506,862,Offensive,16,6
12282,506,753,Médiane,7,16
12283,506,826,Médiane,9,7
12284,506,11,Offensive,5,7
12285,506,215,Défensive,8,7
12286,506,892,Offensive,4,16
12287,506,914,Toute Surface,8,14
12288,506,180,Toute Surface,5,14
12289,506,607,Médiane,6,20
12290,506,107,Médiane,3,12
12291,506,836,Toute Surface,13,5
12292,506,88,Toute Surface,9,3
12293,506,718,Toute Surface,9,4
12294,507,944,Défensive,0,0
12295,507,843,Défensive,0,0
12296,507,168,Défensive,0,0
12297,507,409,Défensive,12,8
12298,507,982,Offensive,6,12
12299,507,587,Offensive,9,9
12300,507,275,Défensive,5,9
12301,507,862,Défensive,13,3
12302,507,753,Médiane,3,8
12303,507,826,Offensive,10,3
12304,507,11,Défensive,4,6
12305,507,215,Médiane,10,8
12306,507,892,Offensive,7,9
12307,507,914,Toute Surface,6,9
12308,507,180,Offensive,3,12
12309,507,607,Médiane,5,16
12310,507,107,Offensive,7,13
12311,507,836,Toute Surface,7,4
12312,507,88,Médiane,7,2
12313,507,718,Défensive,11,6
12314,508,944,Défensive,0,0
12315,508,843,Défensive,0,0
12316,508,168,Défensive,0,0
12317,508,409,Offensive,7,9
12318,508,982,Défensive,3,7
12319,508,587,Défensive,7,17
12320,508,275,Offensive,10,16
12321,508,862,Offensive,7,3
12322,508,753,Défensive,5,4
12323,508,826,Défensive,12,7
12324,508,11,Médiane,2,11
12325,508,215,Toute Surface,13,3
12326,508,892,Toute Surface,7,8
12327,508,914,Toute Surface,3,7
12328,508,180,Médiane,3,4
12329,508,607,Médiane,10,10
12330,508,107,Médiane,7,9
12331,508,836,Défensive,8,9
12332,508,88,Toute Surface,7,3
12333,508,718,Offensive,9,3
12334,509,944,Défensive,0,0
12335,509,843,Défensive,0,0
12336,509,168,Défensive,0,0
12337,509,409,Médiane,14,6
12338,509,982,Défensive,3,6
12339,509,587,Offensive,12,15
12340,509,275,Offensive,5,17
12341,509,862,Défensive,13,8
12342,509,753,Toute Surface,3,14
12343,509,826,Offensive,8,4
12344,509,11,Défensive,5,16
12345,509,215,Médiane,8,7
12346,509,892,Défensive,5,9
12347,509,914,Défensive,6,7
12348,509,180,Défensive,7,12
12349,509,607,Médiane,7,22
12350,509,107,Médiane,5,7
12351,509,836,Toute Surface,15,4
12352,509,88,Toute Surface,16,9
12353,509,718,Défensive,13,6
12354,510,944,Défensive,0,0
12355,510,843,Défensive,0,0
12356,510,168,Défensive,0,0
12357,510,409,Offensive,13,8
12358,510,982,Défensive,6,10
12359,510,587,Défensive,12,19
12360,510,275,Défensive,5,20
12361,510,862,Offensive,9,10
12362,510,753,Médiane,4,15
12363,510,826,Toute Surface,8,4
12364,510,11,Défensive,5,10
12365,510,215,Toute Surface,12,3
12366,510,892,Offensive,6,8
12367,510,914,Médiane,7,8
12368,510,180,Toute Surface,7,8
12369,510,607,Médiane,8,12
12370,510,107,Offensive,5,13
12371,510,836,Toute Surface,11,7
12372,510,88,Toute Surface,15,6
12373,510,718,Défensive,8,4
12374,511,944,Défensive,0,0
12375,511,843,Défensive,0,0
12376,511,168,Défensive,0,0
12377,511,409,Toute Surface,15,7
12378,511,982,Toute Surface,5,8
12379,511,587,Défensive,6,14
12380,511,275,Offensive,8,20
12381,511,862,Toute Surface,11,6
12382,511,753,Offensive,5,6
12383,511,826,Offensive,14,5
12384,511,11,Médiane,8,9
12385,511,215,Défensive,14,9
12386,511,892,Offensive,6,15
12387,511,914,Offensive,3,11
12388,511,180,Défensive,5,13
12389,511,607,Médiane,12,13
12390,511,107,Médiane,3,9
12391,511,836,Toute Surface,14,4
12392,511,88,Médiane,12,6
12393,511,718,Offensive,8,11
12394,512,944,Défensive,0,0
12395,512,843,Défensive,0,0
12396,512,168,Défensive,0,0
12397,512,409,Médiane,11,3
12398,512,982,Toute Surface,8,7
12399,512,587,Offensive,12,13
12400,512,275,Offensive,5,19
12401,512,862,Toute Surface,15,9
12402,512,753,Médiane,8,7
12403,512,826,Offensive,8,11
12404,512,11,Défensive,7,7
12405,512,215,Toute Surface,15,9
12406,512,892,Défensive,7,13
12407,512,914,Médiane,7,9
12408,512,180,Toute Surface,6,12
12409,512,607,Toute Surface,11,22
12410,512,107,Défensive,5,15
12411,512,836,Toute Surface,16,11
12412,512,88,Toute Surface,12,4
12413,512,718,Toute Surface,14,6
12414,513,944,Défensive,0,0
12415,513,843,Défensive,0,0
12416,513,168,Défensive,0,0
12417,513,409,Défensive,8,10
12418,513,982,Médiane,3,9
12419,513,587,Toute Surface,6,13
12420,513,275,Toute Surface,9,20
12421,513,862,Défensive,9,6
12422,513,753,Médiane,4,12
12423,513,826,Médiane,12,9
12424,513,11,Toute Surface,8,12
12425,513,215,Défensive,11,6
12426,513,892,Offensive,5,9
12427,513,914,Offensive,6,9
12428,513,180,Médiane,4,15
12429,513,607,Défensive,5,10
12430,513,107,Médiane,5,9
12431,513,836,Toute Surface,14,8
12432,513,88,Offensive,15,4
12433,513,718,Toute Surface,12,4
12434,514,944,Défensive,0,0
12435,514,843,Défensive,0,0
12436,514,168,Défensive,0,0
12437,514,409,Offensive,7,6
12438,514,982,Offensive,6,11
12439,514,587,Défensive,9,18
12440,514,275,Toute Surface,10,10
12441,514,862,Toute Surface,11,7
12442,514,753,Toute Surface,7,7
12443,514,826,Offensive,9,3
12444,514,11,Médiane,7,7
12445,514,215,Médiane,9,4
12446,514,892,Médiane,5,9
12447,514,914,Offensive,7,8
12448,514,180,Offensive,7,11
12449,514,607,Toute Surface,8,9
12450,514,107,Médiane,2,12
12451,514,836,Offensive,8,5
12452,514,88,Offensive,8,3
12453,514,718,Défensive,7,5
12454,515,944,Défensive,0,0
12455,515,843,Défensive,0,0
12456,515,168,Défensive,0,0
12457,515,409,Médiane,13,9
12458,515,982,Médiane,3,12
12459,515,587,Défensive,10,17
12460,515,275,Offensive,7,18
12461,515,862,Défensive,8,3
12462,515,753,Défensive,7,5
12463,515,826,Toute Surface,12,9
12464,515,11,Défensive,4,15
12465,515,215,Offensive,8,9
12466,515,892,Toute Surface,3,5
12467,515,914,Médiane,6,14
12468,515,180,Défensive,6,12
12469,515,607,Médiane,8,12
12470,515,107,Défensive,4,8
12471,515,836,Toute Surface,13,3
12472,515,88,Défensive,13,10
12473,515,718,Médiane,12,6
12474,516,944,Défensive,0,0
12475,516,843,Défensive,0,0
12476,516,168,Défensive,0,0
12477,516,409,Offensive,13,6
12478,516,982,Défensive,7,6
12479,516,587,Défensive,9,22
12480,516,275,Offensive,8,13
12481,516,862,Médiane,16,9
12482,516,753,Offensive,8,15
12483,516,826,Défensive,14,11
12484,516,11,Offensive,7,5
12485,516,215,Médiane,12,9
12486,516,892,Toute Surface,3,15
12487,516,914,Offensive,8,5
12488,516,180,Offensive,5,6
12489,516,607,Toute Surface,9,17
12490,516,107,Toute Surface,6,7
12491,516,836,Offensive,14,11
12492,516,88,Défensive,16,9
12493,516,718,Médiane,12,11
12494,517,944,Défensive,0,0
12495,517,843,Défensive,0,0
12496,517,168,Défensive,0,0
12497,517,409,Offensive,11,7
12498,517,982,Défensive,4,6
12499,517,587,Médiane,13,14
12500,517,275,Médiane,7,17
12501,517,862,Toute Surface,13,6
12502,517,753,Défensive,8,5
12503,517,826,Offensive,14,8
12504,517,11,Toute Surface,5,6
12505,517,215,Médiane,16,4
12506,517,892,Médiane,6,14
12507,517,914,Défensive,4,11
12508,517,180,Défensive,4,16
12509,517,607,Offensive,12,14
12510,517,107,Offensive,5,7
12511,517,836,Défensive,12,6
12512,517,88,Défensive,15,7
12513,517,718,Toute Surface,14,3
12514,518,944,Défensive,0,0
12515,518,843,Défensive,0,0
12516,518,168,Défensive,0,0
12517,518,409,Offensive,11,5
12518,518,982,Médiane,7,5
12519,518,587,Toute Surface,13,16
12520,518,275,Offensive,11,14
12521,518,862,Offensive,12,8
12522,518,753,Offensive,8,13
12523,518,826,Médiane,12,4
12524,518,11,Défensive,5,8
12525,518,215,Défensive,8,8
12526,518,892,Médiane,8,13
12527,518,914,Défensive,4,12
12528,518,180,Défensive,8,15
12529,518,607,Offensive,11,16
12530,518,107,Défensive,4,15
12531,518,836,Défensive,12,11
12532,518,88,Médiane,13,11
12533,518,718,Défensive,16,9
12534,519,944,Défensive,0,0
12535,519,843,Défensive,0,0
12536,519,168,Défensive,0,0
12537,519,409,Défensive,10,2
12538,519,982,Défensive,7,9
12539,519,587,Médiane,10,16
12540,519,275,Toute Surface,5,14
12541,519,862,Médiane,7,4
12542,519,753,Offensive,4,12
12543,519,826,Défensive,9,8
12544,519,11,Médiane,2,10
12545,519,215,Défensive,11,2
12546,519,892,Toute Surface,2,12
12547,519,914,Médiane,3,9
12548,519,180,Défensive,6,4
12549,519,607,Défensive,4,9
12550,519,107,Offensive,4,11
12551,519,836,Toute Surface,7,3
12552,519,88,Toute Surface,8,5
12553,519,718,Toute Surface,10,7
12554,520,944,Défensive,0,0
12555,520,843,Défensive,0,0
12556,520,168,Défensive,0,0
12557,520,409,Médiane,8,5
12558,520,982,Offensive,8,13
12559,520,587,Défensive,6,20
12560,520,275,Toute Surface,11,16
12561,520,862,Défensive,11,8
12562,520,753,Offensive,5,5
12563,520,826,Toute Surface,12,7
12564,520,11,Médiane,5,5
12565,520,215,Défensive,14,7
12566,520,892,Défensive,3,10
12567,520,914,Toute Surface,3,9
12568,520,180,Toute Surface,4,10
12569,520,607,Défensive,11,19
12570,520,107,Toute Surface,7,11
12571,520,836,Médiane,14,8
12572,520,88,Défensive,9,3
12573,520,718,Offensive,12,5
12574,521,944,Défensive,0,0
12575,521,843,Défensive,0,0
12576,521,168,Défensive,0,0
12577,521,409,Toute Surface,14,11
12578,521,982,Toute Surface,8,6
12579,521,587,Médiane,13,20
12580,521,275,Toute Surface,9,17
12581,521,862,Médiane,16,3
12582,521,753,Défensive,7,5
12583,521,826,Défensive,13,7
12584,521,11,Offensive,6,11
12585,521,215,Médiane,12,4
12586,521,892,Médiane,3,5
12587,521,914,Toute Surface,6,11
12588,521,180,Médiane,7,15
12589,521,607,Défensive,11,17
12590,521,107,Défensive,5,14
12591,521,836,Offensive,16,5
12592,521,88,Toute Surface,11,6
12593,521,718,Défensive,11,3
12594,522,944,Défensive,0,0
12595,522,843,Défensive,0,0
12596,522,168,Défensive,0,0
12597,522,409,Toute Surface,11,9
12598,522,982,Toute Surface,4,13
12599,522,587,Défensive,6,17
12600,522,275,Médiane,13,15
12601,522,862,Toute Surface,12,6
12602,522,753,Défensive,4,16
12603,522,826,Toute Surface,13,4
12604,522,11,Offensive,8,7
12605,522,215,Offensive,12,8
12606,522,892,Offensive,7,7
12607,522,914,Offensive,8,12
12608,522,180,Médiane,4,15
12609,522,607,Défensive,11,15
12610,522,107,Offensive,8,9
12611,522,836,Toute Surface,11,8
12612,522,88,Médiane,15,6
12613,522,718,Offensive,12,5
12614,523,944,Défensive,0,0
12615,523,843,Défensive,0,0
12616,523,168,Défensive,0,0
12617,523,409,Offensive,11,8
12618,523,982,Toute Surface,6,6
12619,523,587,Toute Surface,13,12
12620,523,275,Défensive,13,20
12621,523,862,Médiane,11,7
12622,523,753,Médiane,3,8
12623,523,826,Médiane,11,5
12624,523,11,Offensive,7,7
12625,523,215,Toute Surface,16,8
12626,523,892,Offensive,8,5
12627,523,914,Médiane,5,8
12628,523,180,Offensive,3,9
12629,523,607,Médiane,6,16
12630,523,107,Défensive,3,7
12631,523,836,Toute Surface,8,8
12632,523,88,Défensive,16,11
12633,523,718,Défensive,12,4
12634,524,944,Défensive,0,0
12635,524,843,Défensive,0,0
12636,524,168,Défensive,0,0
12637,524,409,Médiane,14,6
12638,524,982,Défensive,4,16
12639,524,587,Défensive,6,19
12640,524,275,Défensive,5,11
12641,524,862,Défensive,15,5
12642,524,753,Médiane,6,11
12643,524,826,Toute Surface,12,11
12644,524,11,Toute Surface,3,12
12645,524,215,Toute Surface,14,11
12646,524,892,Offensive,7,15
12647,524,914,Médiane,3,11
12648,524,180,Offensive,5,5
12649,524,607,Défensive,12,16
12650,524,107,Médiane,4,6
12651,524,836,Offensive,11,3
12652,524,88,Défensive,12,3
12653,524,718,Toute Surface,14,5
12654,525,944,Défensive,0,0
12655,525,843,Défensive,0,0
12656,525,168,Défensive,0,0
12657,525,409,Médiane,16,9
12658,525,982,Offensive,7,12
12659,525,587,Médiane,7,12
12660,525,275,Défensive,5,15
12661,525,862,Offensive,16,4
12662,525,753,Offensive,5,13
12663,525,826,Toute Surface,8,5
12664,525,11,Offensive,6,9
12665,525,215,Médiane,9,7
12666,525,892,Médiane,5,12
12667,525,914,Défensive,8,15
12668,525,180,Défensive,8,9
12669,525,607,Médiane,6,19
12670,525,107,Défensive,4,16
12671,525,836,Toute Surface,12,4
12672,525,88,Toute Surface,13,9
12673,525,718,Médiane,14,8
12674,526,944,Défensive,0,0
12675,526,843,Défensive,0,0
12676,526,168,Défensive,0,0
12677,526,409,Offensive,14,5
12678,526,982,Défensive,7,9
12679,526,587,Défensive,12,20
12680,526,275,Offensive,5,17
12681,526,862,Toute Surface,11,11
12682,526,753,Offensive,7,14
12683,526,826,Défensive,16,4
12684,526,11,Toute Surface,4,8
12685,526,215,Offensive,12,3
12686,526,892,Défensive,7,12
12687,526,914,Médiane,3,11
12688,526,180,Médiane,4,9
12689,526,607,Toute Surface,13,16
12690,526,107,Défensive,7,8
12691,526,836,Toute Surface,11,4
12692,526,88,Offensive,13,6
12693,526,718,Défensive,13,9
12694,527,944,Défensive,0,0
12695,527,843,Défensive,0,0
12696,527,168,Défensive,0,0
12697,527,409,Défensive,12,8
12698,527,982,Offensive,6,10
12699,527,587,Offensive,6,10
12700,527,275,Médiane,5,18
12701,527,862,Toute Surface,12,2
12702,527,753,Toute Surface,7,10
12703,527,826,Toute Surface,7,6
12704,527,11,Défensive,5,8
12705,527,215,Offensive,9,5
12706,527,892,Offensive,7,13
12707,527,914,Médiane,4,8
12708,527,180,Défensive,5,10
12709,527,607,Défensive,8,10
12710,527,107,Défensive,3,9
12711,527,836,Défensive,9,6
12712,527,88,Toute Surface,8,7
12713,527,718,Offensive,13,5
12714,528,944,Défensive,0,0
12715,528,843,Défensive,0,0
12716,528,168,Défensive,0,0
12717,528,409,Défensive,12,6
12718,528,982,Toute Surface,8,5
12719,528,587,Défensive,5,22
12720,528,275,Offensive,11,12
12721,528,862,Toute Surface,14,8
12722,528,753,Défensive,6,7
12723,528,826,Offensive,12,8
12724,528,11,Offensive,8,14
12725,528,215,Offensive,12,8
12726,528,892,Toute Surface,6,16
12727,528,914,Médiane,7,7
12728,528,180,Défensive,3,6
12729,528,607,Offensive,13,19
12730,528,107,Offensive,3,16
12731,528,836,Médiane,15,11
12732,528,88,Toute Surface,9,11
12733,528,718,Médiane,14,5
12734,529,944,Défensive,0,0
12735,529,843,Défensive,0,0
12736,529,168,Défensive,0,0
12737,529,409,Médiane,13,4
12738,529,982,Toute Surface,3,9
12739,529,587,Médiane,9,13
12740,529,275,Offensive,7,15
12741,529,862,Défensive,12,4
12742,529,753,Défensive,8,12
12743,529,826,Médiane,12,7
12744,529,11,Médiane,7,15
12745,529,215,Médiane,11,3
12746,529,892,Défensive,5,10
12747,529,914,Défensive,7,7
12748,529,180,Toute Surface,8,14
12749,529,607,Défensive,8,20
12750,529,107,Toute Surface,4,14
12751,529,836,Défensive,12,8
12752,529,88,Médiane,8,7
12753,529,718,Médiane,9,8
12754,530,944,Défensive,0,0
12755,530,843,Défensive,0,0
12756,530,168,Défensive,0,0
12757,530,409,Toute Surface,10,8
12758,530,982,Offensive,3,13
12759,530,587,Offensive,9,15
12760,530,275,Défensive,12,19
12761,530,862,Toute Surface,15,4
12762,530,753,Toute Surface,8,12
12763,530,826,Défensive,14,9
12764,530,11,Toute Surface,7,8
12765,530,215,Médiane,15,9
12766,530,892,Médiane,6,15
12767,530,914,Offensive,7,13
12768,530,180,Médiane,3,9
12769,530,607,Médiane,10,16
12770,530,107,Offensive,6,7
12771,530,836,Offensive,13,5
12772,530,88,Défensive,9,3
12773,530,718,Médiane,15,6
12774,531,944,Défensive,0,0
12775,531,843,Défensive,0,0
12776,531,168,Défensive,0,0
12777,531,409,Toute Surface,13,2
12778,531,982,Offensive,7,10
12779,531,587,Offensive,10,9
12780,531,275,Toute Surface,9,17
12781,531,862,Défensive,7,2
12782,531,753,Défensive,4,9
12783,531,826,Toute Surface,10,9
12784,531,11,Défensive,7,8
12785,531,215,Défensive,10,9
12786,531,892,Toute Surface,3,7
12787,531,914,Médiane,4,4
12788,531,180,Médiane,3,6
12789,531,607,Défensive,9,18
12790,531,107,Défensive,7,9
12791,531,836,Défensive,13,8
12792,531,88,Offensive,8,7
12793,531,718,Toute Surface,13,5
12794,532,944,Défensive,0,0
12795,532,843,Défensive,0,0
12796,532,168,Défensive,0,0
12797,532,409,Toute Surface,9,9
12798,532,982,Toute Surface,2,9
12799,532,587,Défensive,6,17
12800,532,275,Toute Surface,8,15
12801,532,862,Défensive,9,3
12802,532,753,Médiane,4,6
12803,532,826,Défensive,10,4
12804,532,11,Toute Surface,4,9
12805,532,215,Offensive,9,7
12806,532,892,Toute Surface,3,9
12807,532,914,Médiane,6,13
12808,532,180,Défensive,2,8
12809,532,607,Toute Surface,9,9
12810,532,107,Médiane,4,11
12811,532,836,Toute Surface,9,3
12812,532,88,Médiane,13,7
12813,532,718,Médiane,10,4
12814,533,944,Défensive,0,0
12815,533,843,Défensive,0,0
12816,533,168,Défensive,0,0
12817,533,409,Médiane,7,4
12818,533,982,Médiane,2,4
12819,533,587,Défensive,10,16
12820,533,275,Toute Surface,7,12
12821,533,862,Médiane,7,2
12822,533,753,Toute Surface,3,12
12823,533,826,Toute Surface,9,8
12824,533,11,Offensive,4,13
12825,533,215,Offensive,11,9
12826,533,892,Médiane,2,11
12827,533,914,Défensive,2,11
12828,533,180,Médiane,3,6
12829,533,607,Défensive,6,15
12830,533,107,Offensive,5,13
12831,533,836,Défensive,12,6
12832,533,88,Offensive,7,2
12833,533,718,Toute Surface,12,6
12834,534,944,Défensive,0,0
12835,534,843,Défensive,0,0
12836,534,168,Défensive,0,0
12837,534,409,Offensive,7,8
12838,534,982,Offensive,5,9
12839,534,587,Offensive,5,16
12840,534,275,Défensive,7,18
12841,534,862,Toute Surface,7,7
12842,534,753,Offensive,2,6
12843,534,826,Offensive,12,4
12844,534,11,Médiane,4,5
12845,534,215,Offensive,7,8
12846,534,892,Offensive,3,4
12847,534,914,Toute Surface,2,10
12848,534,180,Médiane,3,7
12849,534,607,Offensive,9,13
12850,534,107,Toute Surface,6,8
12851,534,836,Médiane,11,5
12852,534,88,Défensive,7,5
12853,534,718,Offensive,13,5
12854,535,944,Défensive,0,0
12855,535,843,Défensive,0,0
12856,535,168,Défensive,0,0
12857,535,409,Médiane,13,5
12858,535,982,Médiane,4,8
12859,535,587,Médiane,6,18
12860,535,275,Défensive,9,18
12861,535,862,Médiane,7,6
12862,535,753,Toute Surface,5,7
12863,535,826,Médiane,13,3
12864,535,11,Médiane,6,4
12865,535,215,Médiane,13,6
12866,535,892,Défensive,3,6
12867,535,914,Toute Surface,2,8
12868,535,180,Médiane,2,8
12869,535,607,Toute Surface,8,18
12870,535,107,Toute Surface,5,9
12871,535,836,Médiane,9,8
12872,535,88,Offensive,9,8
12873,535,718,Toute Surface,11,4
12874,536,944,Défensive,0,0
12875,536,843,Défensive,0,0
12876,536,168,Défensive,0,0
12877,536,409,Toute Surface,13,6
12878,536,982,Offensive,3,11
12879,536,587,Médiane,9,9
12880,536,275,Défensive,4,16
12881,536,862,Médiane,8,8
12882,536,753,Médiane,6,7
12883,536,826,Médiane,13,4
12884,536,11,Offensive,4,12
12885,536,215,Toute Surface,9,7
12886,536,892,Offensive,7,7
12887,536,914,Médiane,5,11
12888,536,180,Toute Surface,3,11
12889,536,607,Médiane,9,10
12890,536,107,Défensive,6,5
12891,536,836,Toute Surface,10,7
12892,536,88,Médiane,9,9
12893,536,718,Offensive,13,7
12894,537,944,Défensive,0,0
12895,537,843,Défensive,0,0
12896,537,168,Défensive,0,0
12897,537,409,Toute Surface,14,3
12898,537,982,Offensive,6,10
12899,537,587,Défensive,7,18
12900,537,275,Médiane,11,17
12901,537,862,Offensive,10,9
12902,537,753,Défensive,5,9
12903,537,826,Toute Surface,14,10
12904,537,11,Toute Surface,5,6
12905,537,215,Défensive,14,9
12906,537,892,Offensive,6,6
12907,537,914,Toute Surface,6,12
12908,537,180,Médiane,8,7
12909,537,607,Offensive,6,19
12910,537,107,Médiane,5,9
12911,537,836,Médiane,12,8
12912,537,88,Toute Surface,10,6
12913,537,718,Toute Surface,11,8
12914,538,944,Défensive,0,0
12915,538,843,Défensive,0,0
12916,538,168,Défensive,0,0
12917,538,409,Offensive,10,8
12918,538,982,Offensive,5,10
12919,538,587,Toute Surface,12,16
12920,538,275,Toute Surface,9,14
12921,538,862,Défensive,14,8
12922,538,753,Médiane,4,13
12923,538,826,Défensive,14,8
12924,538,11,Défensive,5,15
12925,538,215,Défensive,10,4
12926,538,892,Médiane,3,12
12927,538,914,Défensive,5,6
12928,538,180,Offensive,8,13
12929,538,607,Offensive,6,19
12930,538,107,Médiane,3,9
12931,538,836,Toute Surface,10,3
12932,538,88,Offensive,11,8
12933,538,718,Offensive,8,6
12934,539,944,Défensive,0,0
12935,539,843,Défensive,0,0
12936,539,168,Défensive,0,0
12937,539,409,Défensive,12,4
12938,539,982,Médiane,3,4
12939,539,587,Défensive,7,17
12940,539,275,Toute Surface,7,13
12941,539,862,Toute Surface,9,2
12942,539,753,Toute Surface,2,7
12943,539,826,Toute Surface,7,5
12944,539,11,Toute Surface,5,9
12945,539,215,Offensive,13,8
12946,539,892,Toute Surface,4,7
12947,539,914,Défensive,2,9
12948,539,180,Toute Surface,6,9
12949,539,607,Médiane,9,9
12950,539,107,Médiane,4,11
12951,539,836,Défensive,8,7
12952,539,88,Médiane,10,6
12953,539,718,Médiane,11,8
12954,540,944,Défensive,0,0
12955,540,843,Défensive,0,0
12956,540,168,Défensive,0,0
12957,540,409,Médiane,9,8
12958,540,982,Défensive,6,6
12959,540,587,Toute Surface,9,9
12960,540,275,Défensive,9,18
12961,540,862,Défensive,10,8
12962,540,753,Défensive,3,10
12963,540,826,Toute Surface,9,2
12964,540,11,Toute Surface,7,13
12965,540,215,Médiane,12,6
12966,540,892,Défensive,4,10
12967,540,914,Médiane,4,6
12968,540,180,Médiane,4,8
12969,540,607,Médiane,9,14
12970,540,107,Défensive,3,5
12971,540,836,Médiane,7,2
12972,540,88,Toute Surface,8,4
12973,540,718,Défensive,9,9
12974,541,944,Défensive,0,0
12975,541,843,Défensive,0,0
12976,541,168,Défensive,0,0
12977,541,409,Médiane,15,11
12978,541,982,Médiane,7,9
12979,541,587,Médiane,7,14
12980,541,275,Médiane,8,19
12981,541,862,Toute Surface,11,7
12982,541,753,Médiane,5,13
12983,541,826,Toute Surface,15,8
12984,541,11,Défensive,8,14
12985,541,215,Défensive,9,5
12986,541,892,Toute Surface,6,11
12987,541,914,Médiane,6,8
12988,541,180,Offensive,7,7
12989,541,607,Offensive,12,14
12990,541,107,Toute Surface,4,8
12991,541,836,Médiane,11,8
12992,541,88,Médiane,9,6
12993,541,718,Médiane,11,9
12994,542,866,Défensive,0,0
12995,542,406,Défensive,0,0
12996,542,731,Aucune,0,0
12997,542,380,Aucune,0,0
12998,542,976,Défensive,10,4
12999,542,590,Toute Surface,2,5
13000,542,715,Défensive,4,5
13001,542,342,Médiane,5,13
13002,542,258,Aucune,0,0
13003,542,18,Offensive,7,5
13004,542,943,Aucune,0,0
13005,542,996,Offensive,9,17
13006,542,38,Aucune,0,0
13007,542,206,Défensive,6,11
13008,542,100,Médiane,3,5
13009,542,831,Défensive,4,17
13010,542,664,Aucune,0,0
13011,542,66,Aucune,0,0
13012,542,77,Aucune,0,0
13013,542,89,Défensive,13,7
13014,542,897,Aucune,0,0
13015,542,726,Défensive,4,18
13016,542,849,Défensive,9,9
13017,542,30,Médiane,9,3
13018,542,809,Médiane,13,5
13019,543,866,Défensive,0,0
13020,543,406,Défensive,0,0
13021,543,731,Défensive,0,0
13022,543,380,Défensive,4,15
13023,543,976,Offensive,11,5
13024,543,590,Offensive,6,6
13025,543,715,Défensive,3,4
13026,543,342,Toute Surface,7,4
13027,543,258,Médiane,9,9
13028,543,18,Toute Surface,9,2
13029,543,943,Défensive,8,9
13030,543,996,Médiane,4,15
13031,543,38,Défensive,6,9
13032,543,206,Défensive,4,15
13033,543,100,Toute Surface,5,10
13034,543,831,Toute Surface,9,18
13035,543,664,Aucune,0,0
13036,543,66,Aucune,0,0
13037,543,77,Offensive,4,4
13038,543,89,Offensive,9,9
13039,543,897,Offensive,12,4
13040,543,726,Défensive,9,14
13041,543,849,Défensive,8,11
13042,543,30,Défensive,7,2
13043,543,809,Médiane,9,4
13044,544,866,Défensive,0,0
13045,544,406,Défensive,0,0
13046,544,731,Défensive,0,0
13047,544,380,Toute Surface,4,9
13048,544,976,Défensive,9,4
13049,544,590,Médiane,5,7
13050,544,715,Médiane,6,5
13051,544,342,Toute Surface,5,5
13052,544,258,Toute Surface,4,17
13053,544,18,Offensive,13,8
13054,544,943,Défensive,9,4
13055,544,996,Médiane,8,12
13056,544,38,Toute Surface,10,18
13057,544,206,Toute Surface,5,18
13058,544,100,Offensive,4,5
13059,544,831,Médiane,9,17
13060,544,664,Toute Surface,7,9
13061,544,66,Aucune,0,0
13062,544,77,Offensive,7,10
13063,544,89,Offensive,8,3
13064,544,897,Toute Surface,9,6
13065,544,726,Toute Surface,9,13
13066,544,849,Défensive,9,10
13067,544,30,Offensive,7,2
13068,544,809,Toute Surface,8,3
13069,545,866,Défensive,0,0
13070,545,406,Défensive,0,0
13071,545,731,Défensive,0,0
13072,545,380,Défensive,7,13
13073,545,976,Toute Surface,13,8
13074,545,590,Toute Surface,4,8
13075,545,715,Défensive,3,8
13076,545,342,Médiane,8,14
13077,545,258,Toute Surface,8,18
13078,545,18,Toute Surface,11,8
13079,545,943,Toute Surface,16,8
13080,545,996,Offensive,7,20
13081,545,38,Toute Surface,11,17
13082,545,206,Médiane,8,13
13083,545,100,Médiane,8,13
13084,545,831,Défensive,7,19
13085,545,664,Médiane,7,17
13086,545,66,Offensive,12,5
13087,545,77,Défensive,5,8
13088,545,89,Défensive,15,4
13089,545,897,Défensive,16,7
13090,545,726,Défensive,5,13
13091,545,849,Défensive,5,14
13092,545,30,Offensive,13,5
13093,545,809,Offensive,16,9
13094,546,866,Défensive,0,0
13095,546,406,Défensive,0,0
13096,546,731,Défensive,0,0
13097,546,380,Offensive,7,14
13098,546,976,Défensive,12,5
13099,546,590,Défensive,5,9
13100,546,715,Médiane,6,9
13101,546,342,Défensive,5,12
13102,546,258,Toute Surface,13,11
13103,546,18,Toute Surface,14,11
13104,546,943,Médiane,15,4
13105,546,996,Défensive,8,17
13106,546,38,Offensive,9,14
13107,546,206,Médiane,8,20
13108,546,100,Toute Surface,6,11
13109,546,831,Offensive,5,16
13110,546,664,Toute Surface,11,16
13111,546,66,Offensive,8,4
13112,546,77,Offensive,5,7
13113,546,89,Défensive,13,3
13114,546,897,Offensive,14,5
13115,546,726,Médiane,13,16
13116,546,849,Offensive,6,18
13117,546,30,Toute Surface,9,6
13118,546,809,Défensive,15,5
13119,547,866,Défensive,0,0
13120,547,406,Défensive,0,0
13121,547,731,Défensive,0,0
13122,547,380,Toute Surface,8,17
13123,547,976,Défensive,8,11
13124,547,590,Médiane,7,9
13125,547,715,Offensive,4,9
13126,547,342,Médiane,8,8
13127,547,258,Défensive,8,16
13128,547,18,Toute Surface,13,9
13129,547,943,Médiane,16,9
13130,547,996,Défensive,8,12
13131,547,38,Offensive,5,16
13132,547,206,Toute Surface,8,13
13133,547,100,Offensive,7,12
13134,547,831,Médiane,11,22
13135,547,664,Toute Surface,7,19
13136,547,66,Toute Surface,12,9
13137,547,77,Offensive,7,6
13138,547,89,Offensive,11,8
13139,547,897,Toute Surface,9,9
13140,547,726,Médiane,8,18
13141,547,849,Médiane,6,11
13142,547,30,Médiane,13,11
13143,547,809,Médiane,11,7
13144,548,866,Défensive,0,0
13145,548,406,Défensive,0,0
13146,548,731,Défensive,0,0
13147,548,380,Défensive,9,15
13148,548,976,Offensive,13,9
13149,548,590,Offensive,3,11
13150,548,715,Médiane,7,10
13151,548,342,Défensive,5,10
13152,548,258,Médiane,9,16
13153,548,18,Défensive,8,2
13154,548,943,Défensive,9,5
13155,548,996,Toute Surface,5,18
13156,548,38,Médiane,9,18
13157,548,206,Défensive,4,9
13158,548,100,Offensive,2,12
13159,548,831,Défensive,9,13
13160,548,664,Toute Surface,6,12
13161,548,66,Médiane,13,8
13162,548,77,Offensive,4,11
13163,548,89,Toute Surface,13,6
13164,548,897,Toute Surface,13,6
13165,548,726,Médiane,6,9
13166,548,849,Médiane,6,13
13167,548,30,Toute Surface,13,2
13168,548,809,Toute Surface,8,4
13169,549,866,Défensive,0,0
13170,549,406,Défensive,0,0
13171,549,731,Défensive,0,0
13172,549,380,Toute Surface,9,11
13173,549,976,Défensive,9,4
13174,549,590,Offensive,5,6
13175,549,715,Défensive,3,9
13176,549,342,Défensive,4,11
13177,549,258,Médiane,10,18
13178,549,18,Toute Surface,7,6
13179,549,943,Toute Surface,8,6
13180,549,996,Offensive,10,13
13181,549,38,Toute Surface,10,18
13182,549,206,Médiane,10,18
13183,549,100,Toute Surface,7,13
13184,549,831,Toute Surface,4,10
13185,549,664,Médiane,6,12
13186,549,66,Défensive,9,9
13187,549,77,Défensive,6,6
13188,549,89,Toute Surface,9,7
13189,549,897,Médiane,7,8
13190,549,726,Défensive,10,15
13191,549,849,Médiane,9,13
13192,549,30,Défensive,13,5
13193,549,809,Défensive,9,5
13194,550,866,Défensive,0,0
13195,550,406,Défensive,0,0
13196,550,731,Défensive,0,0
13197,550,380,Médiane,11,12
13198,550,976,Défensive,16,11
13199,550,590,Offensive,5,15
13200,550,715,Toute Surface,6,9
13201,550,342,Toute Surface,5,6
13202,550,258,Toute Surface,11,18
13203,550,18,Médiane,12,9
13204,550,943,Médiane,16,5
13205,550,996,Toute Surface,5,13
13206,550,38,Défensive,11,18
13207,550,206,Médiane,5,16
13208,550,100,Défensive,4,7
13209,550,831,Offensive,7,11
13210,550,664,Médiane,13,14
13211,550,66,Défensive,15,4
13212,550,77,Toute Surface,3,13
13213,550,89,Défensive,11,4
13214,550,897,Médiane,14,6
13215,550,726,Offensive,11,14
13216,550,849,Défensive,8,14
13217,550,30,Offensive,14,8
13218,550,809,Toute Surface,15,8
13219,551,866,Défensive,0,0
13220,551,406,Défensive,0,0
13221,551,731,Défensive,0,0
13222,551,380,Toute Surface,13,12
13223,551,976,Toute Surface,8,4
13224,551,590,Offensive,7,6
13225,551,715,Médiane,7,11
13226,551,342,Offensive,7,8
13227,551,258,Offensive,12,18
13228,551,18,Médiane,8,3
13229,551,943,Offensive,9,8
13230,551,996,Médiane,9,16
13231,551,38,Offensive,7,20
13232,551,206,Toute Surface,12,17
13233,551,100,Défensive,6,14
13234,551,831,Défensive,9,22
13235,551,664,Toute Surface,5,17
13236,551,66,Médiane,9,9
13237,551,77,Médiane,6,9
13238,551,89,Toute Surface,15,9
13239,551,897,Offensive,9,8
13240,551,726,Défensive,11,12
13241,551,849,Offensive,8,15
13242,551,30,Toute Surface,13,6
13243,551,809,Offensive,8,4
13244,552,866,Défensive,0,0
13245,552,406,Défensive,0,0
13246,552,731,Défensive,0,0
13247,552,380,Médiane,5,18
13248,552,976,Défensive,9,8
13249,552,590,Toute Surface,3,13
13250,552,715,Médiane,7,9
13251,552,342,Défensive,4,10
13252,552,258,Offensive,6,13
13253,552,18,Médiane,9,3
13254,552,943,Médiane,7,7
13255,552,996,Offensive,6,10
13256,552,38,Défensive,9,13
13257,552,206,Médiane,9,9
13258,552,100,Offensive,5,9
13259,552,831,Médiane,6,13
13260,552,664,Médiane,9,17
13261,552,66,Offensive,9,9
13262,552,77,Médiane,4,4
13263,552,89,Toute Surface,9,8
13264,552,897,Offensive,11,2
13265,552,726,Défensive,5,13
13266,552,849,Toute Surface,4,9
13267,552,30,Défensive,12,8
13268,552,809,Toute Surface,10,2
13269,553,866,Défensive,0,0
13270,553,406,Défensive,0,0
13271,553,731,Défensive,0,0
13272,553,380,Médiane,9,11
13273,553,976,Toute Surface,11,3
13274,553,590,Toute Surface,3,14
13275,553,715,Médiane,8,9
13276,553,342,Médiane,5,6
13277,553,258,Médiane,12,11
13278,553,18,Défensive,14,4
13279,553,943,Toute Surface,14,9
13280,553,996,Offensive,6,12
13281,553,38,Défensive,7,13
13282,553,206,Médiane,13,13
13283,553,100,Défensive,7,15
13284,553,831,Médiane,12,11
13285,553,664,Offensive,9,11
13286,553,66,Médiane,9,6
13287,553,77,Défensive,4,14
13288,553,89,Médiane,16,4
13289,553,897,Toute Surface,13,5
13290,553,726,Offensive,6,19
13291,553,849,Toute Surface,11,11
13292,553,30,Offensive,11,6
13293,553,809,Offensive,8,7
13294,554,866,Défensive,0,0
13295,554,406,Défensive,0,0
13296,554,731,Défensive,0,0
13297,554,380,Offensive,12,12
13298,554,976,Défensive,13,9
13299,554,590,Médiane,6,15
13300,554,715,Défensive,6,5
13301,554,342,Médiane,7,14
13302,554,258,Médiane,11,17
13303,554,18,Défensive,8,8
13304,554,943,Médiane,8,6
13305,554,996,Offensive,9,11
13306,554,38,Offensive,5,17
13307,554,206,Offensive,8,18
13308,554,100,Médiane,8,9
13309,554,831,Défensive,5,11
13310,554,664,Défensive,7,20
13311,554,66,Défensive,9,7
13312,554,77,Offensive,6,16
13313,554,89,Offensive,16,8
13314,554,897,Offensive,14,9
13315,554,726,Défensive,11,11
13316,554,849,Médiane,5,18
13317,554,30,Médiane,11,6
13318,554,809,Médiane,14,9
13319,555,866,Défensive,0,0
13320,555,406,Défensive,0,0
13321,555,731,Défensive,0,0
13322,555,380,Toute Surface,13,18
13323,555,976,Toute Surface,15,4
13324,555,590,Toute Surface,8,14
13325,555,715,Médiane,7,12
13326,555,342,Médiane,7,15
13327,555,258,Offensive,12,16
13328,555,18,Offensive,12,9
13329,555,943,Toute Surface,8,8
13330,555,996,Médiane,11,16
13331,555,38,Offensive,6,14
13332,555,206,Offensive,5,22
13333,555,100,Défensive,3,14
13334,555,831,Toute Surface,12,18
13335,555,664,Médiane,11,18
13336,555,66,Offensive,11,8
13337,555,77,Toute Surface,7,14
13338,555,89,Défensive,16,3
13339,555,897,Offensive,14,5
13340,555,726,Offensive,9,22
13341,555,849,Toute Surface,9,19
13342,555,30,Médiane,14,6
13343,555,809,Offensive,12,7
13344,556,866,Défensive,0,0
13345,556,406,Défensive,0,0
13346,556,731,Défensive,0,0
13347,556,380,Offensive,5,9
13348,556,976,Défensive,10,7
13349,556,590,Offensive,4,7
13350,556,715,Médiane,5,5
13351,556,342,Toute Surface,4,10
13352,556,258,Défensive,5,15
13353,556,18,Toute Surface,10,8
13354,556,943,Défensive,10,5
13355,556,996,Médiane,9,18
13356,556,38,Défensive,7,10
13357,556,206,Médiane,9,12
13358,556,100,Défensive,7,9
13359,556,831,Offensive,10,15
13360,556,664,Défensive,5,17
13361,556,66,Défensive,12,4
13362,556,77,Offensive,5,10
13363,556,89,Défensive,9,5
13364,556,897,Toute Surface,7,2
13365,556,726,Offensive,10,13
13366,556,849,Offensive,8,11
13367,556,30,Médiane,13,2
13368,556,809,Offensive,9,2
13369,557,866,Défensive,0,0
13370,557,406,Défensive,0,0
13371,557,731,Défensive,0,0
13372,557,380,Toute Surface,7,14
13373,557,976,Toute Surface,14,8
13374,557,590,Défensive,4,16
13375,557,715,Défensive,8,8
13376,557,342,Médiane,6,14
13377,557,258,Toute Surface,12,20
13378,557,18,Offensive,9,3
13379,557,943,Offensive,13,11
13380,557,996,Toute Surface,6,13
13381,557,38,Toute Surface,7,13
13382,557,206,Toute Surface,5,16
13383,557,100,Défensive,4,6
13384,557,831,Toute Surface,7,17
13385,557,664,Toute Surface,5,19
13386,557,66,Offensive,15,9
13387,557,77,Médiane,4,12
13388,557,89,Offensive,12,4
13389,557,897,Toute Surface,11,8
13390,557,726,Défensive,9,15
13391,557,849,Médiane,11,20
13392,557,30,Toute Surface,11,4
13393,557,809,Toute Surface,11,5
13394,558,866,Défensive,0,0
13395,558,406,Défensive,0,0
13396,558,731,Défensive,0,0
13397,558,380,Toute Surface,6,11
13398,558,976,Toute Surface,9,6
13399,558,590,Offensive,5,15
13400,558,715,Toute Surface,3,14
13401,558,342,Toute Surface,7,7
13402,558,258,Offensive,7,18
13403,558,18,Toute Surface,9,9
13404,558,943,Toute Surface,12,11
13405,558,996,Offensive,11,15
13406,558,38,Défensive,12,15
13407,558,206,Médiane,13,12
13408,558,100,Toute Surface,6,13
13409,558,831,Défensive,13,11
13410,558,664,Offensive,9,16
13411,558,66,Médiane,12,4
13412,558,77,Défensive,6,11
13413,558,89,Toute Surface,8,4
13414,558,897,Toute Surface,12,3
13415,558,726,Toute Surface,13,13
13416,558,849,Médiane,6,18
13417,558,30,Offensive,13,7
13418,558,809,Défensive,8,7
13419,559,866,Défensive,0,0
13420,559,406,Défensive,0,0
13421,559,731,Défensive,0,0
13422,559,380,Médiane,11,12
13423,559,976,Toute Surface,9,4
13424,559,590,Défensive,5,15
13425,559,715,Offensive,5,12
13426,559,342,Toute Surface,5,5
13427,559,258,Défensive,6,13
13428,559,18,Toute Surface,13,7
13429,559,943,Toute Surface,14,3
13430,559,996,Médiane,12,17
13431,559,38,Médiane,12,14
13432,559,206,Défensive,12,14
13433,559,100,Offensive,8,12
13434,559,831,Offensive,7,16
13435,559,664,Défensive,11,11
13436,559,66,Défensive,11,8
13437,559,77,Toute Surface,6,7
13438,559,89,Toute Surface,14,10
13439,559,897,Médiane,13,8
13440,559,726,Toute Surface,5,16
13441,559,849,Médiane,12,16
13442,559,30,Offensive,9,7
13443,559,809,Médiane,13,8
13444,560,866,Défensive,0,0
13445,560,406,Défensive,0,0
13446,560,731,Défensive,0,0
13447,560,380,Toute Surface,6,14
13448,560,976,Offensive,12,2
13449,560,590,Offensive,2,7
13450,560,715,Offensive,6,4
13451,560,342,Offensive,6,6
13452,560,258,Médiane,9,18
13453,560,18,Défensive,9,6
13454,560,943,Défensive,11,7
13455,560,996,Offensive,9,12
13456,560,38,Médiane,4,18
13457,560,206,Offensive,10,10
13458,560,100,Médiane,2,9
13459,560,831,Toute Surface,4,9
13460,560,664,Médiane,10,16
13461,560,66,Médiane,10,7
13462,560,77,Toute Surface,2,4
13463,560,89,Défensive,12,4
13464,560,897,Offensive,10,5
13465,560,726,Offensive,4,9
13466,560,849,Défensive,6,14
13467,560,30,Offensive,12,6
13468,560,809,Médiane,11,8
13469,561,866,Défensive,0,0
13470,561,406,Défensive,0,0
13471,561,731,Défensive,0,0
13472,561,380,Offensive,9,22
13473,561,976,Toute Surface,9,7
13474,561,590,Offensive,7,14
13475,561,715,Offensive,3,6
13476,561,342,Offensive,3,12
13477,561,258,Toute Surface,13,19
13478,561,18,Toute Surface,15,11
13479,561,943,Médiane,11,7
13480,561,996,Médiane,6,20
13481,561,38,Défensive,5,16
13482,561,206,Toute Surface,6,16
13483,561,100,Offensive,8,6
13484,561,831,Toute Surface,13,14
13485,561,664,Défensive,9,19
13486,561,66,Médiane,9,9
13487,561,77,Offensive,8,8
13488,561,89,Défensive,11,5
13489,561,897,Toute Surface,14,3
13490,561,726,Toute Surface,8,20
13491,561,849,Offensive,12,14
13492,561,30,Médiane,9,7
13493,561,809,Offensive,9,3
13494,562,866,Défensive,0,0
13495,562,406,Défensive,0,0
13496,562,731,Défensive,0,0
13497,562,380,Offensive,9,11
13498,562,976,Défensive,11,4
13499,562,590,Médiane,7,14
13500,562,715,Offensive,5,6
13501,562,342,Toute Surface,5,8
13502,562,258,Offensive,5,18
13503,562,18,Défensive,13,6
13504,562,943,Médiane,13,5
13505,562,996,Toute Surface,5,18
13506,562,38,Toute Surface,8,19
13507,562,206,Toute Surface,5,20
13508,562,100,Défensive,7,5
13509,562,831,Toute Surface,5,18
13510,562,664,Médiane,12,12
13511,562,66,Médiane,8,8
13512,562,77,Offensive,7,13
13513,562,89,Offensive,10,4
13514,562,897,Offensive,13,9
13515,562,726,Défensive,12,13
13516,562,849,Médiane,8,16
13517,562,30,Médiane,14,6
13518,562,809,Toute Surface,9,10
13519,563,866,Défensive,0,0
13520,563,406,Défensive,0,0
13521,563,731,Défensive,0,0
13522,563,380,Toute Surface,10,13
13523,563,976,Médiane,13,5
13524,563,590,Toute Surface,4,10
13525,563,715,Toute Surface,4,9
13526,563,342,Médiane,6,4
13527,563,258,Défensive,7,16
13528,563,18,Offensive,13,2
13529,563,943,Offensive,11,8
13530,563,996,Médiane,9,11
13531,563,38,Défensive,8,15
13532,563,206,Défensive,10,18
13533,563,100,Toute Surface,3,9
13534,563,831,Médiane,4,11
13535,563,664,Médiane,4,18
13536,563,66,Médiane,7,4
13537,563,77,Médiane,2,9
13538,563,89,Défensive,13,8
13539,563,897,Défensive,9,3
13540,563,726,Médiane,10,9
13541,563,849,Offensive,8,10
13542,563,30,Défensive,10,4
13543,563,809,Toute Surface,11,2
13544,564,866,Défensive,0,0
13545,564,406,Défensive,0,0
13546,564,731,Défensive,0,0
13547,564,380,Offensive,7,16
13548,564,976,Offensive,8,5
13549,564,590,Toute Surface,8,11
13550,564,715,Défensive,4,5
13551,564,342,Médiane,6,6
13552,564,258,Offensive,11,14
13553,564,18,Défensive,15,5
13554,564,943,Offensive,16,8
13555,564,996,Offensive,7,15
13556,564,38,Toute Surface,5,13
13557,564,206,Défensive,6,13
13558,564,100,Offensive,8,6
13559,564,831,Toute Surface,12,19
13560,564,664,Défensive,12,16
13561,564,66,Médiane,11,4
13562,564,77,Défensive,6,15
13563,564,89,Médiane,9,5
13564,564,897,Médiane,13,9
13565,564,726,Toute Surface,9,22
13566,564,849,Toute Surface,11,11
13567,564,30,Offensive,13,8
13568,564,809,Médiane,13,6
13569,565,866,Défensive,0,0
13570,565,406,Défensive,0,0
13571,565,731,Défensive,0,0
13572,565,380,Médiane,9,13
13573,565,976,Offensive,11,3
13574,565,590,Défensive,5,7
13575,565,715,Défensive,4,12
13576,565,342,Médiane,3,9
13577,565,258,Offensive,4,14
13578,565,18,Toute Surface,7,3
13579,565,943,Défensive,7,5
13580,565,996,Médiane,7,14
13581,565,38,Défensive,4,12
13582,565,206,Offensive,9,18
13583,565,100,Offensive,7,12
13584,565,831,Toute Surface,6,10
13585,565,664,Médiane,4,14
13586,565,66,Défensive,11,4
13587,565,77,Offensive,4,10
13588,565,89,Défensive,9,2
13589,565,897,Offensive,9,4
13590,565,726,Toute Surface,6,11
13591,565,849,Défensive,4,18
13592,565,30,Médiane,9,3
13593,565,809,Médiane,9,5
13594,566,866,Défensive,0,0
13595,566,406,Défensive,0,0
13596,566,731,Défensive,0,0
13597,566,380,Défensive,9,9
13598,566,976,Toute Surface,11,7
13599,566,590,Médiane,5,5
13600,566,715,Médiane,6,13
13601,566,342,Médiane,4,6
13602,566,258,Défensive,4,15
13603,566,18,Offensive,9,5
13604,566,943,Toute Surface,10,4
13605,566,996,Défensive,9,9
13606,566,38,Médiane,4,14
13607,566,206,Défensive,8,9
13608,566,100,Médiane,4,9
13609,566,831,Défensive,10,13
13610,566,664,Médiane,6,18
13611,566,66,Défensive,12,9
13612,566,77,Toute Surface,7,7
13613,566,89,Médiane,10,5
13614,566,897,Médiane,7,8
13615,566,726,Défensive,7,10
13616,566,849,Offensive,6,14
13617,566,30,Médiane,11,3
13618,566,809,Offensive,13,8
13619,567,866,Défensive,0,0
13620,567,406,Défensive,0,0
13621,567,731,Défensive,0,0
13622,567,380,Défensive,13,16
13623,567,976,Défensive,13,4
13624,567,590,Toute Surface,4,12
13625,567,715,Défensive,7,6
13626,567,342,Médiane,6,7
13627,567,258,Toute Surface,11,11
13628,567,18,Offensive,14,7
13629,567,943,Défensive,11,5
13630,567,996,Toute Surface,6,11
13631,567,38,Offensive,13,11
13632,567,206,Défensive,11,12
13633,567,100,Toute Surface,5,14
13634,567,831,Toute Surface,13,15
13635,567,664,Médiane,6,22
13636,567,66,Offensive,12,5
13637,567,77,Défensive,6,9
13638,567,89,Offensive,13,4
13639,567,897,Toute Surface,12,8
13640,567,726,Offensive,8,16
13641,567,849,Offensive,6,22
13642,567,30,Toute Surface,9,6
13643,567,809,Défensive,16,4
13644,568,866,Défensive,0,0
13645,568,406,Défensive,0,0
13646,568,731,Défensive,0,0
13647,568,380,Offensive,10,9
13648,568,976,Offensive,10,6
13649,568,590,Défensive,6,9
13650,568,715,Toute Surface,6,9
13651,568,342,Offensive,6,4
13652,568,258,Offensive,5,13
13653,568,18,Défensive,12,8
13654,568,943,Défensive,9,6
13655,568,996,Toute Surface,8,9
13656,568,38,Offensive,6,17
13657,568,206,Offensive,4,12
13658,568,100,Défensive,3,5
13659,568,831,Défensive,6,12
13660,568,664,Médiane,8,10
13661,568,66,Toute Surface,13,5
13662,568,77,Médiane,5,13
13663,568,89,Toute Surface,9,5
13664,568,897,Médiane,9,5
13665,568,726,Toute Surface,5,11
13666,568,849,Toute Surface,6,18
13667,568,30,Offensive,8,2
13668,568,809,Offensive,9,5
13669,569,866,Défensive,0,0
13670,569,406,Défensive,0,0
13671,569,731,Défensive,0,0
13672,569,380,Défensive,11,16
13673,569,976,Médiane,16,5
13674,569,590,Médiane,6,14
13675,569,715,Médiane,8,8
13676,569,342,Offensive,7,11
13677,569,258,Offensive,9,20
13678,569,18,Défensive,9,6
13679,569,943,Défensive,11,9
13680,569,996,Offensive,11,13
13681,569,38,Offensive,6,22
13682,569,206,Offensive,13,13
13683,569,100,Médiane,3,7
13684,569,831,Toute Surface,11,22
13685,569,664,Défensive,12,16
13686,569,66,Offensive,13,7
13687,569,77,Défensive,5,14
13688,569,89,Toute Surface,16,9
13689,569,897,Défensive,13,11
13690,569,726,Médiane,6,19
13691,569,849,Médiane,6,19
13692,569,30,Défensive,11,3
13693,569,809,Offensive,9,7
13694,570,866,Défensive,0,0
13695,570,406,Défensive,0,0
13696,570,731,Défensive,0,0
13697,570,380,Offensive,11,16
13698,570,976,Défensive,14,9
13699,570,590,Toute Surface,5,9
13700,570,715,Offensive,4,9
13701,570,342,Offensive,3,10
13702,570,258,Médiane,12,19
13703,570,18,Offensive,8,7
13704,570,943,Offensive,8,7
13705,570,996,Défensive,12,15
13706,570,38,Offensive,11,18
13707,570,206,Toute Surface,5,10
13708,570,100,Offensive,5,15
13709,570,831,Offensive,6,12
13710,570,664,Médiane,9,13
13711,570,66,Toute Surface,15,6
13712,570,77,Défensive,5,8
13713,570,89,Défensive,12,7
13714,570,897,Défensive,9,7
13715,570,726,Offensive,6,15
13716,570,849,Toute Surface,5,15
13717,570,30,Toute Surface,15,3
13718,570,809,Défensive,14,3
13719,571,866,Défensive,0,0
13720,571,406,Défensive,0,0
13721,571,731,Défensive,0,0
13722,571,380,Offensive,8,18
13723,571,976,Toute Surface,7,4
13724,571,590,Toute Surface,2,7
13725,571,715,Médiane,6,12
13726,571,342,Défensive,6,8
13727,571,258,Médiane,5,12
13728,571,18,Toute Surface,9,2
13729,571,943,Toute Surface,8,3
13730,571,996,Défensive,4,13
13731,571,38,Toute Surface,8,12
13732,571,206,Toute Surface,8,11
13733,571,100,Offensive,5,9
13734,571,831,Toute Surface,9,9
13735,571,664,Offensive,4,18
13736,571,66,Offensive,10,7
13737,571,77,Offensive,3,11
13738,571,89,Offensive,12,6
13739,571,897,Offensive,12,5
13740,571,726,Toute Surface,5,9
13741,571,849,Médiane,9,17
13742,571,30,Défensive,10,5
13743,571,809,Défensive,8,6
13744,572,866,Défensive,0,0
13745,572,406,Défensive,0,0
13746,572,731,Défensive,0,0
13747,572,380,Toute Surface,6,17
13748,572,976,Offensive,15,9
13749,572,590,Offensive,8,16
13750,572,715,Médiane,8,9
13751,572,342,Toute Surface,5,11
13752,572,258,Toute Surface,9,14
13753,572,18,Offensive,15,5
13754,572,943,Médiane,15,3
13755,572,996,Médiane,11,19
13756,572,38,Médiane,7,15
13757,572,206,Médiane,8,15
13758,572,100,Défensive,5,12
13759,572,831,Défensive,5,16
13760,572,664,Défensive,7,12
13761,572,66,Toute Surface,8,5
13762,572,77,Défensive,8,12
13763,572,89,Défensive,8,3
13764,572,897,Défensive,14,4
13765,572,726,Défensive,13,12
13766,572,849,Défensive,8,16
13767,572,30,Défensive,9,4
13768,572,809,Médiane,16,11
13769,573,866,Défensive,0,0
13770,573,406,Défensive,0,0
13771,573,731,Défensive,0,0
13772,573,380,Médiane,11,13
13773,573,976,Offensive,16,4
13774,573,590,Médiane,3,13
13775,573,715,Offensive,6,15
13776,573,342,Toute Surface,5,15
13777,573,258,Toute Surface,6,17
13778,573,18,Toute Surface,9,7
13779,573,943,Toute Surface,8,5
13780,573,996,Offensive,12,17
13781,573,38,Toute Surface,9,12
13782,573,206,Médiane,6,13
13783,573,100,Défensive,8,8
13784,573,831,Médiane,6,14
13785,573,664,Médiane,8,17
13786,573,66,Défensive,13,7
13787,573,77,Toute Surface,4,6
13788,573,89,Offensive,8,9
13789,573,897,Médiane,11,5
13790,573,726,Défensive,6,15
13791,573,849,Toute Surface,7,16
13792,573,30,Offensive,16,9
13793,573,809,Médiane,12,5
13794,574,866,Défensive,0,0
13795,574,406,Défensive,0,0
13796,574,731,Défensive,0,0
13797,574,380,Médiane,6,15
13798,574,976,Défensive,12,3
13799,574,590,Offensive,8,5
13800,574,715,Toute Surface,3,12
13801,574,342,Défensive,4,8
13802,574,258,Toute Surface,5,17
13803,574,18,Offensive,14,3
13804,574,943,Défensive,16,4
13805,574,996,Toute Surface,9,12
13806,574,38,Défensive,7,12
13807,574,206,Défensive,9,19
13808,574,100,Offensive,3,15
13809,574,831,Offensive,6,13
13810,574,664,Défensive,6,12
13811,574,66,Offensive,16,7
13812,574,77,Toute Surface,7,14
13813,574,89,Toute Surface,15,4
13814,574,897,Défensive,8,5
13815,574,726,Toute Surface,7,14
13816,574,849,Médiane,11,17
13817,574,30,Médiane,9,7
13818,574,809,Défensive,8,8
13819,575,866,Défensive,0,0
13820,575,406,Défensive,0,0
13821,575,731,Défensive,0,0
13822,575,380,Défensive,6,16
13823,575,976,Toute Surface,9,2
13824,575,590,Toute Surface,2,12
13825,575,715,Médiane,6,9
13826,575,342,Défensive,2,13
13827,575,258,Défensive,4,15
13828,575,18,Défensive,10,2
13829,575,943,Toute Surface,8,9
13830,575,996,Médiane,5,14
13831,575,38,Défensive,10,9
13832,575,206,Défensive,9,12
13833,575,100,Toute Surface,7,11
13834,575,831,Toute Surface,4,9
13835,575,664,Défensive,9,13
13836,575,66,Toute Surface,7,8
13837,575,77,Offensive,4,5
13838,575,89,Toute Surface,8,7
13839,575,897,Toute Surface,9,3
13840,575,726,Toute Surface,5,14
13841,575,849,Médiane,4,14
13842,575,30,Offensive,9,3
13843,575,809,Médiane,8,3
13844,576,866,Défensive,0,0
13845,576,406,Défensive,0,0
13846,576,731,Défensive,0,0
13847,576,380,Médiane,9,9
13848,576,976,Offensive,10,6
13849,576,590,Offensive,5,12
13850,576,715,Offensive,2,7
13851,576,342,Défensive,3,9
13852,576,258,Toute Surface,6,14
13853,576,18,Défensive,9,7
13854,576,943,Toute Surface,7,7
13855,576,996,Défensive,7,12
13856,576,38,Toute Surface,4,10
13857,576,206,Médiane,7,17
13858,576,100,Médiane,6,8
13859,576,831,Médiane,5,14
13860,576,664,Défensive,9,15
13861,576,66,Toute Surface,9,7
13862,576,77,Médiane,2,13
13863,576,89,Défensive,7,8
13864,576,897,Médiane,7,7
13865,576,726,Toute Surface,9,9
13866,576,849,Offensive,10,18
13867,576,30,Médiane,11,8
13868,576,809,Défensive,8,7
13869,577,866,Défensive,0,0
13870,577,406,Défensive,0,0
13871,577,731,Défensive,0,0
13872,577,380,Défensive,13,19
13873,577,976,Défensive,15,8
13874,577,590,Médiane,3,11
13875,577,715,Médiane,6,8
13876,577,342,Défensive,3,16
13877,577,258,Médiane,6,14
13878,577,18,Défensive,13,3
13879,577,943,Défensive,16,7
13880,577,996,Offensive,11,14
13881,577,38,Toute Surface,7,22
13882,577,206,Défensive,5,15
13883,577,100,Toute Surface,7,12
13884,577,831,Offensive,12,19
13885,577,664,Toute Surface,11,22
13886,577,66,Médiane,11,3
13887,577,77,Défensive,6,9
13888,577,89,Offensive,16,6
13889,577,897,Offensive,11,5
13890,577,726,Médiane,5,18
13891,577,849,Toute Surface,8,14
13892,577,30,Offensive,12,9
13893,577,809,Défensive,11,7
13894,578,866,Défensive,0,0
13895,578,406,Défensive,0,0
13896,578,731,Défensive,0,0
13897,578,380,Toute Surface,5,14
13898,578,976,Médiane,13,3
13899,578,590,Offensive,3,11
13900,578,715,Défensive,8,6
13901,578,342,Toute Surface,3,7
13902,578,258,Médiane,8,20
13903,578,18,Médiane,13,9
13904,578,943,Défensive,14,6
13905,578,996,Offensive,5,18
13906,578,38,Offensive,6,20
13907,578,206,Offensive,6,11
13908,578,100,Toute Surface,5,6
13909,578,831,Offensive,11,13
13910,578,664,Médiane,11,20
13911,578,66,Défensive,9,5
13912,578,77,Médiane,6,7
13913,578,89,Toute Surface,11,7
13914,578,897,Offensive,14,5
13915,578,726,Médiane,11,19
13916,578,849,Toute Surface,9,15
13917,578,30,Offensive,8,5
13918,578,809,Toute Surface,14,5
13919,579,866,Défensive,0,0
13920,579,406,Défensive,0,0
13921,579,731,Défensive,0,0
13922,579,380,Toute Surface,10,11
13923,579,976,Toute Surface,8,4
13924,579,590,Défensive,2,10
13925,579,715,Toute Surface,3,12
13926,579,342,Médiane,7,13
13927,579,258,Offensive,8,12
13928,579,18,Défensive,9,9
13929,579,943,Médiane,12,3
13930,579,996,Offensive,4,13
13931,579,38,Offensive,5,9
13932,579,206,Toute Surface,7,10
13933,579,100,Défensive,5,4
13934,579,831,Offensive,10,18
13935,579,664,Médiane,5,11
13936,579,66,Offensive,7,4
13937,579,77,Toute Surface,2,12
13938,579,89,Toute Surface,9,6
13939,579,897,Défensive,9,9
13940,579,726,Défensive,8,14
13941,579,849,Toute Surface,7,16
13942,579,30,Toute Surface,13,2
13943,579,809,Défensive,10,4
13944,580,866,Défensive,0,0
13945,580,406,Défensive,0,0
13946,580,731,Défensive,0,0
13947,580,380,Médiane,12,22
13948,580,976,Toute Surface,16,9
13949,580,590,Offensive,7,13
13950,580,715,Toute Surface,8,6
13951,580,342,Médiane,7,8
13952,580,258,Médiane,11,18
13953,580,18,Offensive,9,4
13954,580,943,Offensive,14,7
13955,580,996,Défensive,8,22
13956,580,38,Médiane,9,13
13957,580,206,Médiane,7,15
13958,580,100,Médiane,6,7
13959,580,831,Défensive,11,18
13960,580,664,Défensive,13,16
13961,580,66,Défensive,15,7
13962,580,77,Offensive,4,7
13963,580,89,Toute Surface,9,5
13964,580,897,Défensive,11,9
13965,580,726,Offensive,13,18
13966,580,849,Toute Surface,9,17
13967,580,30,Médiane,15,5
13968,580,809,Offensive,13,7
13969,581,866,Défensive,0,0
13970,581,406,Défensive,0,0
13971,581,731,Défensive,0,0
13972,581,380,Toute Surface,10,9
13973,581,976,Médiane,8,4
13974,581,590,Défensive,2,11
13975,581,715,Toute Surface,4,11
13976,581,342,Offensive,7,13
13977,581,258,Toute Surface,6,9
13978,581,18,Médiane,7,4
13979,581,943,Offensive,13,9
13980,581,996,Défensive,4,14
13981,581,38,Toute Surface,7,12
13982,581,206,Défensive,9,16
13983,581,100,Offensive,7,4
13984,581,831,Défensive,10,9
13985,581,664,Offensive,8,10
13986,581,66,Défensive,12,5
13987,581,77,Défensive,3,8
13988,581,89,Toute Surface,12,7
13989,581,897,Offensive,10,7
13990,581,726,Médiane,9,10
13991,581,849,Offensive,8,9
13992,581,30,Offensive,10,3
13993,581,809,Médiane,9,5
13994,582,866,Défensive,0,0
13995,582,406,Défensive,0,0
13996,582,731,Défensive,0,0
13997,582,380,Défensive,8,13
13998,582,976,Médiane,13,7
13999,582,590,Médiane,7,10
14000,582,715,Médiane,5,7
14001,582,342,Médiane,6,10
14002,582,258,Médiane,9,14
14003,582,18,Défensive,12,4
14004,582,943,Toute Surface,7,4
14005,582,996,Médiane,6,11
14006,582,38,Toute Surface,10,16
14007,582,206,Défensive,9,17
14008,582,100,Toute Surface,6,10
14009,582,831,Défensive,4,9
14010,582,664,Médiane,8,9
14011,582,66,Offensive,10,9
14012,582,77,Défensive,6,9
14013,582,89,Offensive,10,9
14014,582,897,Toute Surface,11,4
14015,582,726,Toute Surface,9,17
14016,582,849,Médiane,9,12
14017,582,30,Offensive,10,4
14018,582,809,Médiane,7,3
14019,583,414,Défensive,0,0
14020,583,617,Défensive,0,0
14021,583,829,Défensive,0,0
14022,583,666,Médiane,7,9
14023,583,445,Toute Surface,9,9
14024,583,101,Aucune,0,0
14025,583,802,Défensive,9,14
14026,583,757,Offensive,5,17
14027,583,152,Aucune,0,0
14028,583,270,Offensive,4,13
14029,583,393,Aucune,0,0
14030,583,124,Aucune,0,0
14031,583,341,Aucune,0,0
14032,583,974,Médiane,2,6
14033,583,439,Offensive,8,12
14034,583,818,Aucune,0,0
14035,583,688,Toute Surface,3,9
14036,583,807,Offensive,3,4
14037,583,895,Aucune,0,0
14038,583,678,Médiane,7,16
14039,583,32,Aucune,0,0
14040,583,881,Médiane,4,11
14041,583,600,Aucune,0,0
14042,583,285,Défensive,7,8
14043,584,414,Défensive,0,0
14044,584,617,Défensive,0,0
14045,584,829,Défensive,0,0
14046,584,666,Offensive,4,15
14047,584,445,Médiane,7,17
14048,584,101,Aucune,0,0
14049,584,802,Toute Surface,7,11
14050,584,757,Offensive,8,16
14051,584,152,Aucune,0,0
14052,584,270,Toute Surface,9,15
14053,584,393,Aucune,0,0
14054,584,124,Aucune,0,0
14055,584,341,Offensive,9,3
14056,584,974,Médiane,3,6
14057,584,439,Défensive,11,11
14058,584,818,Médiane,6,12
14059,584,688,Offensive,3,14
14060,584,807,Toute Surface,5,12
14061,584,895,Défensive,9,19
14062,584,678,Offensive,9,17
14063,584,32,Toute Surface,11,20
14064,584,881,Médiane,5,13
14065,584,600,Toute Surface,5,10
14066,584,285,Médiane,11,7
14067,585,414,Défensive,0,0
14068,585,617,Défensive,0,0
14069,585,829,Défensive,0,0
14070,585,666,Défensive,6,9
14071,585,445,Médiane,11,20
14072,585,101,Aucune,0,0
14073,585,802,Offensive,12,12
14074,585,757,Offensive,9,18
14075,585,152,Médiane,13,17
14076,585,270,Médiane,7,13
14077,585,393,Aucune,0,0
14078,585,124,Offensive,4,15
14079,585,341,Toute Surface,9,5
14080,585,974,Toute Surface,3,6
14081,585,439,Défensive,13,11
14082,585,818,Défensive,7,15
14083,585,688,Défensive,8,5
14084,585,807,Défensive,7,5
14085,585,895,Offensive,8,12
14086,585,678,Toute Surface,13,18
14087,585,32,Défensive,13,19
14088,585,881,Offensive,5,9
14089,585,600,Toute Surface,7,13
14090,585,285,Défensive,14,3
14091,586,414,Défensive,0,0
14092,586,617,Défensive,0,0
14093,586,829,Défensive,0,0
14094,586,666,Toute Surface,2,7
14095,586,445,Offensive,7,18
14096,586,101,Médiane,6,10
14097,586,802,Médiane,10,18
14098,586,757,Toute Surface,4,16
14099,586,152,Défensive,7,9
14100,586,270,Toute Surface,10,9
14101,586,393,Toute Surface,5,15
14102,586,124,Défensive,6,8
14103,586,341,Toute Surface,9,5
14104,586,974,Toute Surface,2,6
14105,586,439,Toute Surface,9,17
14106,586,818,Offensive,9,18
14107,586,688,Défensive,5,11
14108,586,807,Défensive,3,12
14109,586,895,Offensive,10,15
14110,586,678,Offensive,4,9
14111,586,32,Toute Surface,6,18
14112,586,881,Offensive,3,8
14113,586,600,Défensive,9,13
14114,586,285,Offensive,12,9
14115,587,414,Défensive,0,0
14116,587,617,Défensive,0,0
14117,587,829,Défensive,0,0
14118,587,666,Offensive,5,13
14119,587,445,Défensive,7,11
14120,587,101,Offensive,11,13
14121,587,802,Médiane,11,15
14122,587,757,Défensive,11,22
14123,587,152,Toute Surface,11,12
14124,587,270,Défensive,5,12
14125,587,393,Offensive,12,20
14126,587,124,Toute Surface,8,11
14127,587,341,Toute Surface,16,8
14128,587,974,Toute Surface,6,5
14129,587,439,Défensive,13,18
14130,587,818,Défensive,8,15
14131,587,688,Médiane,4,16
14132,587,807,Offensive,6,14
14133,587,895,Toute Surface,7,20
14134,587,678,Toute Surface,12,14
14135,587,32,Offensive,8,17
14136,587,881,Offensive,3,8
14137,587,600,Offensive,6,17
14138,587,285,Défensive,15,6
14139,588,414,Défensive,0,0
14140,588,617,Défensive,0,0
14141,588,829,Défensive,0,0
14142,588,666,Toute Surface,6,6
14143,588,445,Offensive,9,15
14144,588,101,Toute Surface,8,14
14145,588,802,Toute Surface,5,13
14146,588,757,Défensive,9,15
14147,588,152,Offensive,5,15
14148,588,270,Médiane,9,18
14149,588,393,Toute Surface,4,15
14150,588,124,Offensive,4,10
14151,588,341,Médiane,13,3
14152,588,974,Offensive,3,9
14153,588,439,Offensive,8,17
14154,588,818,Offensive,9,17
14155,588,688,Défensive,3,13
14156,588,807,Toute Surface,6,7
14157,588,895,Médiane,6,9
14158,588,678,Médiane,5,14
14159,588,32,Toute Surface,10,15
14160,588,881,Défensive,7,4
14161,588,600,Défensive,9,13
14162,588,285,Toute Surface,9,6
14163,589,414,Défensive,0,0
14164,589,617,Défensive,0,0
14165,589,829,Défensive,0,0
14166,589,666,Offensive,3,12
14167,589,445,Défensive,7,13
14168,589,101,Médiane,7,15
14169,589,802,Offensive,7,15
14170,589,757,Défensive,7,18
14171,589,152,Toute Surface,6,17
14172,589,270,Défensive,12,11
14173,589,393,Médiane,11,10
14174,589,124,Médiane,6,15
14175,589,341,Médiane,9,3
14176,589,974,Défensive,7,6
14177,589,439,Médiane,11,20
14178,589,818,Toute Surface,8,16
14179,589,688,Médiane,3,12
14180,589,807,Médiane,5,8
14181,589,895,Médiane,11,16
14182,589,678,Défensive,5,14
14183,589,32,Offensive,7,18
14184,589,881,Offensive,6,6
14185,589,600,Toute Surface,6,16
14186,589,285,Toute Surface,12,10
14187,590,414,Défensive,0,0
14188,590,617,Défensive,0,0
14189,590,829,Défensive,0,0
14190,590,666,Défensive,8,7
14191,590,445,Offensive,6,18
14192,590,101,Médiane,11,15
14193,590,802,Offensive,6,14
14194,590,757,Toute Surface,12,17
14195,590,152,Toute Surface,11,11
14196,590,270,Défensive,10,12
14197,590,393,Défensive,8,19
14198,590,124,Médiane,3,8
14199,590,341,Toute Surface,11,8
14200,590,974,Médiane,3,13
14201,590,439,Offensive,12,14
14202,590,818,Toute Surface,7,12
14203,590,688,Toute Surface,5,9
14204,590,807,Défensive,8,13
14205,590,895,Offensive,5,19
14206,590,678,Médiane,5,10
14207,590,32,Médiane,7,20
14208,590,881,Offensive,6,8
14209,590,600,Toute Surface,11,10
14210,590,285,Médiane,8,4
14211,591,414,Défensive,0,0
14212,591,617,Défensive,0,0
14213,591,829,Défensive,0,0
14214,591,666,Offensive,6,10
14215,591,445,Toute Surface,7,12
14216,591,101,Toute Surface,7,14
14217,591,802,Défensive,6,10
14218,591,757,Défensive,10,13
14219,591,152,Offensive,10,15
14220,591,270,Médiane,5,16
14221,591,393,Toute Surface,6,15
14222,591,124,Défensive,2,4
14223,591,341,Défensive,8,3
14224,591,974,Offensive,6,5
14225,591,439,Offensive,6,10
14226,591,818,Défensive,7,18
14227,591,688,Toute Surface,2,4
14228,591,807,Offensive,7,11
14229,591,895,Médiane,5,9
14230,591,678,Défensive,4,12
14231,591,32,Défensive,10,18
14232,591,881,Toute Surface,7,13
14233,591,600,Toute Surface,4,18
14234,591,285,Médiane,9,9
14235,592,414,Défensive,0,0
14236,592,617,Défensive,0,0
14237,592,829,Défensive,0,0
14238,592,666,Médiane,8,5
14239,592,445,Toute Surface,10,12
14240,592,101,Offensive,9,18
14241,592,802,Offensive,6,19
14242,592,757,Défensive,6,13
14243,592,152,Défensive,11,16
14244,592,270,Toute Surface,6,14
14245,592,393,Toute Surface,11,12
14246,592,124,Offensive,6,8
14247,592,341,Défensive,15,7
14248,592,974,Toute Surface,6,13
14249,592,439,Défensive,11,13
14250,592,818,Défensive,11,11
14251,592,688,Médiane,8,7
14252,592,807,Médiane,8,5
14253,592,895,Offensive,10,15
14254,592,678,Défensive,6,16
14255,592,32,Défensive,5,19
14256,592,881,Toute Surface,7,8
14257,592,600,Médiane,11,14
14258,592,285,Défensive,12,3
14259,593,414,Défensive,0,0
14260,593,617,Défensive,0,0
14261,593,829,Défensive,0,0
14262,593,666,Défensive,7,8
14263,593,445,Médiane,7,10
14264,593,101,Médiane,8,9
14265,593,802,Défensive,4,13
14266,593,757,Offensive,10,13
14267,593,152,Offensive,9,14
14268,593,270,Offensive,10,10
14269,593,393,Toute Surface,9,9
14270,593,124,Toute Surface,7,11
14271,593,341,Médiane,9,9
14272,593,974,Défensive,6,4
14273,593,439,Offensive,7,9
14274,593,818,Toute Surface,9,9
14275,593,688,Toute Surface,3,6
14276,593,807,Médiane,3,6
14277,593,895,Offensive,10,9
14278,593,678,Médiane,9,16
14279,593,32,Défensive,6,12
14280,593,881,Médiane,5,9
14281,593,600,Toute Surface,10,13
14282,593,285,Toute Surface,9,4
14283,594,414,Défensive,0,0
14284,594,617,Défensive,0,0
14285,594,829,Défensive,0,0
14286,594,666,Défensive,4,8
14287,594,445,Toute Surface,6,18
14288,594,101,Défensive,6,17
14289,594,802,Médiane,7,10
14290,594,757,Médiane,6,17
14291,594,152,Toute Surface,6,18
14292,594,270,Défensive,12,20
14293,594,393,Offensive,8,11
14294,594,124,Offensive,4,15
14295,594,341,Médiane,10,10
14296,594,974,Offensive,3,14
14297,594,439,Défensive,8,17
14298,594,818,Offensive,5,10
14299,594,688,Médiane,5,11
14300,594,807,Toute Surface,5,5
14301,594,895,Offensive,7,13
14302,594,678,Offensive,5,19
14303,594,32,Médiane,12,20
14304,594,881,Médiane,6,11
14305,594,600,Offensive,12,16
14306,594,285,Offensive,11,6
14307,595,414,Défensive,0,0
14308,595,617,Défensive,0,0
14309,595,829,Défensive,0,0
14310,595,666,Toute Surface,4,7
14311,595,445,Médiane,6,15
14312,595,101,Toute Surface,6,14
14313,595,802,Médiane,7,13
14314,595,757,Offensive,6,11
14315,595,152,Toute Surface,8,19
14316,595,270,Défensive,13,16
14317,595,393,Défensive,12,17
14318,595,124,Offensive,5,7
14319,595,341,Toute Surface,12,8
14320,595,974,Défensive,6,11
14321,595,439,Toute Surface,12,22
14322,595,818,Défensive,6,12
14323,595,688,Toute Surface,7,11
14324,595,807,Toute Surface,4,6
14325,595,895,Défensive,7,18
14326,595,678,Offensive,6,18
14327,595,32,Offensive,5,14
14328,595,881,Offensive,5,12
14329,595,600,Toute Surface,5,16
14330,595,285,Offensive,12,4
14331,596,414,Défensive,0,0
14332,596,617,Défensive,0,0
14333,596,829,Défensive,0,0
14334,596,666,Défensive,5,5
14335,596,445,Défensive,6,22
14336,596,101,Médiane,6,18
14337,596,802,Médiane,7,19
14338,596,757,Médiane,12,19
14339,596,152,Défensive,11,11
14340,596,270,Toute Surface,5,17
14341,596,393,Toute Surface,13,18
14342,596,124,Médiane,5,7
14343,596,341,Défensive,14,5
14344,596,974,Défensive,5,7
14345,596,439,Offensive,7,22
14346,596,818,Défensive,6,18
14347,596,688,Défensive,5,7
14348,596,807,Médiane,3,5
14349,596,895,Offensive,6,22
14350,596,678,Médiane,8,12
14351,596,32,Défensive,11,18
14352,596,881,Défensive,8,15
14353,596,600,Défensive,11,22
14354,596,285,Toute Surface,11,11
14355,597,414,Défensive,0,0
14356,597,617,Défensive,0,0
14357,597,829,Défensive,0,0
14358,597,666,Défensive,3,14
14359,597,445,Défensive,11,18
14360,597,101,Défensive,13,19
14361,597,802,Toute Surface,5,22
14362,597,757,Médiane,11,12
14363,597,152,Médiane,11,13
14364,597,270,Offensive,11,22
14365,597,393,Offensive,8,22
14366,597,124,Offensive,8,5
14367,597,341,Offensive,16,6
14368,597,974,Médiane,5,8
14369,597,439,Toute Surface,9,11
14370,597,818,Médiane,11,19
14371,597,688,Défensive,4,13
14372,597,807,Défensive,4,8
14373,597,895,Offensive,7,15
14374,597,678,Toute Surface,5,11
14375,597,32,Offensive,7,17
14376,597,881,Médiane,6,6
14377,597,600,Médiane,11,11
14378,597,285,Offensive,16,5
14379,598,414,Défensive,0,0
14380,598,617,Défensive,0,0
14381,598,829,Défensive,0,0
14382,598,666,Offensive,6,5
14383,598,445,Médiane,8,16
14384,598,101,Médiane,8,16
14385,598,802,Offensive,9,18
14386,598,757,Offensive,9,12
14387,598,152,Toute Surface,8,13
14388,598,270,Médiane,4,16
14389,598,393,Médiane,7,16
14390,598,124,Toute Surface,5,10
14391,598,341,Toute Surface,8,4
14392,598,974,Toute Surface,3,13
14393,598,439,Médiane,10,16
14394,598,818,Offensive,10,17
14395,598,688,Offensive,6,9
14396,598,807,Défensive,5,13
14397,598,895,Toute Surface,8,9
14398,598,678,Défensive,4,13
14399,598,32,Médiane,9,9
14400,598,881,Défensive,2,10
14401,598,600,Défensive,6,9
14402,598,285,Médiane,10,9
14403,599,414,Défensive,0,0
14404,599,617,Défensive,0,0
14405,599,829,Défensive,0,0
14406,599,666,Médiane,7,6
14407,599,445,Toute Surface,9,19
14408,599,101,Toute Surface,9,13
14409,599,802,Défensive,7,16
14410,599,757,Toute Surface,12,10
14411,599,152,Offensive,12,12
14412,599,270,Offensive,11,16
14413,599,393,Toute Surface,6,16
14414,599,124,Toute Surface,7,5
14415,599,341,Médiane,10,5
14416,599,974,Offensive,6,10
14417,599,439,Défensive,9,19
14418,599,818,Offensive,9,14
14419,599,688,Défensive,5,9
14420,599,807,Toute Surface,6,10
14421,599,895,Toute Surface,10,10
14422,599,678,Médiane,12,10
14423,599,32,Toute Surface,9,17
14424,599,881,Toute Surface,8,12
14425,599,600,Toute Surface,5,10
14426,599,285,Médiane,12,4
14427,600,414,Défensive,0,0
14428,600,617,Défensive,0,0
14429,600,829,Défensive,0,0
14430,600,666,Toute Surface,4,12
14431,600,445,Défensive,11,13
14432,600,101,Défensive,11,16
14433,600,802,Offensive,11,10
14434,600,757,Offensive,9,11
14435,600,152,Offensive,11,19
14436,600,270,Toute Surface,9,18
14437,600,393,Médiane,10,16
14438,600,124,Médiane,8,5
14439,600,341,Défensive,14,7
14440,600,974,Toute Surface,7,12
14441,600,439,Toute Surface,7,12
14442,600,818,Toute Surface,6,18
14443,600,688,Médiane,6,13
14444,600,807,Médiane,6,7
14445,600,895,Défensive,6,12
14446,600,678,Offensive,5,18
14447,600,32,Toute Surface,12,18
14448,600,881,Toute Surface,5,5
14449,600,600,Défensive,12,11
14450,600,285,Toute Surface,9,6
14451,601,414,Défensive,0,0
14452,601,617,Défensive,0,0
14453,601,829,Défensive,0,0
14454,601,666,Médiane,5,8
14455,601,445,Défensive,12,11
14456,601,101,Défensive,11,17
14457,601,802,Défensive,11,18
14458,601,757,Défensive,12,13
14459,601,152,Médiane,13,18
14460,601,270,Toute Surface,8,12
14461,601,393,Offensive,12,22
14462,601,124,Toute Surface,3,5
14463,601,341,Médiane,11,6
14464,601,974,Toute Surface,5,8
14465,601,439,Médiane,6,14
14466,601,818,Défensive,5,19
14467,601,688,Médiane,3,12
14468,601,807,Offensive,7,8
14469,601,895,Défensive,13,14
14470,601,678,Médiane,6,16
14471,601,32,Toute Surface,8,13
14472,601,881,Défensive,4,14
14473,601,600,Toute Surface,13,22
14474,601,285,Toute Surface,16,6
14475,602,414,Défensive,0,0
14476,602,617,Défensive,0,0
14477,602,829,Défensive,0,0
14478,602,666,Offensive,7,4
14479,602,445,Défensive,4,9
14480,602,101,Médiane,7,14
14481,602,802,Défensive,4,14
14482,602,757,Toute Surface,5,9
14483,602,152,Médiane,6,9
14484,602,270,Offensive,5,16
14485,602,393,Toute Surface,9,9
14486,602,124,Médiane,3,11
14487,602,341,Toute Surface,13,8
14488,602,974,Toute Surface,6,9
14489,602,439,Offensive,4,9
14490,602,818,Toute Surface,8,18
14491,602,688,Médiane,4,4
14492,602,807,Médiane,2,6
14493,602,895,Offensive,9,14
14494,602,678,Médiane,7,9
14495,602,32,Offensive,9,9
14496,602,881,Médiane,6,8
14497,602,600,Médiane,6,9
14498,602,285,Toute Surface,7,6
14499,603,414,Défensive,0,0
14500,603,617,Défensive,0,0
14501,603,829,Défensive,0,0
14502,603,666,Toute Surface,4,4
14503,603,445,Toute Surface,8,11
14504,603,101,Médiane,7,16
14505,603,802,Offensive,10,14
14506,603,757,Médiane,9,18
14507,603,152,Toute Surface,6,15
14508,603,270,Toute Surface,9,17
14509,603,393,Médiane,7,11
14510,603,124,Défensive,3,5
14511,603,341,Toute Surface,12,7
14512,603,974,Médiane,5,9
14513,603,439,Médiane,9,18
14514,603,818,Toute Surface,6,9
14515,603,688,Médiane,6,9
14516,603,807,Toute Surface,4,6
14517,603,895,Médiane,9,14
14518,603,678,Toute Surface,4,13
14519,603,32,Défensive,8,14
14520,603,881,Offensive,2,9
14521,603,600,Défensive,7,9
14522,603,285,Toute Surface,7,9
14523,604,414,Défensive,0,0
14524,604,617,Défensive,0,0
14525,604,829,Défensive,0,0
14526,604,666,Offensive,3,12
14527,604,445,Offensive,9,22
14528,604,101,Défensive,12,19
14529,604,802,Défensive,9,22
14530,604,757,Toute Surface,13,14
14531,604,152,Toute Surface,5,20
14532,604,270,Médiane,5,19
14533,604,393,Défensive,8,11
14534,604,124,Défensive,7,16
14535,604,341,Médiane,8,5
14536,604,974,Médiane,8,15
14537,604,439,Offensive,12,13
14538,604,818,Offensive,13,20
14539,604,688,Médiane,4,16
14540,604,807,Défensive,4,13
14541,604,895,Défensive,7,12
14542,604,678,Toute Surface,11,15
14543,604,32,Offensive,7,11
14544,604,881,Défensive,4,8
14545,604,600,Offensive,12,19
14546,604,285,Médiane,14,8
14547,605,414,Défensive,0,0
14548,605,617,Défensive,0,0
14549,605,829,Défensive,0,0
14550,605,666,Défensive,4,15
14551,605,445,Médiane,11,15
14552,605,101,Toute Surface,8,17
14553,605,802,Toute Surface,11,18
14554,605,757,Toute Surface,11,22
14555,605,152,Médiane,7,11
14556,605,270,Défensive,6,22
14557,605,393,Toute Surface,7,14
14558,605,124,Offensive,4,14
14559,605,341,Défensive,9,4
14560,605,974,Défensive,3,6
14561,605,439,Toute Surface,13,16
14562,605,818,Défensive,6,14
14563,605,688,Toute Surface,4,14
14564,605,807,Médiane,4,13
14565,605,895,Toute Surface,13,18
14566,605,678,Défensive,9,11
14567,605,32,Défensive,5,19
14568,605,881,Défensive,4,5
14569,605,600,Offensive,13,12
14570,605,285,Toute Surface,8,11
14571,606,414,Défensive,0,0
14572,606,617,Défensive,0,0
14573,606,829,Défensive,0,0
14574,606,666,Toute Surface,7,12
14575,606,445,Toute Surface,9,14
14576,606,101,Toute Surface,7,11
14577,606,802,Offensive,9,11
14578,606,757,Défensive,9,17
14579,606,152,Médiane,9,9
14580,606,270,Défensive,5,12
14581,606,393,Toute Surface,7,9
14582,606,124,Défensive,6,4
14583,606,341,Offensive,9,6
14584,606,974,Offensive,2,8
14585,606,439,Médiane,8,12
14586,606,818,Médiane,5,18
14587,606,688,Toute Surface,2,9
14588,606,807,Médiane,4,11
14589,606,895,Défensive,4,15
14590,606,678,Défensive,7,11
14591,606,32,Médiane,9,17
14592,606,881,Médiane,7,4
14593,606,600,Offensive,9,18
14594,606,285,Toute Surface,9,4
14595,607,414,Défensive,0,0
14596,607,617,Défensive,0,0
14597,607,829,Défensive,0,0
14598,607,666,Défensive,2,5
14599,607,445,Médiane,10,17
14600,607,101,Offensive,9,11
14601,607,802,Toute Surface,9,9
14602,607,757,Défensive,8,15
14603,607,152,Offensive,10,9
14604,607,270,Toute Surface,5,11
14605,607,393,Médiane,9,12
14606,607,124,Toute Surface,6,13
14607,607,341,Défensive,8,5
14608,607,974,Médiane,7,6
14609,607,439,Toute Surface,9,10
14610,607,818,Offensive,6,17
14611,607,688,Défensive,4,13
14612,607,807,Défensive,4,7
14613,607,895,Offensive,4,10
14614,607,678,Défensive,9,9
14615,607,32,Offensive,8,16
14616,607,881,Défensive,7,4
14617,607,600,Toute Surface,4,17
14618,607,285,Médiane,9,9
14619,608,414,Défensive,0,0
14620,608,617,Défensive,0,0
14621,608,829,Défensive,0,0
14622,608,666,Toute Surface,5,6
14623,608,445,Toute Surface,11,11
14624,608,101,Toute Surface,8,18
14625,608,802,Médiane,11,18
14626,608,757,Offensive,5,16
14627,608,152,Offensive,5,14
14628,608,270,Offensive,6,16
14629,608,393,Offensive,11,15
14630,608,124,Médiane,4,12
14631,608,341,Offensive,9,6
14632,608,974,Médiane,8,13
14633,608,439,Défensive,11,20
14634,608,818,Offensive,12,13
14635,608,688,Défensive,3,5
14636,608,807,Toute Surface,4,12
14637,608,895,Défensive,10,12
14638,608,678,Défensive,9,15
14639,608,32,Toute Surface,11,16
14640,608,881,Défensive,6,8
14641,608,600,Offensive,12,20
14642,608,285,Offensive,11,7
14643,609,414,Défensive,0,0
14644,609,617,Défensive,0,0
14645,609,829,Défensive,0,0
14646,609,666,Toute Surface,2,9
14647,609,445,Toute Surface,6,18
14648,609,101,Offensive,10,15
14649,609,802,Médiane,7,16
14650,609,757,Médiane,4,12
14651,609,152,Médiane,5,12
14652,609,270,Offensive,9,11
14653,609,393,Défensive,4,10
14654,609,124,Médiane,6,11
14655,609,341,Toute Surface,11,2
14656,609,974,Offensive,4,9
14657,609,439,Offensive,4,9
14658,609,818,Toute Surface,4,9
14659,609,688,Défensive,2,12
14660,609,807,Médiane,3,7
14661,609,895,Offensive,7,9
14662,609,678,Offensive,8,18
14663,609,32,Médiane,7,14
14664,609,881,Médiane,4,11
14665,609,600,Offensive,8,13
14666,609,285,Médiane,11,3
14667,610,414,Défensive,0,0
14668,610,617,Défensive,0,0
14669,610,829,Défensive,0,0
14670,610,666,Médiane,5,14
14671,610,445,Défensive,6,15
14672,610,101,Défensive,13,22
14673,610,802,Offensive,7,17
14674,610,757,Défensive,13,20
14675,610,152,Défensive,6,14
14676,610,270,Médiane,13,22
14677,610,393,Médiane,6,15
14678,610,124,Offensive,8,11
14679,610,341,Défensive,15,11
14680,610,974,Toute Surface,6,8
14681,610,439,Défensive,11,12
14682,610,818,Offensive,9,22
14683,610,688,Toute Surface,5,14
14684,610,807,Toute Surface,3,9
14685,610,895,Offensive,11,16
14686,610,678,Toute Surface,9,13
14687,610,32,Toute Surface,8,20
14688,610,881,Défensive,7,15
14689,610,600,Médiane,6,11
14690,610,285,Toute Surface,11,9
14691,611,414,Défensive,0,0
14692,611,617,Défensive,0,0
14693,611,829,Défensive,0,0
14694,611,666,Offensive,6,4
14695,611,445,Défensive,6,18
14696,611,101,Offensive,6,10
14697,611,802,Offensive,6,10
14698,611,757,Offensive,5,18
14699,611,152,Médiane,9,9
14700,611,270,Offensive,7,11
14701,611,393,Offensive,9,15
14702,611,124,Médiane,4,7
14703,611,341,Toute Surface,12,6
14704,611,974,Défensive,6,13
14705,611,439,Offensive,9,17
14706,611,818,Défensive,6,14
14707,611,688,Défensive,2,6
14708,611,807,Toute Surface,3,8
14709,611,895,Médiane,5,18
14710,611,678,Médiane,9,12
14711,611,32,Toute Surface,9,14
14712,611,881,Médiane,4,9
14713,611,600,Défensive,4,12
14714,611,285,Offensive,13,9
14715,612,414,Défensive,0,0
14716,612,617,Défensive,0,0
14717,612,829,Défensive,0,0
14718,612,666,Médiane,7,6
14719,612,445,Offensive,7,16
14720,612,101,Défensive,13,18
14721,612,802,Offensive,8,15
14722,612,757,Toute Surface,12,19
14723,612,152,Toute Surface,6,22
14724,612,270,Médiane,5,16
14725,612,393,Toute Surface,9,19
14726,612,124,Offensive,3,11
14727,612,341,Offensive,9,6
14728,612,974,Offensive,5,5
14729,612,439,Défensive,9,19
14730,612,818,Toute Surface,13,19
14731,612,688,Médiane,8,14
14732,612,807,Défensive,6,16
14733,612,895,Toute Surface,8,19
14734,612,678,Offensive,7,18
14735,612,32,Offensive,13,13
14736,612,881,Offensive,5,13
14737,612,600,Toute Surface,5,17
14738,612,285,Médiane,14,8
14739,613,414,Défensive,0,0
14740,613,617,Défensive,0,0
14741,613,829,Défensive,0,0
14742,613,666,Toute Surface,7,11
14743,613,445,Médiane,6,20
14744,613,101,Toute Surface,8,17
14745,613,802,Toute Surface,12,17
14746,613,757,Médiane,9,12
14747,613,152,Offensive,9,12
14748,613,270,Défensive,8,18
14749,613,393,Offensive,5,19
14750,613,124,Offensive,7,12
14751,613,341,Offensive,8,11
14752,613,974,Toute Surface,3,13
14753,613,439,Médiane,5,13
14754,613,818,Offensive,5,13
14755,613,688,Médiane,6,13
14756,613,807,Médiane,6,11
14757,613,895,Médiane,9,22
14758,613,678,Toute Surface,9,15
14759,613,32,Défensive,5,15
14760,613,881,Défensive,5,11
14761,613,600,Médiane,9,11
14762,613,285,Toute Surface,13,6
14763,614,414,Défensive,0,0
14764,614,617,Défensive,0,0
14765,614,829,Défensive,0,0
14766,614,666,Médiane,8,16
14767,614,445,Défensive,7,22
14768,614,101,Offensive,13,13
14769,614,802,Médiane,11,17
14770,614,757,Défensive,9,15
14771,614,152,Toute Surface,5,12
14772,614,270,Toute Surface,13,18
14773,614,393,Médiane,12,22
14774,614,124,Médiane,5,16
14775,614,341,Défensive,9,4
14776,614,974,Toute Surface,3,14
14777,614,439,Défensive,13,22
14778,614,818,Toute Surface,9,15
14779,614,688,Défensive,6,6
14780,614,807,Médiane,6,13
14781,614,895,Défensive,5,22
14782,614,678,Défensive,6,17
14783,614,32,Offensive,6,17
14784,614,881,Toute Surface,3,6
14785,614,600,Médiane,8,15
14786,614,285,Toute Surface,8,4
14787,615,414,Défensive,0,0
14788,615,617,Défensive,0,0
14789,615,829,Défensive,0,0
14790,615,666,Toute Surface,4,9
14791,615,445,Offensive,10,10
14792,615,101,Toute Surface,5,10
14793,615,802,Offensive,9,13
14794,615,757,Médiane,5,11
14795,615,152,Défensive,9,13
14796,615,270,Offensive,7,11
14797,615,393,Offensive,5,9
14798,615,124,Offensive,5,8
14799,615,341,Médiane,7,4
14800,615,974,Médiane,2,12
14801,615,439,Médiane,8,12
14802,615,818,Défensive,6,16
14803,615,688,Défensive,2,9
14804,615,807,Offensive,6,6
14805,615,895,Défensive,9,14
14806,615,678,Médiane,9,13
14807,615,32,Médiane,10,16
14808,615,881,Toute Surface,7,5
14809,615,600,Médiane,7,11
14810,615,285,Défensive,8,8
14811,616,414,Défensive,0,0
14812,616,617,Défensive,0,0
14813,616,829,Défensive,0,0
14814,616,666,Offensive,6,8
14815,616,445,Offensive,9,20
14816,616,101,Médiane,5,22
14817,616,802,Défensive,11,22
14818,616,757,Toute Surface,5,14
14819,616,152,Offensive,13,17
14820,616,270,Défensive,13,12
14821,616,393,Médiane,9,22
14822,616,124,Défensive,5,16
14823,616,341,Médiane,9,11
14824,616,974,Médiane,8,7
14825,616,439,Toute Surface,12,16
14826,616,818,Toute Surface,7,12
14827,616,688,Défensive,6,8
14828,616,807,Toute Surface,5,13
14829,616,895,Médiane,11,18
14830,616,678,Offensive,11,22
14831,616,32,Défensive,8,22
14832,616,881,Offensive,8,7
14833,616,600,Médiane,5,14
14834,616,285,Défensive,14,5
14835,617,414,Défensive,0,0
14836,617,617,Défensive,0,0
14837,617,829,Défensive,0,0
14838,617,666,Médiane,3,13
14839,617,445,Toute Surface,8,14
14840,617,101,Toute Surface,13,14
14841,617,802,Toute Surface,8,12
14842,617,757,Offensive,12,22
14843,617,152,Offensive,11,15
14844,617,270,Offensive,9,19
14845,617,393,Toute Surface,5,13
14846,617,124,Toute Surface,7,7
14847,617,341,Défensive,13,6
14848,617,974,Défensive,3,6
14849,617,439,Offensive,5,22
14850,617,818,Toute Surface,12,11
14851,617,688,Médiane,3,12
14852,617,807,Toute Surface,8,6
14853,617,895,Offensive,5,19
14854,617,678,Offensive,7,13
14855,617,32,Offensive,7,15
14856,617,881,Offensive,4,8
14857,617,600,Toute Surface,6,16
14858,617,285,Défensive,15,11
14859,618,414,Défensive,0,0
14860,618,617,Défensive,0,0
14861,618,829,Défensive,0,0
14862,618,666,Médiane,5,9
14863,618,445,Défensive,10,17
14864,618,101,Défensive,10,9
14865,618,802,Toute Surface,4,13
14866,618,757,Toute Surface,9,9
14867,618,152,Offensive,8,9
14868,618,270,Toute Surface,7,17
14869,618,393,Défensive,6,14
14870,618,124,Toute Surface,4,5
14871,618,341,Médiane,9,7
14872,618,974,Toute Surface,6,9
14873,618,439,Défensive,9,9
14874,618,818,Médiane,5,13
14875,618,688,Médiane,4,7
14876,618,807,Défensive,4,11
14877,618,895,Offensive,6,16
14878,618,678,Offensive,10,13
14879,618,32,Médiane,5,15
14880,618,881,Offensive,2,5
14881,618,600,Offensive,10,9
14882,618,285,Offensive,11,8
14883,619,414,Défensive,0,0
14884,619,617,Défensive,0,0
14885,619,829,Défensive,0,0
14886,619,666,Défensive,8,11
14887,619,445,Toute Surface,5,11
14888,619,101,Toute Surface,12,22
14889,619,802,Toute Surface,9,19
14890,619,757,Offensive,7,18
14891,619,152,Médiane,11,19
14892,619,270,Offensive,11,19
14893,619,393,Médiane,5,19
14894,619,124,Médiane,4,12
14895,619,341,Toute Surface,14,8
14896,619,974,Offensive,6,12
14897,619,439,Défensive,6,19
14898,619,818,Offensive,9,12
14899,619,688,Défensive,6,11
14900,619,807,Médiane,4,6
14901,619,895,Offensive,8,17
14902,619,678,Toute Surface,11,12
14903,619,32,Médiane,6,20
14904,619,881,Défensive,6,14
14905,619,600,Offensive,5,16
14906,619,285,Offensive,12,4
14907,620,414,Défensive,0,0
14908,620,617,Défensive,0,0
14909,620,829,Défensive,0,0
14910,620,666,Défensive,4,4
14911,620,445,Défensive,9,18
14912,620,101,Toute Surface,7,14
14913,620,802,Toute Surface,8,15
14914,620,757,Médiane,6,9
14915,620,152,Offensive,10,9
14916,620,270,Toute Surface,9,12
14917,620,393,Médiane,6,10
14918,620,124,Défensive,4,4
14919,620,341,Médiane,8,5
14920,620,974,Défensive,3,9
14921,620,439,Offensive,5,9
14922,620,818,Défensive,9,18
14923,620,688,Défensive,5,10
14924,620,807,Défensive,2,6
14925,620,895,Médiane,7,9
14926,620,678,Offensive,8,14
14927,620,32,Offensive,8,11
14928,620,881,Défensive,2,6
14929,620,600,Toute Surface,9,12
14930,620,285,Médiane,13,6
14931,621,414,Défensive,0,0
14932,621,617,Défensive,0,0
14933,621,829,Défensive,0,0
14934,621,666,Médiane,3,16
14935,621,445,Médiane,13,14
14936,621,101,Médiane,11,19
14937,621,802,Défensive,13,15
14938,621,757,Défensive,6,17
14939,621,152,Médiane,8,13
14940,621,270,Offensive,12,16
14941,621,393,Médiane,7,16
14942,621,124,Défensive,6,14
14943,621,341,Offensive,9,9
14944,621,974,Toute Surface,7,9
14945,621,439,Offensive,13,14
14946,621,818,Offensive,5,13
14947,621,688,Offensive,8,15
14948,621,807,Offensive,6,11
14949,621,895,Défensive,13,16
14950,621,678,Toute Surface,11,12
14951,621,32,Offensive,8,18
14952,621,881,Médiane,5,15
14953,621,600,Médiane,7,16
14954,621,285,Toute Surface,12,9
14955,622,414,Défensive,0,0
14956,622,617,Défensive,0,0
14957,622,829,Défensive,0,0
14958,622,666,Médiane,6,8
14959,622,445,Toute Surface,6,22
14960,622,101,Défensive,11,12
14961,622,802,Offensive,6,13
14962,622,757,Offensive,5,13
14963,622,152,Défensive,5,15
14964,622,270,Toute Surface,7,20
14965,622,393,Toute Surface,11,13
14966,622,124,Médiane,3,5
14967,622,341,Défensive,12,3
14968,622,974,Défensive,3,6
14969,622,439,Offensive,13,17
14970,622,818,Offensive,11,16
14971,622,688,Défensive,7,7
14972,622,807,Défensive,3,15
14973,622,895,Défensive,5,19
14974,622,678,Toute Surface,5,16
14975,622,32,Médiane,11,13
14976,622,881,Défensive,5,5
14977,622,600,Médiane,12,15
14978,622,285,Défensive,14,3
14979,623,414,Défensive,0,0
14980,623,617,Défensive,0,0
14981,623,829,Défensive,0,0
14982,623,666,Médiane,3,9
14983,623,445,Défensive,12,12
14984,623,101,Offensive,12,11
14985,623,802,Défensive,6,12
14986,623,757,Toute Surface,7,11
14987,623,152,Défensive,9,13
14988,623,270,Défensive,13,16
14989,623,393,Toute Surface,11,13
14990,623,124,Toute Surface,8,9
14991,623,341,Médiane,15,6
14992,623,974,Médiane,7,12
14993,623,439,Offensive,8,17
14994,623,818,Médiane,8,17
14995,623,688,Défensive,3,15
14996,623,807,Offensive,7,9
14997,623,895,Médiane,7,17
14998,623,678,Offensive,13,15
14999,623,32,Médiane,9,19
15000,623,881,Toute Surface,6,6
15001,623,600,Offensive,13,16
15002,623,285,Défensive,15,5
15003,624,728,Aucune,0,0
15004,624,213,Défensive,0,0
15005,624,610,Aucune,0,0
15006,624,582,Défensive,2,8
15007,624,723,Médiane,6,5
15008,624,689,Offensive,5,4
15009,624,449,Médiane,13,6
15010,624,668,Offensive,6,18
15011,624,176,Offensive,2,9
15012,624,529,Toute Surface,3,4
15013,624,833,Toute Surface,8,2
15014,624,571,Défensive,3,13
15015,624,476,Toute Surface,8,3
15016,624,939,Aucune,0,0
15017,624,434,Médiane,5,17
15018,624,348,Aucune,0,0
15019,624,942,Aucune,0,0
15020,624,748,Médiane,9,6
15021,624,147,Aucune,0,0
15022,624,825,Défensive,9,7
15023,624,212,Offensive,8,9
15024,624,756,Aucune,0,0
15025,624,211,Offensive,4,16
15026,624,827,Aucune,0,0
15027,624,468,Aucune,0,0
15028,625,728,Défensive,0,0
15029,625,213,Défensive,0,0
15030,625,610,Aucune,0,0
15031,625,582,Offensive,3,9
15032,625,723,Offensive,7,9
15033,625,689,Toute Surface,4,4
15034,625,449,Médiane,9,4
15035,625,668,Médiane,8,9
15036,625,176,Défensive,5,4
15037,625,529,Offensive,4,5
15038,625,833,Offensive,9,3
15039,625,571,Défensive,4,6
15040,625,476,Offensive,12,5
15041,625,939,Médiane,6,9
15042,625,434,Toute Surface,5,9
15043,625,348,Aucune,0,0
15044,625,942,Toute Surface,12,9
15045,625,748,Offensive,11,4
15046,625,147,Toute Surface,5,10
15047,625,825,Défensive,9,6
15048,625,212,Médiane,4,9
15049,625,756,Aucune,0,0
15050,625,211,Toute Surface,7,13
15051,625,827,Offensive,9,14
15052,625,468,Aucune,0,0
15053,626,728,Défensive,0,0
15054,626,213,Défensive,0,0
15055,626,610,Défensive,0,0
15056,626,582,Offensive,6,13
15057,626,723,Toute Surface,5,6
15058,626,689,Défensive,5,14
15059,626,449,Offensive,13,5
15060,626,668,Toute Surface,7,20
15061,626,176,Médiane,5,7
15062,626,529,Médiane,4,8
15063,626,833,Médiane,10,10
15064,626,571,Toute Surface,3,5
15065,626,476,Défensive,11,10
15066,626,939,Toute Surface,10,15
15067,626,434,Défensive,12,20
15068,626,348,Offensive,8,12
15069,626,942,Offensive,10,5
15070,626,748,Offensive,10,7
15071,626,147,Médiane,6,12
15072,626,825,Défensive,11,5
15073,626,212,Offensive,10,13
15074,626,756,Défensive,9,6
15075,626,211,Médiane,11,19
15076,626,827,Médiane,10,17
15077,626,468,Aucune,0,0
15078,627,728,Défensive,0,0
15079,627,213,Défensive,0,0
15080,627,610,Défensive,0,0
15081,627,582,Offensive,8,16
15082,627,723,Médiane,5,12
15083,627,689,Médiane,6,13
15084,627,449,Médiane,15,4
15085,627,668,Offensive,6,11
15086,627,176,Défensive,7,7
15087,627,529,Offensive,6,8
15088,627,833,Médiane,9,9
15089,627,571,Offensive,5,5
15090,627,476,Offensive,8,8
15091,627,939,Médiane,7,18
15092,627,434,Défensive,8,15
15093,627,348,Toute Surface,11,16
15094,627,942,Médiane,16,8
15095,627,748,Offensive,12,4
15096,627,147,Médiane,3,11
15097,627,825,Défensive,12,4
15098,627,212,Défensive,6,11
15099,627,756,Offensive,14,3
15100,627,211,Médiane,7,15
15101,627,827,Médiane,9,19
15102,627,468,Offensive,13,17
15103,628,728,Défensive,0,0
15104,628,213,Défensive,0,0
15105,628,610,Défensive,0,0
15106,628,582,Offensive,8,9
15107,628,723,Toute Surface,8,15
15108,628,689,Offensive,3,15
15109,628,449,Offensive,8,6
15110,628,668,Toute Surface,11,14
15111,628,176,Toute Surface,5,5
15112,628,529,Médiane,6,15
15113,628,833,Toute Surface,14,9
15114,628,571,Défensive,6,12
15115,628,476,Défensive,8,11
15116,628,939,Défensive,12,20
15117,628,434,Offensive,12,22
15118,628,348,Défensive,9,19
15119,628,942,Toute Surface,16,7
15120,628,748,Toute Surface,12,11
15121,628,147,Médiane,3,8
15122,628,825,Toute Surface,8,5
15123,628,212,Médiane,5,12
15124,628,756,Médiane,15,8
15125,628,211,Défensive,12,15
15126,628,827,Défensive,12,11
15127,628,468,Défensive,7,20
15128,629,728,Défensive,0,0
15129,629,213,Défensive,0,0
15130,629,610,Défensive,0,0
15131,629,582,Défensive,7,14
15132,629,723,Défensive,4,15
15133,629,689,Médiane,5,8
15134,629,449,Toute Surface,11,4
15135,629,668,Défensive,6,22
15136,629,176,Défensive,3,14
15137,629,529,Toute Surface,5,12
15138,629,833,Toute Surface,8,7
15139,629,571,Médiane,5,8
15140,629,476,Toute Surface,14,4
15141,629,939,Défensive,6,18
15142,629,434,Médiane,11,12
15143,629,348,Toute Surface,12,18
15144,629,942,Toute Surface,15,9
15145,629,748,Toute Surface,13,9
15146,629,147,Offensive,3,8
15147,629,825,Défensive,16,9
15148,629,212,Toute Surface,8,11
15149,629,756,Défensive,12,7
15150,629,211,Toute Surface,8,18
15151,629,827,Toute Surface,7,13
15152,629,468,Offensive,5,13
15153,630,728,Défensive,0,0
15154,630,213,Défensive,0,0
15155,630,610,Défensive,0,0
15156,630,582,Offensive,4,7
15157,630,723,Défensive,4,16
15158,630,689,Toute Surface,4,12
15159,630,449,Offensive,12,7
15160,630,668,Défensive,7,15
15161,630,176,Défensive,3,5
15162,630,529,Offensive,5,6
15163,630,833,Médiane,15,6
15164,630,571,Défensive,7,16
15165,630,476,Offensive,8,8
15166,630,939,Médiane,11,13
15167,630,434,Médiane,11,22
15168,630,348,Médiane,11,13
15169,630,942,Médiane,16,4
15170,630,748,Défensive,12,9
15171,630,147,Médiane,4,14
15172,630,825,Offensive,8,7
15173,630,212,Offensive,13,15
15174,630,756,Offensive,9,5
15175,630,211,Médiane,7,11
15176,630,827,Toute Surface,12,12
15177,630,468,Médiane,11,11
15178,631,728,Défensive,0,0
15179,631,213,Défensive,0,0
15180,631,610,Défensive,0,0
15181,631,582,Médiane,4,12
15182,631,723,Médiane,7,9
15183,631,689,Offensive,2,9
15184,631,449,Toute Surface,9,8
15185,631,668,Toute Surface,4,15
15186,631,176,Médiane,5,9
15187,631,529,Médiane,6,4
15188,631,833,Médiane,12,2
15189,631,571,Toute Surface,2,8
15190,631,476,Médiane,10,8
15191,631,939,Offensive,4,16
15192,631,434,Toute Surface,9,13
15193,631,348,Toute Surface,6,9
15194,631,942,Toute Surface,11,9
15195,631,748,Toute Surface,13,2
15196,631,147,Offensive,5,5
15197,631,825,Médiane,9,3
15198,631,212,Médiane,9,18
15199,631,756,Toute Surface,7,6
15200,631,211,Toute Surface,5,16
15201,631,827,Offensive,7,16
15202,631,468,Offensive,4,13
15203,632,728,Défensive,0,0
15204,632,213,Défensive,0,0
15205,632,610,Défensive,0,0
15206,632,582,Médiane,8,16
15207,632,723,Médiane,6,8
15208,632,689,Défensive,5,8
15209,632,449,Médiane,11,8
15210,632,668,Médiane,6,13
15211,632,176,Médiane,5,7
15212,632,529,Offensive,3,9
15213,632,833,Offensive,16,8
15214,632,571,Défensive,6,15
15215,632,476,Offensive,12,11
15216,632,939,Médiane,7,17
15217,632,434,Toute Surface,8,12
15218,632,348,Offensive,5,12
15219,632,942,Défensive,13,9
15220,632,748,Défensive,14,3
15221,632,147,Toute Surface,7,16
15222,632,825,Offensive,12,5
15223,632,212,Offensive,9,22
15224,632,756,Médiane,11,11
15225,632,211,Médiane,12,20
15226,632,827,Toute Surface,9,12
15227,632,468,Toute Surface,8,11
15228,633,728,Défensive,0,0
15229,633,213,Défensive,0,0
15230,633,610,Défensive,0,0
15231,633,582,Défensive,8,12
15232,633,723,Offensive,8,11
15233,633,689,Médiane,7,13
15234,633,449,Défensive,15,9
15235,633,668,Toute Surface,10,17
15236,633,176,Défensive,7,10
15237,633,529,Défensive,6,10
15238,633,833,Toute Surface,13,5
15239,633,571,Défensive,8,13
15240,633,476,Défensive,13,3
15241,633,939,Défensive,8,13
15242,633,434,Offensive,8,17
15243,633,348,Toute Surface,6,12
15244,633,942,Toute Surface,9,10
15245,633,748,Médiane,8,9
15246,633,147,Médiane,6,10
15247,633,825,Offensive,10,10
15248,633,212,Toute Surface,6,17
15249,633,756,Toute Surface,15,5
15250,633,211,Médiane,10,19
15251,633,827,Médiane,9,12
15252,633,468,Toute Surface,7,17
15253,634,728,Défensive,0,0
15254,634,213,Défensive,0,0
15255,634,610,Défensive,0,0
15256,634,582,Toute Surface,8,10
15257,634,723,Médiane,4,10
15258,634,689,Offensive,8,5
15259,634,449,Toute Surface,8,4
15260,634,668,Défensive,11,18
15261,634,176,Offensive,8,15
15262,634,529,Défensive,7,15
15263,634,833,Médiane,13,6
15264,634,571,Médiane,3,5
15265,634,476,Offensive,12,10
15266,634,939,Offensive,6,14
15267,634,434,Offensive,12,15
15268,634,348,Défensive,8,11
15269,634,942,Défensive,8,4
15270,634,748,Médiane,15,3
15271,634,147,Offensive,7,5
15272,634,825,Toute Surface,14,7
15273,634,212,Médiane,9,20
15274,634,756,Défensive,9,9
15275,634,211,Toute Surface,5,20
15276,634,827,Offensive,8,18
15277,634,468,Offensive,7,16
15278,635,728,Défensive,0,0
15279,635,213,Défensive,0,0
15280,635,610,Défensive,0,0
15281,635,582,Offensive,4,12
15282,635,723,Offensive,5,10
15283,635,689,Offensive,5,9
15284,635,449,Toute Surface,9,4
15285,635,668,Défensive,6,10
15286,635,176,Défensive,6,9
15287,635,529,Médiane,3,9
15288,635,833,Défensive,10,5
15289,635,571,Médiane,7,13
15290,635,476,Médiane,7,8
15291,635,939,Défensive,9,13
15292,635,434,Médiane,4,9
15293,635,348,Défensive,4,11
15294,635,942,Toute Surface,9,7
15295,635,748,Offensive,9,4
15296,635,147,Médiane,5,13
15297,635,825,Offensive,12,7
15298,635,212,Toute Surface,9,10
15299,635,756,Médiane,11,3
15300,635,211,Médiane,9,13
15301,635,827,Toute Surface,7,9
15302,635,468,Offensive,6,9
15303,636,728,Défensive,0,0
15304,636,213,Défensive,0,0
15305,636,610,Défensive,0,0
15306,636,582,Médiane,7,6
15307,636,723,Médiane,8,8
15308,636,689,Offensive,6,5
15309,636,449,Défensive,8,4
15310,636,668,Défensive,7,13
15311,636,176,Offensive,5,6
15312,636,529,Toute Surface,7,14
15313,636,833,Toute Surface,13,9
15314,636,571,Offensive,8,14
15315,636,476,Offensive,16,8
15316,636,939,Médiane,9,14
15317,636,434,Médiane,11,12
15318,636,348,Médiane,5,18
15319,636,942,Défensive,12,7
15320,636,748,Défensive,15,3
15321,636,147,Toute Surface,8,15
15322,636,825,Offensive,13,3
15323,636,212,Défensive,6,12
15324,636,756,Médiane,13,5
15325,636,211,Médiane,5,22
15326,636,827,Offensive,13,14
15327,636,468,Médiane,5,12
15328,637,728,Défensive,0,0
15329,637,213,Défensive,0,0
15330,637,610,Défensive,0,0
15331,637,582,Défensive,5,14
15332,637,723,Offensive,4,5
15333,637,689,Offensive,6,10
15334,637,449,Toute Surface,11,4
15335,637,668,Offensive,11,13
15336,637,176,Toute Surface,5,15
15337,637,529,Offensive,4,5
15338,637,833,Offensive,13,7
15339,637,571,Défensive,4,12
15340,637,476,Offensive,10,3
15341,637,939,Médiane,11,18
15342,637,434,Toute Surface,7,10
15343,637,348,Offensive,7,15
15344,637,942,Offensive,14,6
15345,637,748,Défensive,12,10
15346,637,147,Toute Surface,4,8
15347,637,825,Toute Surface,9,8
15348,637,212,Toute Surface,7,10
15349,637,756,Médiane,11,6
15350,637,211,Offensive,12,13
15351,637,827,Défensive,6,19
15352,637,468,Défensive,7,17
15353,638,728,Défensive,0,0
15354,638,213,Défensive,0,0
15355,638,610,Défensive,0,0
15356,638,582,Défensive,6,10
15357,638,723,Toute Surface,2,7
15358,638,689,Offensive,2,6
15359,638,449,Toute Surface,11,6
15360,638,668,Médiane,9,12
15361,638,176,Offensive,7,4
15362,638,529,Offensive,2,13
15363,638,833,Médiane,9,4
15364,638,571,Offensive,6,13
15365,638,476,Offensive,11,9
15366,638,939,Médiane,4,12
15367,638,434,Toute Surface,7,16
15368,638,348,Médiane,5,13
15369,638,942,Défensive,7,3
15370,638,748,Offensive,7,3
15371,638,147,Médiane,2,5
15372,638,825,Offensive,9,6
15373,638,212,Toute Surface,7,15
15374,638,756,Défensive,11,7
15375,638,211,Toute Surface,10,10
15376,638,827,Médiane,8,14
15377,638,468,Offensive,10,10
15378,639,728,Défensive,0,0
15379,639,213,Défensive,0,0
15380,639,610,Défensive,0,0
15381,639,582,Médiane,4,12
15382,639,723,Médiane,6,9
15383,639,689,Défensive,3,5
15384,639,449,Offensive,8,5
15385,639,668,Défensive,6,18
15386,639,176,Offensive,7,4
15387,639,529,Défensive,7,5
15388,639,833,Offensive,8,8
15389,639,571,Offensive,7,6
15390,639,476,Offensive,12,2
15391,639,939,Offensive,7,11
15392,639,434,Médiane,8,18
15393,639,348,Médiane,4,17
15394,639,942,Toute Surface,9,8
15395,639,748,Défensive,7,6
15396,639,147,Toute Surface,5,7
15397,639,825,Toute Surface,10,3
15398,639,212,Médiane,10,16
15399,639,756,Médiane,7,5
15400,639,211,Défensive,8,16
15401,639,827,Défensive,9,17
15402,639,468,Offensive,7,11
15403,640,728,Défensive,0,0
15404,640,213,Défensive,0,0
15405,640,610,Défensive,0,0
15406,640,582,Toute Surface,7,11
15407,640,723,Offensive,4,8
15408,640,689,Toute Surface,4,4
15409,640,449,Toute Surface,8,5
15410,640,668,Toute Surface,9,9
15411,640,176,Médiane,2,11
15412,640,529,Médiane,3,9
15413,640,833,Médiane,8,2
15414,640,571,Défensive,2,7
15415,640,476,Défensive,7,7
15416,640,939,Défensive,8,15
15417,640,434,Défensive,6,9
15418,640,348,Médiane,8,15
15419,640,942,Toute Surface,13,8
15420,640,748,Offensive,9,3
15421,640,147,Toute Surface,4,4
15422,640,825,Défensive,8,8
15423,640,212,Offensive,4,11
15424,640,756,Offensive,10,8
15425,640,211,Médiane,9,11
15426,640,827,Offensive,9,9
15427,640,468,Défensive,9,11
15428,641,728,Défensive,0,0
15429,641,213,Défensive,0,0
15430,641,610,Défensive,0,0
15431,641,582,Toute Surface,5,13
15432,641,723,Toute Surface,5,5
15433,641,689,Offensive,5,7
15434,641,449,Défensive,13,4
15435,641,668,Toute Surface,10,13
15436,641,176,Offensive,4,11
15437,641,529,Toute Surface,4,12
15438,641,833,Défensive,12,8
15439,641,571,Offensive,2,4
15440,641,476,Toute Surface,11,6
15441,641,939,Défensive,6,13
15442,641,434,Défensive,6,12
15443,641,348,Toute Surface,5,9
15444,641,942,Offensive,12,5
15445,641,748,Toute Surface,11,9
15446,641,147,Médiane,5,9
15447,641,825,Défensive,10,7
15448,641,212,Médiane,10,14
15449,641,756,Défensive,11,3
15450,641,211,Médiane,10,9
15451,641,827,Défensive,7,12
15452,641,468,Médiane,10,17
15453,642,728,Défensive,0,0
15454,642,213,Défensive,0,0
15455,642,610,Défensive,0,0
15456,642,582,Médiane,6,13
15457,642,723,Défensive,3,14
15458,642,689,Offensive,8,11
15459,642,449,Défensive,8,5
15460,642,668,Offensive,11,15
15461,642,176,Défensive,8,13
15462,642,529,Offensive,8,12
15463,642,833,Défensive,11,4
15464,642,571,Médiane,6,8
15465,642,476,Médiane,10,4
15466,642,939,Médiane,12,15
15467,642,434,Défensive,12,16
15468,642,348,Défensive,8,16
15469,642,942,Défensive,9,6
15470,642,748,Offensive,11,9
15471,642,147,Toute Surface,8,8
15472,642,825,Toute Surface,10,9
15473,642,212,Défensive,8,10
15474,642,756,Toute Surface,12,4
15475,642,211,Défensive,6,12
15476,642,827,Toute Surface,5,19
15477,642,468,Toute Surface,11,19
15478,643,728,Défensive,0,0
15479,643,213,Défensive,0,0
15480,643,610,Défensive,0,0
15481,643,582,Médiane,7,13
15482,643,723,Défensive,7,13
15483,643,689,Médiane,6,13
15484,643,449,Médiane,9,6
15485,643,668,Défensive,7,9
15486,643,176,Défensive,6,5
15487,643,529,Toute Surface,6,9
15488,643,833,Offensive,13,9
15489,643,571,Offensive,2,5
15490,643,476,Médiane,9,9
15491,643,939,Médiane,8,13
15492,643,434,Médiane,5,16
15493,643,348,Médiane,6,12
15494,643,942,Médiane,13,5
15495,643,748,Offensive,9,4
15496,643,147,Offensive,7,4
15497,643,825,Défensive,10,3
15498,643,212,Offensive,4,14
15499,643,756,Offensive,9,5
15500,643,211,Offensive,9,11
15501,643,827,Défensive,6,14
15502,643,468,Toute Surface,9,16
15503,644,728,Défensive,0,0
15504,644,213,Défensive,0,0
15505,644,610,Défensive,0,0
15506,644,582,Toute Surface,6,4
15507,644,723,Médiane,3,11
15508,644,689,Offensive,3,5
15509,644,449,Défensive,10,6
15510,644,668,Défensive,10,16
15511,644,176,Offensive,3,6
15512,644,529,Offensive,6,4
15513,644,833,Offensive,7,2
15514,644,571,Médiane,4,9
15515,644,476,Médiane,7,3
15516,644,939,Toute Surface,10,9
15517,644,434,Médiane,9,12
15518,644,348,Médiane,9,18
15519,644,942,Toute Surface,11,7
15520,644,748,Défensive,9,5
15521,644,147,Offensive,5,5
15522,644,825,Offensive,7,8
15523,644,212,Défensive,7,10
15524,644,756,Offensive,13,7
15525,644,211,Défensive,7,13
15526,644,827,Toute Surface,5,12
15527,644,468,Médiane,7,9
15528,645,728,Défensive,0,0
15529,645,213,Défensive,0,0
15530,645,610,Défensive,0,0
15531,645,582,Défensive,7,15
15532,645,723,Toute Surface,5,14
15533,645,689,Défensive,4,5
15534,645,449,Défensive,12,4
15535,645,668,Médiane,8,22
15536,645,176,Toute Surface,7,12
15537,645,529,Médiane,4,16
15538,645,833,Toute Surface,14,6
15539,645,571,Médiane,8,12
15540,645,476,Médiane,14,3
15541,645,939,Médiane,11,17
15542,645,434,Offensive,11,16
15543,645,348,Offensive,7,13
15544,645,942,Toute Surface,12,5
15545,645,748,Médiane,14,8
15546,645,147,Toute Surface,8,6
15547,645,825,Offensive,12,9
15548,645,212,Offensive,12,20
15549,645,756,Médiane,8,4
15550,645,211,Offensive,6,12
15551,645,827,Médiane,12,13
15552,645,468,Médiane,8,20
15553,646,728,Défensive,0,0
15554,646,213,Défensive,0,0
15555,646,610,Défensive,0,0
15556,646,582,Toute Surface,7,14
15557,646,723,Offensive,4,11
15558,646,689,Offensive,4,14
15559,646,449,Médiane,14,10
15560,646,668,Toute Surface,10,14
15561,646,176,Défensive,5,10
15562,646,529,Défensive,7,7
15563,646,833,Défensive,11,7
15564,646,571,Offensive,8,13
15565,646,476,Offensive,13,9
15566,646,939,Défensive,11,12
15567,646,434,Défensive,12,10
15568,646,348,Offensive,8,16
15569,646,942,Médiane,9,7
15570,646,748,Défensive,11,8
15571,646,147,Défensive,4,11
15572,646,825,Offensive,14,6
15573,646,212,Toute Surface,6,16
15574,646,756,Défensive,13,6
15575,646,211,Offensive,11,13
15576,646,827,Offensive,12,16
15577,646,468,Offensive,8,12
15578,647,728,Défensive,0,0
15579,647,213,Défensive,0,0
15580,647,610,Défensive,0,0
15581,647,582,Médiane,7,12
15582,647,723,Défensive,7,13
15583,647,689,Médiane,8,6
15584,647,449,Médiane,12,6
15585,647,668,Médiane,5,17
15586,647,176,Médiane,5,15
15587,647,529,Médiane,5,11
15588,647,833,Offensive,11,6
15589,647,571,Offensive,4,6
15590,647,476,Offensive,13,6
15591,647,939,Toute Surface,8,10
15592,647,434,Médiane,9,10
15593,647,348,Défensive,7,17
15594,647,942,Défensive,15,8
15595,647,748,Offensive,14,4
15596,647,147,Offensive,3,8
15597,647,825,Toute Surface,14,8
15598,647,212,Toute Surface,11,16
15599,647,756,Offensive,13,5
15600,647,211,Médiane,7,18
15601,647,827,Offensive,12,14
15602,647,468,Défensive,9,20
15603,648,728,Défensive,0,0
15604,648,213,Défensive,0,0
15605,648,610,Défensive,0,0
15606,648,582,Médiane,4,7
15607,648,723,Défensive,3,9
15608,648,689,Offensive,7,9
15609,648,449,Offensive,11,8
15610,648,668,Offensive,7,11
15611,648,176,Offensive,5,4
15612,648,529,Médiane,4,13
15613,648,833,Médiane,12,5
15614,648,571,Médiane,7,10
15615,648,476,Offensive,9,4
15616,648,939,Offensive,6,16
15617,648,434,Offensive,9,18
15618,648,348,Médiane,9,12
15619,648,942,Médiane,11,4
15620,648,748,Défensive,9,9
15621,648,147,Défensive,5,13
15622,648,825,Toute Surface,10,7
15623,648,212,Toute Surface,4,14
15624,648,756,Médiane,11,3
15625,648,211,Toute Surface,9,12
15626,648,827,Défensive,6,13
15627,648,468,Offensive,6,9
15628,649,728,Défensive,0,0
15629,649,213,Défensive,0,0
15630,649,610,Défensive,0,0
15631,649,582,Médiane,7,14
15632,649,723,Toute Surface,6,16
15633,649,689,Toute Surface,7,14
15634,649,449,Défensive,8,3
15635,649,668,Toute Surface,8,16
15636,649,176,Toute Surface,4,13
15637,649,529,Médiane,8,9
15638,649,833,Offensive,14,3
15639,649,571,Défensive,4,7
15640,649,476,Défensive,16,9
15641,649,939,Offensive,9,12
15642,649,434,Toute Surface,12,16
15643,649,348,Défensive,11,22
15644,649,942,Défensive,9,8
15645,649,748,Toute Surface,15,4
15646,649,147,Défensive,7,8
15647,649,825,Médiane,15,6
15648,649,212,Défensive,13,19
15649,649,756,Défensive,11,6
15650,649,211,Offensive,12,13
15651,649,827,Défensive,9,15
15652,649,468,Médiane,8,22
15653,650,728,Défensive,0,0
15654,650,213,Défensive,0,0
15655,650,610,Défensive,0,0
15656,650,582,Défensive,8,13
15657,650,723,Toute Surface,8,14
15658,650,689,Médiane,5,13
15659,650,449,Médiane,16,5
15660,650,668,Toute Surface,8,12
15661,650,176,Offensive,8,7
15662,650,529,Offensive,3,6
15663,650,833,Médiane,15,6
15664,650,571,Médiane,3,7
15665,650,476,Défensive,12,9
15666,650,939,Toute Surface,6,11
15667,650,434,Toute Surface,6,12
15668,650,348,Défensive,6,15
15669,650,942,Défensive,15,6
15670,650,748,Défensive,9,6
15671,650,147,Offensive,8,5
15672,650,825,Offensive,15,5
15673,650,212,Médiane,13,17
15674,650,756,Médiane,15,4
15675,650,211,Défensive,12,15
15676,650,827,Défensive,11,11
15677,650,468,Toute Surface,13,20
15678,651,728,Défensive,0,0
15679,651,213,Défensive,0,0
15680,651,610,Défensive,0,0
15681,651,582,Toute Surface,5,13
15682,651,723,Toute Surface,5,10
15683,651,689,Médiane,4,11
15684,651,449,Médiane,13,5
15685,651,668,Toute Surface,6,14
15686,651,176,Défensive,8,6
15687,651,529,Médiane,4,11
15688,651,833,Médiane,10,6
15689,651,571,Médiane,7,12
15690,651,476,Offensive,13,9
15691,651,939,Défensive,7,11
15692,651,434,Offensive,10,20
15693,651,348,Médiane,7,19
15694,651,942,Défensive,9,8
15695,651,748,Toute Surface,9,6
15696,651,147,Médiane,7,11
15697,651,825,Toute Surface,13,7
15698,651,212,Médiane,5,18
15699,651,756,Médiane,15,4
15700,651,211,Défensive,12,14
15701,651,827,Offensive,6,19
15702,651,468,Toute Surface,6,17
15703,652,728,Défensive,0,0
15704,652,213,Défensive,0,0
15705,652,610,Défensive,0,0
15706,652,582,Défensive,6,7
15707,652,723,Offensive,8,9
15708,652,689,Médiane,8,15
15709,652,449,Offensive,13,11
15710,652,668,Offensive,7,12
15711,652,176,Défensive,5,13
15712,652,529,Défensive,4,15
15713,652,833,Toute Surface,15,8
15714,652,571,Médiane,6,8
15715,652,476,Toute Surface,13,3
15716,652,939,Médiane,13,12
15717,652,434,Offensive,6,16
15718,652,348,Offensive,11,20
15719,652,942,Toute Surface,15,3
15720,652,748,Défensive,15,8
15721,652,147,Offensive,5,5
15722,652,825,Médiane,15,9
15723,652,212,Offensive,5,12
15724,652,756,Offensive,15,7
15725,652,211,Médiane,11,12
15726,652,827,Offensive,6,12
15727,652,468,Défensive,6,22
15728,653,728,Défensive,0,0
15729,653,213,Défensive,0,0
15730,653,610,Défensive,0,0
15731,653,582,Offensive,4,13
15732,653,723,Médiane,7,5
15733,653,689,Offensive,5,16
15734,653,449,Toute Surface,13,9
15735,653,668,Défensive,11,11
15736,653,176,Médiane,8,14
15737,653,529,Médiane,5,9
15738,653,833,Offensive,8,11
15739,653,571,Médiane,8,15
15740,653,476,Toute Surface,13,5
15741,653,939,Toute Surface,9,19
15742,653,434,Médiane,9,22
15743,653,348,Défensive,7,17
15744,653,942,Défensive,14,7
15745,653,748,Médiane,16,3
15746,653,147,Offensive,5,9
15747,653,825,Défensive,12,6
15748,653,212,Offensive,6,12
15749,653,756,Défensive,8,4
15750,653,211,Offensive,5,16
15751,653,827,Toute Surface,5,22
15752,653,468,Défensive,7,17
15753,654,728,Défensive,0,0
15754,654,213,Défensive,0,0
15755,654,610,Défensive,0,0
15756,654,582,Toute Surface,8,14
15757,654,723,Médiane,3,6
15758,654,689,Offensive,8,5
15759,654,449,Défensive,15,6
15760,654,668,Médiane,9,14
15761,654,176,Toute Surface,4,15
15762,654,529,Toute Surface,3,5
15763,654,833,Médiane,9,6
15764,654,571,Toute Surface,7,11
15765,654,476,Médiane,14,8
15766,654,939,Toute Surface,9,12
15767,654,434,Toute Surface,6,18
15768,654,348,Offensive,5,12
15769,654,942,Défensive,9,5
15770,654,748,Défensive,15,5
15771,654,147,Médiane,5,15
15772,654,825,Défensive,13,6
15773,654,212,Toute Surface,7,11
15774,654,756,Toute Surface,14,3
15775,654,211,Médiane,12,18
15776,654,827,Défensive,11,18
15777,654,468,Défensive,5,13
15778,655,728,Défensive,0,0
15779,655,213,Défensive,0,0
15780,655,610,Défensive,0,0
15781,655,582,Offensive,5,9
15782,655,723,Médiane,4,9
15783,655,689,Offensive,4,7
15784,655,449,Médiane,9,2
15785,655,668,Médiane,9,18
15786,655,176,Toute Surface,7,10
15787,655,529,Défensive,3,10
15788,655,833,Médiane,8,2
15789,655,571,Toute Surface,6,9
15790,655,476,Défensive,13,4
15791,655,939,Toute Surface,6,11
15792,655,434,Défensive,7,14
15793,655,348,Offensive,7,9
15794,655,942,Médiane,9,6
15795,655,748,Toute Surface,9,6
15796,655,147,Offensive,7,5
15797,655,825,Offensive,9,4
15798,655,212,Défensive,9,16
15799,655,756,Médiane,7,4
15800,655,211,Défensive,7,12
15801,655,827,Offensive,7,9
15802,655,468,Défensive,6,12
15803,656,728,Défensive,0,0
15804,656,213,Défensive,0,0
15805,656,610,Défensive,0,0
15806,656,582,Défensive,7,16
15807,656,723,Défensive,5,9
15808,656,689,Médiane,3,11
15809,656,449,Offensive,15,6
15810,656,668,Offensive,8,14
15811,656,176,Toute Surface,6,13
15812,656,529,Offensive,8,7
15813,656,833,Toute Surface,9,9
15814,656,571,Offensive,7,15
15815,656,476,Défensive,9,11
15816,656,939,Toute Surface,12,22
15817,656,434,Toute Surface,11,13
15818,656,348,Défensive,13,19
15819,656,942,Offensive,8,9
15820,656,748,Offensive,11,11
15821,656,147,Toute Surface,8,11
15822,656,825,Offensive,14,5
15823,656,212,Toute Surface,12,13
15824,656,756,Toute Surface,9,9
15825,656,211,Défensive,11,18
15826,656,827,Médiane,6,14
15827,656,468,Médiane,7,15
15828,657,728,Défensive,0,0
15829,657,213,Défensive,0,0
15830,657,610,Défensive,0,0
15831,657,582,Toute Surface,4,5
15832,657,723,Offensive,3,9
15833,657,689,Toute Surface,5,5
15834,657,449,Médiane,13,7
15835,657,668,Offensive,8,13
15836,657,176,Médiane,7,11
15837,657,529,Toute Surface,4,13
15838,657,833,Médiane,10,3
15839,657,571,Défensive,6,9
15840,657,476,Offensive,7,2
15841,657,939,Toute Surface,10,14
15842,657,434,Médiane,7,18
15843,657,348,Défensive,10,18
15844,657,942,Défensive,9,4
15845,657,748,Défensive,9,2
15846,657,147,Médiane,7,4
15847,657,825,Offensive,11,3
15848,657,212,Défensive,9,9
15849,657,756,Médiane,7,7
15850,657,211,Toute Surface,6,10
15851,657,827,Défensive,5,9
15852,657,468,Défensive,9,9
15853,658,728,Défensive,0,0
15854,658,213,Défensive,0,0
15855,658,610,Défensive,0,0
15856,658,582,Toute Surface,8,16
15857,658,723,Toute Surface,5,13
15858,658,689,Médiane,3,15
15859,658,449,Offensive,14,6
15860,658,668,Toute Surface,9,12
15861,658,176,Médiane,5,11
15862,658,529,Toute Surface,5,13
15863,658,833,Offensive,8,6
15864,658,571,Médiane,3,11
15865,658,476,Défensive,12,8
15866,658,939,Défensive,9,19
15867,658,434,Médiane,11,19
15868,658,348,Médiane,9,20
15869,658,942,Offensive,13,4
15870,658,748,Défensive,13,4
15871,658,147,Toute Surface,7,14
15872,658,825,Toute Surface,9,4
15873,658,212,Toute Surface,8,20
15874,658,756,Toute Surface,16,9
15875,658,211,Défensive,6,13
15876,658,827,Toute Surface,12,14
15877,658,468,Défensive,13,14
15878,659,728,Défensive,0,0
15879,659,213,Défensive,0,0
15880,659,610,Défensive,0,0
15881,659,582,Médiane,6,5
15882,659,723,Défensive,3,6
15883,659,689,Toute Surface,8,8
15884,659,449,Toute Surface,15,9
15885,659,668,Toute Surface,11,16
15886,659,176,Toute Surface,4,7
15887,659,529,Médiane,3,12
15888,659,833,Toute Surface,8,7
15889,659,571,Défensive,5,12
15890,659,476,Toute Surface,9,6
15891,659,939,Toute Surface,13,11
15892,659,434,Médiane,9,14
15893,659,348,Offensive,5,19
15894,659,942,Offensive,9,5
15895,659,748,Défensive,14,8
15896,659,147,Défensive,5,12
15897,659,825,Défensive,14,6
15898,659,212,Médiane,8,18
15899,659,756,Toute Surface,15,9
15900,659,211,Toute Surface,8,22
15901,659,827,Offensive,8,15
15902,659,468,Offensive,6,17
15903,660,728,Défensive,0,0
15904,660,213,Défensive,0,0
15905,660,610,Défensive,0,0
15906,660,582,Médiane,6,4
15907,660,723,Offensive,7,11
15908,660,689,Défensive,5,11
15909,660,449,Offensive,9,3
15910,660,668,Défensive,9,13
15911,660,176,Défensive,2,13
15912,660,529,Toute Surface,7,11
15913,660,833,Médiane,12,4
15914,660,571,Toute Surface,6,7
15915,660,476,Toute Surface,13,9
15916,660,939,Défensive,4,10
15917,660,434,Défensive,8,15
15918,660,348,Offensive,9,15
15919,660,942,Défensive,12,9
15920,660,748,Médiane,9,4
15921,660,147,Toute Surface,5,8
15922,660,825,Défensive,13,5
15923,660,212,Médiane,8,9
15924,660,756,Défensive,7,4
15925,660,211,Toute Surface,6,9
15926,660,827,Médiane,7,14
15927,660,468,Défensive,7,9
15928,661,728,Défensive,0,0
15929,661,213,Défensive,0,0
15930,661,610,Défensive,0,0
15931,661,582,Médiane,7,9
15932,661,723,Toute Surface,3,11
15933,661,689,Médiane,2,8
15934,661,449,Toute Surface,13,3
15935,661,668,Toute Surface,7,9
15936,661,176,Défensive,4,4
15937,661,529,Offensive,6,10
15938,661,833,Offensive,9,7
15939,661,571,Toute Surface,3,8
15940,661,476,Médiane,8,9
15941,661,939,Défensive,7,13
15942,661,434,Médiane,5,18
15943,661,348,Offensive,5,10
15944,661,942,Médiane,13,6
15945,661,748,Médiane,9,4
15946,661,147,Toute Surface,2,13
15947,661,825,Défensive,7,9
15948,661,212,Médiane,7,9
15949,661,756,Toute Surface,9,4
15950,661,211,Toute Surface,10,9
15951,661,827,Offensive,9,14
15952,661,468,Toute Surface,7,13
15953,662,728,Défensive,0,0
15954,662,213,Défensive,0,0
15955,662,610,Défensive,0,0
15956,662,582,Défensive,4,11
15957,662,723,Offensive,5,8
15958,662,689,Offensive,5,9
15959,662,449,Offensive,10,9
15960,662,668,Défensive,7,18
15961,662,176,Toute Surface,3,7
15962,662,529,Offensive,6,10
15963,662,833,Offensive,9,3
15964,662,571,Toute Surface,6,4
15965,662,476,Médiane,13,6
15966,662,939,Médiane,10,10
15967,662,434,Médiane,6,15
15968,662,348,Médiane,8,13
15969,662,942,Offensive,9,6
15970,662,748,Offensive,9,9
15971,662,147,Défensive,5,8
15972,662,825,Offensive,12,9
15973,662,212,Médiane,6,18
15974,662,756,Offensive,11,9
15975,662,211,Médiane,10,10
15976,662,827,Toute Surface,9,15
15977,662,468,Défensive,6,9
15978,663,728,Défensive,0,0
15979,663,213,Défensive,0,0
15980,663,610,Défensive,0,0
15981,663,582,Défensive,6,11
15982,663,723,Toute Surface,5,4
15983,663,689,Défensive,7,9
15984,663,449,Toute Surface,9,6
15985,663,668,Défensive,7,17
15986,663,176,Défensive,4,9
15987,663,529,Défensive,2,10
15988,663,833,Médiane,13,9
15989,663,571,Offensive,2,6
15990,663,476,Défensive,9,4
15991,663,939,Médiane,5,14
15992,663,434,Offensive,7,17
15993,663,348,Défensive,9,16
15994,663,942,Toute Surface,9,4
15995,663,748,Médiane,11,9
15996,663,147,Médiane,5,10
15997,663,825,Offensive,9,2
15998,663,212,Médiane,9,14
15999,663,756,Offensive,10,6
16000,663,211,Offensive,4,9
16001,663,827,Médiane,4,15
16002,663,468,Offensive,8,16
16003,664,728,Défensive,0,0
16004,664,213,Défensive,0,0
16005,664,610,Défensive,0,0
16006,664,582,Défensive,3,5
16007,664,723,Offensive,5,9
16008,664,689,Défensive,4,5
16009,664,449,Toute Surface,12,4
16010,664,668,Défensive,7,18
16011,664,176,Toute Surface,7,12
16012,664,529,Défensive,4,7
16013,664,833,Médiane,12,2
16014,664,571,Toute Surface,3,8
16015,664,476,Toute Surface,11,9
16016,664,939,Défensive,9,9
16017,664,434,Défensive,10,17
16018,664,348,Médiane,8,12
16019,664,942,Médiane,8,8
16020,664,748,Offensive,10,5
16021,664,147,Médiane,2,11
16022,664,825,Défensive,9,9
16023,664,212,Défensive,10,11
16024,664,756,Défensive,10,4
16025,664,211,Médiane,7,9
16026,664,827,Toute Surface,8,10
16027,664,468,Médiane,7,14
16028,665,728,Défensive,0,0
16029,665,213,Défensive,0,0
16030,665,610,Défensive,0,0
16031,665,582,Défensive,5,13
16032,665,723,Toute Surface,7,11
16033,665,689,Défensive,6,12
16034,665,449,Offensive,8,6
16035,665,668,Médiane,7,14
16036,665,176,Offensive,5,12
16037,665,529,Médiane,4,13
16038,665,833,Médiane,7,6
16039,665,571,Défensive,6,6
16040,665,476,Toute Surface,7,7
16041,665,939,Médiane,4,10
16042,665,434,Médiane,8,12
16043,665,348,Toute Surface,9,16
16044,665,942,Toute Surface,11,3
16045,665,748,Médiane,9,6
16046,665,147,Toute Surface,6,9
16047,665,825,Offensive,12,2
16048,665,212,Défensive,7,15
16049,665,756,Offensive,8,3
16050,665,211,Médiane,4,17
16051,665,827,Médiane,4,18
16052,665,468,Toute Surface,8,12
16053,666,728,Défensive,0,0
16054,666,213,Défensive,0,0
16055,666,610,Défensive,0,0
16056,666,582,Toute Surface,7,15
16057,666,723,Offensive,7,9
16058,666,689,Défensive,5,14
16059,666,449,Défensive,11,6
16060,666,668,Toute Surface,6,17
16061,666,176,Offensive,8,6
16062,666,529,Médiane,6,9
16063,666,833,Défensive,13,6
16064,666,571,Défensive,7,8
16065,666,476,Toute Surface,12,4
16066,666,939,Défensive,12,15
16067,666,434,Offensive,12,14
16068,666,348,Défensive,9,20
16069,666,942,Médiane,9,9
16070,666,748,Offensive,9,5
16071,666,147,Offensive,3,7
16072,666,825,Offensive,9,4
16073,666,212,Médiane,11,18
16074,666,756,Défensive,9,9
16075,666,211,Défensive,8,18
16076,666,827,Offensive,10,12
16077,666,468,Toute Surface,7,11
16078,667,728,Défensive,0,0
16079,667,213,Défensive,0,0
16080,667,610,Défensive,0,0
16081,667,582,Défensive,8,9
16082,667,723,Offensive,7,12
16083,667,689,Défensive,5,15
16084,667,449,Défensive,10,6
16085,667,668,Défensive,7,19
16086,667,176,Défensive,5,13
16087,667,529,Toute Surface,5,11
16088,667,833,Toute Surface,9,4
16089,667,571,Toute Surface,8,15
16090,667,476,Offensive,12,3
16091,667,939,Défensive,9,15
16092,667,434,Toute Surface,10,10
16093,667,348,Défensive,6,10
16094,667,942,Médiane,15,4
16095,667,748,Médiane,13,10
16096,667,147,Offensive,8,12
16097,667,825,Offensive,9,6
16098,667,212,Médiane,9,13
16099,667,756,Médiane,12,8
16100,667,211,Médiane,8,13
16101,667,827,Médiane,9,17
16102,667,468,Défensive,8,17
16103,668,728,Défensive,0,0
16104,668,213,Défensive,0,0
16105,668,610,Défensive,0,0
16106,668,582,Toute Surface,3,5
16107,668,723,Défensive,5,8
16108,668,689,Toute Surface,4,6
16109,668,449,Toute Surface,13,4
16110,668,668,Toute Surface,12,14
16111,668,176,Défensive,3,14
16112,668,529,Toute Surface,8,14
16113,668,833,Offensive,11,4
16114,668,571,Offensive,6,11
16115,668,476,Toute Surface,9,3
16116,668,939,Toute Surface,5,12
16117,668,434,Médiane,12,19
16118,668,348,Défensive,9,16
16119,668,942,Toute Surface,14,10
16120,668,748,Toute Surface,12,10
16121,668,147,Défensive,6,13
16122,668,825,Défensive,13,5
16123,668,212,Médiane,8,18
16124,668,756,Toute Surface,13,4
16125,668,211,Défensive,11,16
16126,668,827,Toute Surface,12,20
16127,668,468,Offensive,8,17
16128,669,237,Aucune,0,0
16129,669,573,Défensive,0,0
16130,669,886,Aucune,0,0
16131,669,491,Défensive,5,16
16132,669,428,Offensive,13,11
16133,669,774,Toute Surface,14,8
16134,669,311,Aucune,0,0
16135,669,968,Aucune,0,0
16136,669,204,Défensive,7,20
16137,669,42,Aucune,0,0
16138,669,297,Toute Surface,4,7
16139,669,669,Offensive,13,12
16140,669,578,Médiane,9,18
16141,669,810,Défensive,9,22
16142,669,162,Défensive,7,11
16143,669,621,Aucune,0,0
16144,669,115,Offensive,7,12
16145,669,98,Toute Surface,5,18
16146,669,527,Aucune,0,0
16147,669,646,Défensive,5,20
16148,669,793,Offensive,14,4
16149,669,229,Offensive,13,4
16150,669,269,Aucune,0,0
16151,669,359,Aucune,0,0
16152,669,461,Médiane,8,9
16153,670,237,Défensive,0,0
16154,670,573,Défensive,0,0
16155,670,886,Aucune,0,0
16156,670,491,Défensive,8,18
16157,670,428,Toute Surface,8,8
16158,670,774,Médiane,12,9
16159,670,311,Médiane,13,9
16160,670,968,Aucune,0,0
16161,670,204,Toute Surface,9,17
16162,670,42,Aucune,0,0
16163,670,297,Toute Surface,6,14
16164,670,669,Offensive,7,16
16165,670,578,Défensive,8,19
16166,670,810,Toute Surface,8,18
16167,670,162,Médiane,5,18
16168,670,621,Offensive,4,11
16169,670,115,Défensive,6,9
16170,670,98,Toute Surface,11,18
16171,670,527,Offensive,12,9
16172,670,646,Offensive,6,18
16173,670,793,Toute Surface,9,11
16174,670,229,Médiane,11,9
16175,670,269,Médiane,12,11
16176,670,359,Aucune,0,0
16177,670,461,Toute Surface,6,16
16178,671,237,Défensive,0,0
16179,671,573,Défensive,0,0
16180,671,886,Aucune,0,0
16181,671,491,Offensive,6,18
16182,671,428,Médiane,10,8
16183,671,774,Offensive,13,8
16184,671,311,Offensive,15,7
16185,671,968,Aucune,0,0
16186,671,204,Défensive,8,15
16187,671,42,Aucune,0,0
16188,671,297,Défensive,3,9
16189,671,669,Toute Surface,12,12
16190,671,578,Offensive,7,16
16191,671,810,Défensive,6,13
16192,671,162,Toute Surface,8,15
16193,671,621,Offensive,7,10
16194,671,115,Défensive,7,14
16195,671,98,Défensive,8,18
16196,671,527,Toute Surface,12,8
16197,671,646,Médiane,6,12
16198,671,793,Défensive,8,7
16199,671,229,Défensive,12,8
16200,671,269,Toute Surface,13,9
16201,671,359,Aucune,0,0
16202,671,461,Toute Surface,8,6
16203,672,237,Défensive,0,0
16204,672,573,Défensive,0,0
16205,672,886,Défensive,0,0
16206,672,491,Défensive,9,18
16207,672,428,Toute Surface,11,9
16208,672,774,Médiane,10,5
16209,672,311,Médiane,11,3
16210,672,968,Aucune,0,0
16211,672,204,Défensive,9,11
16212,672,42,Offensive,8,18
16213,672,297,Médiane,6,8
16214,672,669,Médiane,5,12
16215,672,578,Défensive,9,9
16216,672,810,Défensive,5,15
16217,672,162,Médiane,5,16
16218,672,621,Toute Surface,4,5
16219,672,115,Médiane,6,4
16220,672,98,Offensive,4,9
16221,672,527,Toute Surface,13,4
16222,672,646,Médiane,9,9
16223,672,793,Défensive,10,7
16224,672,229,Offensive,10,3
16225,672,269,Offensive,11,6
16226,672,359,Toute Surface,10,8
16227,672,461,Médiane,4,12
16228,673,237,Défensive,0,0
16229,673,573,Défensive,0,0
16230,673,886,Défensive,0,0
16231,673,491,Défensive,8,12
16232,673,428,Défensive,12,9
16233,673,774,Médiane,11,8
16234,673,311,Offensive,13,4
16235,673,968,Médiane,5,5
16236,673,204,Toute Surface,11,17
16237,673,42,Offensive,5,19
16238,673,297,Médiane,3,9
16239,673,669,Défensive,8,20
16240,673,578,Toute Surface,11,20
16241,673,810,Offensive,11,20
16242,673,162,Toute Surface,13,17
16243,673,621,Défensive,6,12
16244,673,115,Médiane,5,6
16245,673,98,Toute Surface,5,12
16246,673,527,Défensive,12,3
16247,673,646,Médiane,11,16
16248,673,793,Toute Surface,13,5
16249,673,229,Médiane,8,9
16250,673,269,Toute Surface,14,7
16251,673,359,Défensive,16,7
16252,673,461,Médiane,3,8
16253,674,237,Défensive,0,0
16254,674,573,Défensive,0,0
16255,674,886,Défensive,0,0
16256,674,491,Offensive,6,13
16257,674,428,Défensive,12,4
16258,674,774,Médiane,8,9
16259,674,311,Toute Surface,11,4
16260,674,968,Défensive,4,7
16261,674,204,Défensive,5,12
16262,674,42,Offensive,8,17
16263,674,297,Médiane,8,5
16264,674,669,Toute Surface,8,20
16265,674,578,Offensive,11,13
16266,674,810,Offensive,7,16
16267,674,162,Défensive,5,16
16268,674,621,Offensive,8,6
16269,674,115,Défensive,6,6
16270,674,98,Toute Surface,7,15
16271,674,527,Offensive,12,7
16272,674,646,Défensive,11,18
16273,674,793,Médiane,14,5
16274,674,229,Offensive,14,7
16275,674,269,Toute Surface,9,11
16276,674,359,Médiane,15,9
16277,674,461,Défensive,4,14
16278,675,237,Défensive,0,0
16279,675,573,Défensive,0,0
16280,675,886,Défensive,0,0
16281,675,491,Toute Surface,9,17
16282,675,428,Défensive,11,8
16283,675,774,Médiane,11,9
16284,675,311,Offensive,9,8
16285,675,968,Toute Surface,4,6
16286,675,204,Défensive,13,16
16287,675,42,Médiane,7,13
16288,675,297,Offensive,8,5
16289,675,669,Médiane,9,11
16290,675,578,Défensive,11,14
16291,675,810,Toute Surface,6,22
16292,675,162,Toute Surface,7,11
16293,675,621,Médiane,7,14
16294,675,115,Défensive,6,9
16295,675,98,Toute Surface,7,19
16296,675,527,Toute Surface,13,8
16297,675,646,Médiane,9,22
16298,675,793,Toute Surface,9,5
16299,675,229,Toute Surface,15,4
16300,675,269,Défensive,16,3
16301,675,359,Toute Surface,11,8
16302,675,461,Médiane,6,13
16303,676,237,Défensive,0,0
16304,676,573,Défensive,0,0
16305,676,886,Défensive,0,0
16306,676,491,Défensive,11,19
16307,676,428,Médiane,11,8
16308,676,774,Offensive,16,4
16309,676,311,Toute Surface,12,8
16310,676,968,Offensive,3,8
16311,676,204,Médiane,12,20
16312,676,42,Médiane,12,18
16313,676,297,Défensive,6,15
16314,676,669,Défensive,6,11
16315,676,578,Défensive,13,12
16316,676,810,Médiane,7,22
16317,676,162,Défensive,11,14
16318,676,621,Toute Surface,5,16
16319,676,115,Défensive,8,6
16320,676,98,Offensive,5,18
16321,676,527,Défensive,11,9
16322,676,646,Médiane,9,15
16323,676,793,Offensive,9,4
16324,676,229,Médiane,13,9
16325,676,269,Toute Surface,15,9
16326,676,359,Médiane,9,3
16327,676,461,Toute Surface,8,13
16328,677,237,Défensive,0,0
16329,677,573,Défensive,0,0
16330,677,886,Défensive,0,0
16331,677,491,Médiane,9,12
16332,677,428,Défensive,12,8
16333,677,774,Défensive,10,7
16334,677,311,Offensive,9,8
16335,677,968,Toute Surface,3,11
16336,677,204,Défensive,6,17
16337,677,42,Toute Surface,7,12
16338,677,297,Défensive,6,7
16339,677,669,Médiane,5,18
16340,677,578,Toute Surface,5,14
16341,677,810,Offensive,8,9
16342,677,162,Défensive,7,16
16343,677,621,Toute Surface,2,5
16344,677,115,Offensive,3,8
16345,677,98,Médiane,6,13
16346,677,527,Défensive,9,2
16347,677,646,Offensive,5,16
16348,677,793,Défensive,9,4
16349,677,229,Médiane,13,3
16350,677,269,Toute Surface,13,4
16351,677,359,Offensive,11,5
16352,677,461,Défensive,6,5
16353,678,237,Défensive,0,0
16354,678,573,Défensive,0,0
16355,678,886,Défensive,0,0
16356,678,491,Défensive,12,11
16357,678,428,Médiane,8,8
16358,678,774,Médiane,11,8
16359,678,311,Toute Surface,9,10
16360,678,968,Offensive,7,5
16361,678,204,Médiane,6,13
16362,678,42,Médiane,9,14
16363,678,297,Défensive,3,6
16364,678,669,Défensive,11,19
16365,678,578,Défensive,5,18
16366,678,810,Toute Surface,11,17
16367,678,162,Défensive,8,20
16368,678,621,Médiane,8,5
16369,678,115,Défensive,5,11
16370,678,98,Défensive,5,12
16371,678,527,Toute Surface,11,5
16372,678,646,Défensive,6,19
16373,678,793,Médiane,10,3
16374,678,229,Toute Surface,9,5
16375,678,269,Toute Surface,10,5
16376,678,359,Toute Surface,13,8
16377,678,461,Toute Surface,4,6
16378,679,237,Défensive,0,0
16379,679,573,Défensive,0,0
16380,679,886,Défensive,0,0
16381,679,491,Défensive,9,9
16382,679,428,Offensive,13,6
16383,679,774,Médiane,7,3
16384,679,311,Toute Surface,8,5
16385,679,968,Offensive,7,10
16386,679,204,Médiane,10,12
16387,679,42,Offensive,7,11
16388,679,297,Défensive,7,13
16389,679,669,Offensive,8,17
16390,679,578,Défensive,7,14
16391,679,810,Défensive,10,16
16392,679,162,Offensive,5,15
16393,679,621,Médiane,3,6
16394,679,115,Offensive,2,9
16395,679,98,Offensive,6,9
16396,679,527,Toute Surface,7,3
16397,679,646,Médiane,4,9
16398,679,793,Toute Surface,7,9
16399,679,229,Défensive,13,2
16400,679,269,Offensive,7,5
16401,679,359,Toute Surface,8,4
16402,679,461,Offensive,2,8
16403,680,237,Défensive,0,0
16404,680,573,Défensive,0,0
16405,680,886,Défensive,0,0
16406,680,491,Toute Surface,8,19
16407,680,428,Défensive,11,4
16408,680,774,Toute Surface,12,5
16409,680,311,Offensive,13,9
16410,680,968,Toute Surface,6,8
16411,680,204,Toute Surface,7,10
16412,680,42,Offensive,11,17
16413,680,297,Défensive,7,12
16414,680,669,Toute Surface,10,11
16415,680,578,Toute Surface,10,20
16416,680,810,Médiane,5,10
16417,680,162,Défensive,6,10
16418,680,621,Offensive,6,13
16419,680,115,Toute Surface,7,12
16420,680,98,Toute Surface,8,15
16421,680,527,Toute Surface,13,6
16422,680,646,Offensive,10,19
16423,680,793,Toute Surface,15,10
16424,680,229,Offensive,8,9
16425,680,269,Toute Surface,9,9
16426,680,359,Offensive,10,9
16427,680,461,Toute Surface,8,11
16428,681,237,Défensive,0,0
16429,681,573,Défensive,0,0
16430,681,886,Défensive,0,0
16431,681,491,Toute Surface,5,18
16432,681,428,Défensive,8,2
16433,681,774,Offensive,12,3
16434,681,311,Toute Surface,11,4
16435,681,968,Toute Surface,4,4
16436,681,204,Défensive,9,12
16437,681,42,Médiane,5,14
16438,681,297,Offensive,7,9
16439,681,669,Médiane,10,10
16440,681,578,Défensive,9,9
16441,681,810,Défensive,10,15
16442,681,162,Toute Surface,9,13
16443,681,621,Médiane,5,7
16444,681,115,Toute Surface,2,8
16445,681,98,Médiane,4,14
16446,681,527,Toute Surface,10,4
16447,681,646,Offensive,6,9
16448,681,793,Médiane,13,8
16449,681,229,Médiane,12,3
16450,681,269,Médiane,10,5
16451,681,359,Médiane,8,7
16452,681,461,Défensive,5,7
16453,682,237,Défensive,0,0
16454,682,573,Défensive,0,0
16455,682,886,Défensive,0,0
16456,682,491,Médiane,6,9
16457,682,428,Défensive,10,5
16458,682,774,Toute Surface,7,7
16459,682,311,Offensive,10,7
16460,682,968,Toute Surface,7,9
16461,682,204,Toute Surface,9,18
16462,682,42,Offensive,7,10
16463,682,297,Offensive,4,8
16464,682,669,Toute Surface,6,13
16465,682,578,Médiane,6,9
16466,682,810,Défensive,6,14
16467,682,162,Toute Surface,4,10
16468,682,621,Offensive,7,12
16469,682,115,Médiane,5,4
16470,682,98,Toute Surface,10,9
16471,682,527,Offensive,13,2
16472,682,646,Toute Surface,8,10
16473,682,793,Offensive,9,9
16474,682,229,Toute Surface,11,4
16475,682,269,Offensive,10,7
16476,682,359,Défensive,8,4
16477,682,461,Offensive,2,11
16478,683,237,Défensive,0,0
16479,683,573,Défensive,0,0
16480,683,886,Défensive,0,0
16481,683,491,Défensive,9,9
16482,683,428,Médiane,13,5
16483,683,774,Défensive,10,4
16484,683,311,Médiane,13,4
16485,683,968,Médiane,4,10
16486,683,204,Défensive,6,16
16487,683,42,Défensive,7,10
16488,683,297,Défensive,2,9
16489,683,669,Toute Surface,4,10
16490,683,578,Toute Surface,10,15
16491,683,810,Offensive,9,15
16492,683,162,Défensive,9,10
16493,683,621,Médiane,4,11
16494,683,115,Défensive,2,5
16495,683,98,Offensive,8,11
16496,683,527,Offensive,9,3
16497,683,646,Défensive,5,10
16498,683,793,Toute Surface,9,9
16499,683,229,Offensive,13,4
16500,683,269,Défensive,7,2
16501,683,359,Défensive,8,9
16502,683,461,Défensive,7,12
16503,684,237,Défensive,0,0
16504,684,573,Défensive,0,0
16505,684,886,Défensive,0,0
16506,684,491,Défensive,5,22
16507,684,428,Défensive,12,9
16508,684,774,Offensive,14,8
16509,684,311,Offensive,14,9
16510,684,968,Défensive,8,5
16511,684,204,Médiane,5,20
16512,684,42,Défensive,5,15
16513,684,297,Offensive,7,7
16514,684,669,Défensive,11,16
16515,684,578,Offensive,12,18
16516,684,810,Médiane,8,18
16517,684,162,Toute Surface,13,15
16518,684,621,Défensive,6,5
16519,684,115,Offensive,6,13
16520,684,98,Défensive,9,17
16521,684,527,Défensive,15,3
16522,684,646,Offensive,7,13
16523,684,793,Offensive,15,8
16524,684,229,Toute Surface,14,7
16525,684,269,Offensive,12,3
16526,684,359,Offensive,14,3
16527,684,461,Toute Surface,8,6
16528,685,237,Défensive,0,0
16529,685,573,Défensive,0,0
16530,685,886,Défensive,0,0
16531,685,491,Défensive,10,17
16532,685,428,Offensive,10,8
16533,685,774,Défensive,10,6
16534,685,311,Toute Surface,12,2
16535,685,968,Médiane,5,5
16536,685,204,Toute Surface,4,9
16537,685,42,Défensive,7,16
16538,685,297,Défensive,4,13
16539,685,669,Toute Surface,4,17
16540,685,578,Défensive,6,17
16541,685,810,Offensive,6,15
16542,685,162,Toute Surface,9,14
16543,685,621,Médiane,3,12
16544,685,115,Défensive,2,12
16545,685,98,Offensive,9,16
16546,685,527,Toute Surface,9,7
16547,685,646,Toute Surface,5,9
16548,685,793,Défensive,8,3
16549,685,229,Offensive,8,9
16550,685,269,Défensive,10,5
16551,685,359,Défensive,9,9
16552,685,461,Offensive,5,5
16553,686,237,Défensive,0,0
16554,686,573,Défensive,0,0
16555,686,886,Défensive,0,0
16556,686,491,Défensive,11,11
16557,686,428,Offensive,13,3
16558,686,774,Défensive,13,3
16559,686,311,Toute Surface,8,8
16560,686,968,Médiane,4,15
16561,686,204,Défensive,13,17
16562,686,42,Toute Surface,9,20
16563,686,297,Défensive,7,8
16564,686,669,Défensive,8,20
16565,686,578,Toute Surface,7,13
16566,686,810,Toute Surface,12,16
16567,686,162,Défensive,9,20
16568,686,621,Toute Surface,3,15
16569,686,115,Médiane,8,12
16570,686,98,Défensive,11,12
16571,686,527,Défensive,15,6
16572,686,646,Médiane,13,12
16573,686,793,Médiane,12,9
16574,686,229,Toute Surface,14,9
16575,686,269,Toute Surface,11,6
16576,686,359,Défensive,11,3
16577,686,461,Défensive,3,14
16578,687,237,Défensive,0,0
16579,687,573,Défensive,0,0
16580,687,886,Défensive,0,0
16581,687,491,Offensive,8,15
16582,687,428,Offensive,9,3
16583,687,774,Offensive,12,3
16584,687,311,Toute Surface,12,5
16585,687,968,Toute Surface,7,4
16586,687,204,Médiane,5,14
16587,687,42,Médiane,7,15
16588,687,297,Médiane,3,9
16589,687,669,Toute Surface,10,18
16590,687,578,Défensive,8,17
16591,687,810,Défensive,9,9
16592,687,162,Défensive,5,10
16593,687,621,Toute Surface,5,7
16594,687,115,Défensive,7,11
16595,687,98,Médiane,6,13
16596,687,527,Médiane,9,2
16597,687,646,Défensive,6,13
16598,687,793,Défensive,8,6
16599,687,229,Offensive,9,4
16600,687,269,Médiane,12,5
16601,687,359,Défensive,12,5
16602,687,461,Toute Surface,4,10
16603,688,237,Défensive,0,0
16604,688,573,Défensive,0,0
16605,688,886,Défensive,0,0
16606,688,491,Offensive,5,18
16607,688,428,Médiane,8,4
16608,688,774,Offensive,8,6
16609,688,311,Médiane,7,5
16610,688,968,Médiane,5,12
16611,688,204,Offensive,9,18
16612,688,42,Médiane,10,12
16613,688,297,Offensive,4,5
16614,688,669,Défensive,7,11
16615,688,578,Médiane,6,13
16616,688,810,Offensive,9,14
16617,688,162,Défensive,4,12
16618,688,621,Offensive,7,8
16619,688,115,Toute Surface,3,10
16620,688,98,Toute Surface,8,10
16621,688,527,Offensive,7,6
16622,688,646,Défensive,10,10
16623,688,793,Défensive,8,8
16624,688,229,Offensive,9,6
16625,688,269,Défensive,10,3
16626,688,359,Offensive,8,8
16627,688,461,Offensive,6,7
16628,689,237,Défensive,0,0
16629,689,573,Défensive,0,0
16630,689,886,Défensive,0,0
16631,689,491,Défensive,12,11
16632,689,428,Offensive,13,3
16633,689,774,Offensive,12,5
16634,689,311,Médiane,15,3
16635,689,968,Médiane,4,9
16636,689,204,Toute Surface,11,14
16637,689,42,Médiane,5,14
16638,689,297,Offensive,7,7
16639,689,669,Défensive,8,18
16640,689,578,Médiane,9,17
16641,689,810,Défensive,13,20
16642,689,162,Défensive,7,20
16643,689,621,Défensive,4,9
16644,689,115,Défensive,4,14
16645,689,98,Défensive,12,22
16646,689,527,Défensive,14,4
16647,689,646,Médiane,9,22
16648,689,793,Toute Surface,15,9
16649,689,229,Médiane,11,8
16650,689,269,Médiane,11,8
16651,689,359,Médiane,9,3
16652,689,461,Toute Surface,8,15
16653,690,237,Défensive,0,0
16654,690,573,Défensive,0,0
16655,690,886,Défensive,0,0
16656,690,491,Offensive,13,15
16657,690,428,Médiane,8,4
16658,690,774,Défensive,12,11
16659,690,311,Offensive,9,11
16660,690,968,Toute Surface,5,7
16661,690,204,Médiane,13,14
16662,690,42,Offensive,12,14
16663,690,297,Offensive,7,9
16664,690,669,Défensive,7,22
16665,690,578,Médiane,6,20
16666,690,810,Toute Surface,8,17
16667,690,162,Défensive,13,12
16668,690,621,Toute Surface,3,9
16669,690,115,Défensive,4,12
16670,690,98,Médiane,6,16
16671,690,527,Défensive,12,3
16672,690,646,Toute Surface,7,16
16673,690,793,Médiane,12,4
16674,690,229,Toute Surface,8,3
16675,690,269,Offensive,13,5
16676,690,359,Toute Surface,15,5
16677,690,461,Offensive,5,11
16678,691,237,Défensive,0,0
16679,691,573,Défensive,0,0
16680,691,886,Défensive,0,0
16681,691,491,Défensive,8,17
16682,691,428,Toute Surface,13,11
16683,691,774,Défensive,14,8
16684,691,311,Défensive,13,5
16685,691,968,Médiane,3,14
16686,691,204,Médiane,5,13
16687,691,42,Médiane,5,14
16688,691,297,Défensive,5,13
16689,691,669,Toute Surface,11,12
16690,691,578,Médiane,7,13
16691,691,810,Défensive,11,13
16692,691,162,Défensive,8,20
16693,691,621,Défensive,6,15
16694,691,115,Toute Surface,4,5
16695,691,98,Offensive,8,20
16696,691,527,Médiane,13,6
16697,691,646,Offensive,6,16
16698,691,793,Offensive,15,7
16699,691,229,Médiane,11,8
16700,691,269,Médiane,12,5
16701,691,359,Offensive,9,11
16702,691,461,Toute Surface,6,7
16703,692,237,Défensive,0,0
16704,692,573,Défensive,0,0
16705,692,886,Défensive,0,0
16706,692,491,Toute Surface,6,9
16707,692,428,Défensive,10,9
16708,692,774,Toute Surface,12,8
16709,692,311,Toute Surface,10,3
16710,692,968,Toute Surface,5,9
16711,692,204,Offensive,10,9
16712,692,42,Médiane,9,9
16713,692,297,Offensive,7,4
16714,692,669,Toute Surface,6,9
16715,692,578,Offensive,7,18
16716,692,810,Offensive,5,11
16717,692,162,Médiane,9,10
16718,692,621,Toute Surface,6,9
16719,692,115,Défensive,4,11
16720,692,98,Toute Surface,9,17
16721,692,527,Défensive,11,8
16722,692,646,Défensive,10,18
16723,692,793,Toute Surface,13,6
16724,692,229,Médiane,12,5
16725,692,269,Défensive,12,8
16726,692,359,Défensive,7,3
16727,692,461,Défensive,4,12
16728,693,237,Défensive,0,0
16729,693,573,Défensive,0,0
16730,693,886,Défensive,0,0
16731,693,491,Offensive,5,18
16732,693,428,Offensive,11,7
16733,693,774,Médiane,12,4
16734,693,311,Offensive,14,3
16735,693,968,Défensive,5,15
16736,693,204,Toute Surface,6,15
16737,693,42,Toute Surface,11,12
16738,693,297,Toute Surface,7,11
16739,693,669,Offensive,9,19
16740,693,578,Toute Surface,8,20
16741,693,810,Offensive,7,16
16742,693,162,Toute Surface,10,20
16743,693,621,Toute Surface,8,15
16744,693,115,Offensive,7,14
16745,693,98,Toute Surface,8,16
16746,693,527,Offensive,9,8
16747,693,646,Défensive,10,13
16748,693,793,Offensive,12,3
16749,693,229,Offensive,14,8
16750,693,269,Médiane,11,4
16751,693,359,Défensive,8,9
16752,693,461,Défensive,5,5
16753,694,237,Défensive,0,0
16754,694,573,Défensive,0,0
16755,694,886,Défensive,0,0
16756,694,491,Défensive,12,11
16757,694,428,Médiane,9,8
16758,694,774,Offensive,11,3
16759,694,311,Offensive,16,11
16760,694,968,Toute Surface,6,8
16761,694,204,Offensive,9,22
16762,694,42,Défensive,7,17
16763,694,297,Offensive,4,9
16764,694,669,Défensive,13,14
16765,694,578,Toute Surface,8,11
16766,694,810,Médiane,8,15
16767,694,162,Toute Surface,7,16
16768,694,621,Offensive,8,13
16769,694,115,Toute Surface,6,8
16770,694,98,Médiane,5,13
16771,694,527,Offensive,9,3
16772,694,646,Offensive,13,17
16773,694,793,Offensive,11,6
16774,694,229,Médiane,15,11
16775,694,269,Toute Surface,16,9
16776,694,359,Toute Surface,13,8
16777,694,461,Offensive,3,7
16778,695,237,Défensive,0,0
16779,695,573,Défensive,0,0
16780,695,886,Défensive,0,0
16781,695,491,Toute Surface,10,10
16782,695,428,Médiane,9,4
16783,695,774,Médiane,11,8
16784,695,311,Offensive,8,8
16785,695,968,Offensive,2,9
16786,695,204,Offensive,5,14
16787,695,42,Offensive,8,10
16788,695,297,Offensive,6,13
16789,695,669,Toute Surface,5,10
16790,695,578,Toute Surface,9,13
16791,695,810,Toute Surface,10,13
16792,695,162,Médiane,9,9
16793,695,621,Défensive,6,10
16794,695,115,Toute Surface,4,5
16795,695,98,Défensive,6,9
16796,695,527,Toute Surface,9,4
16797,695,646,Médiane,9,10
16798,695,793,Défensive,13,2
16799,695,229,Toute Surface,9,8
16800,695,269,Médiane,11,4
16801,695,359,Offensive,11,9
16802,695,461,Offensive,6,4
16803,696,237,Défensive,0,0
16804,696,573,Défensive,0,0
16805,696,886,Défensive,0,0
16806,696,491,Toute Surface,13,15
16807,696,428,Offensive,8,3
16808,696,774,Médiane,13,4
16809,696,311,Médiane,11,11
16810,696,968,Médiane,4,8
16811,696,204,Médiane,6,16
16812,696,42,Médiane,13,15
16813,696,297,Défensive,3,7
16814,696,669,Médiane,12,19
16815,696,578,Médiane,7,15
16816,696,810,Médiane,12,18
16817,696,162,Toute Surface,6,13
16818,696,621,Médiane,8,15
16819,696,115,Toute Surface,7,13
16820,696,98,Toute Surface,5,11
16821,696,527,Offensive,9,11
16822,696,646,Médiane,8,22
16823,696,793,Toute Surface,14,9
16824,696,229,Défensive,14,9
16825,696,269,Toute Surface,9,8
16826,696,359,Défensive,8,4
16827,696,461,Médiane,3,14
16828,697,237,Défensive,0,0
16829,697,573,Défensive,0,0
16830,697,886,Défensive,0,0
16831,697,491,Offensive,9,18
16832,697,428,Défensive,13,6
16833,697,774,Offensive,10,4
16834,697,311,Défensive,13,3
16835,697,968,Offensive,7,12
16836,697,204,Toute Surface,4,11
16837,697,42,Toute Surface,7,14
16838,697,297,Toute Surface,5,12
16839,697,669,Offensive,4,9
16840,697,578,Offensive,4,17
16841,697,810,Toute Surface,7,9
16842,697,162,Toute Surface,8,16
16843,697,621,Offensive,4,7
16844,697,115,Médiane,2,6
16845,697,98,Toute Surface,6,9
16846,697,527,Toute Surface,9,2
16847,697,646,Offensive,4,9
16848,697,793,Défensive,7,5
16849,697,229,Défensive,12,8
16850,697,269,Médiane,12,4
16851,697,359,Médiane,8,4
16852,697,461,Médiane,4,11
16853,698,237,Défensive,0,0
16854,698,573,Défensive,0,0
16855,698,886,Défensive,0,0
16856,698,491,Offensive,10,12
16857,698,428,Défensive,10,9
16858,698,774,Défensive,9,5
16859,698,311,Médiane,12,5
16860,698,968,Médiane,5,13
16861,698,204,Toute Surface,8,9
16862,698,42,Médiane,9,12
16863,698,297,Médiane,6,9
16864,698,669,Offensive,9,14
16865,698,578,Toute Surface,4,17
16866,698,810,Offensive,9,10
16867,698,162,Médiane,10,11
16868,698,621,Défensive,3,4
16869,698,115,Médiane,7,6
16870,698,98,Toute Surface,10,17
16871,698,527,Offensive,10,9
16872,698,646,Toute Surface,10,17
16873,698,793,Défensive,9,9
16874,698,229,Défensive,8,2
16875,698,269,Défensive,10,8
16876,698,359,Médiane,9,3
16877,698,461,Médiane,4,8
16878,699,237,Défensive,0,0
16879,699,573,Défensive,0,0
16880,699,886,Défensive,0,0
16881,699,491,Défensive,6,17
16882,699,428,Défensive,7,2
16883,699,774,Toute Surface,7,3
16884,699,311,Défensive,9,5
16885,699,968,Défensive,4,4
16886,699,204,Offensive,5,12
16887,699,42,Défensive,6,15
16888,699,297,Défensive,2,4
16889,699,669,Offensive,8,9
16890,699,578,Toute Surface,7,12
16891,699,810,Offensive,9,12
16892,699,162,Offensive,10,11
16893,699,621,Offensive,3,4
16894,699,115,Toute Surface,5,8
16895,699,98,Médiane,6,10
16896,699,527,Toute Surface,9,8
16897,699,646,Toute Surface,10,9
16898,699,793,Défensive,13,4
16899,699,229,Toute Surface,13,2
16900,699,269,Défensive,9,7
16901,699,359,Médiane,9,6
16902,699,461,Toute Surface,3,11
16903,700,237,Défensive,0,0
16904,700,573,Défensive,0,0
16905,700,886,Défensive,0,0
16906,700,491,Toute Surface,5,13
16907,700,428,Défensive,14,4
16908,700,774,Défensive,14,7
16909,700,311,Offensive,8,3
16910,700,968,Offensive,6,14
16911,700,204,Défensive,5,17
16912,700,42,Défensive,11,11
16913,700,297,Défensive,7,15
16914,700,669,Offensive,8,10
16915,700,578,Offensive,7,20
16916,700,810,Défensive,9,11
16917,700,162,Médiane,9,16
16918,700,621,Défensive,3,8
16919,700,115,Toute Surface,7,11
16920,700,98,Défensive,12,20
16921,700,527,Toute Surface,8,7
16922,700,646,Toute Surface,5,18
16923,700,793,Offensive,9,9
16924,700,229,Défensive,14,8
16925,700,269,Médiane,9,4
16926,700,359,Offensive,9,9
16927,700,461,Toute Surface,8,14
16928,701,237,Défensive,0,0
16929,701,573,Défensive,0,0
16930,701,886,Défensive,0,0
16931,701,491,Médiane,5,15
16932,701,428,Médiane,12,11
16933,701,774,Défensive,11,11
16934,701,311,Offensive,15,4
16935,701,968,Médiane,6,11
16936,701,204,Toute Surface,8,17
16937,701,42,Défensive,9,18
16938,701,297,Défensive,8,6
16939,701,669,Médiane,7,18
16940,701,578,Offensive,11,22
16941,701,810,Offensive,9,16
16942,701,162,Médiane,5,13
16943,701,621,Défensive,7,9
16944,701,115,Défensive,6,9
16945,701,98,Défensive,5,17
16946,701,527,Toute Surface,13,5
16947,701,646,Défensive,9,18
16948,701,793,Toute Surface,9,9
16949,701,229,Offensive,12,6
16950,701,269,Offensive,8,8
16951,701,359,Toute Surface,11,6
16952,701,461,Toute Surface,5,11
16953,702,237,Défensive,0,0
16954,702,573,Défensive,0,0
16955,702,886,Défensive,0,0
16956,702,491,Médiane,8,15
16957,702,428,Défensive,14,3
16958,702,774,Offensive,13,4
16959,702,311,Défensive,15,8
16960,702,968,Offensive,4,13
16961,702,204,Toute Surface,12,12
16962,702,42,Offensive,11,17
16963,702,297,Médiane,5,12
16964,702,669,Médiane,6,18
16965,702,578,Toute Surface,11,18
16966,702,810,Toute Surface,11,15
16967,702,162,Médiane,13,20
16968,702,621,Toute Surface,4,6
16969,702,115,Toute Surface,5,7
16970,702,98,Toute Surface,9,18
16971,702,527,Toute Surface,16,9
16972,702,646,Médiane,8,15
16973,702,793,Défensive,8,4
16974,702,229,Défensive,16,11
16975,702,269,Défensive,12,5
16976,702,359,Médiane,8,8
16977,702,461,Offensive,8,9
16978,703,237,Défensive,0,0
16979,703,573,Défensive,0,0
16980,703,886,Défensive,0,0
16981,703,491,Défensive,7,17
16982,703,428,Offensive,12,5
16983,703,774,Défensive,13,8
16984,703,311,Offensive,8,8
16985,703,968,Médiane,8,12
16986,703,204,Médiane,10,16
16987,703,42,Médiane,9,19
16988,703,297,Offensive,3,11
16989,703,669,Défensive,11,15
16990,703,578,Offensive,8,14
16991,703,810,Défensive,5,12
16992,703,162,Défensive,12,15
16993,703,621,Toute Surface,4,9
16994,703,115,Offensive,7,8
16995,703,98,Médiane,9,13
16996,703,527,Médiane,13,9
16997,703,646,Médiane,6,13
16998,703,793,Défensive,13,9
16999,703,229,Offensive,11,10
17000,703,269,Offensive,12,5
17001,703,359,Médiane,8,9
17002,703,461,Toute Surface,5,11
17003,704,237,Défensive,0,0
17004,704,573,Défensive,0,0
17005,704,886,Défensive,0,0
17006,704,491,Offensive,10,9
17007,704,428,Toute Surface,13,2
17008,704,774,Médiane,13,7
17009,704,311,Défensive,12,6
17010,704,968,Offensive,2,8
17011,704,204,Toute Surface,9,15
17012,704,42,Offensive,6,13
17013,704,297,Défensive,7,5
17014,704,669,Offensive,6,10
17015,704,578,Toute Surface,7,14
17016,704,810,Toute Surface,9,12
17017,704,162,Toute Surface,9,14
17018,704,621,Défensive,7,5
17019,704,115,Offensive,5,4
17020,704,98,Médiane,8,11
17021,704,527,Défensive,8,9
17022,704,646,Médiane,9,15
17023,704,793,Offensive,12,6
17024,704,229,Offensive,13,2
17025,704,269,Toute Surface,10,3
17026,704,359,Défensive,7,9
17027,704,461,Toute Surface,3,13
17028,705,237,Défensive,0,0
17029,705,573,Défensive,0,0
17030,705,886,Défensive,0,0
17031,705,491,Offensive,7,10
17032,705,428,Défensive,10,5
17033,705,774,Défensive,12,4
17034,705,311,Toute Surface,9,9
17035,705,968,Défensive,4,13
17036,705,204,Toute Surface,11,13
17037,705,42,Médiane,6,12
17038,705,297,Défensive,7,9
17039,705,669,Toute Surface,5,19
17040,705,578,Offensive,5,14
17041,705,810,Médiane,9,16
17042,705,162,Offensive,5,12
17043,705,621,Toute Surface,3,11
17044,705,115,Défensive,4,12
17045,705,98,Offensive,8,16
17046,705,527,Offensive,12,4
17047,705,646,Défensive,12,20
17048,705,793,Toute Surface,12,9
17049,705,229,Toute Surface,11,8
17050,705,269,Médiane,15,10
17051,705,359,Offensive,8,9
17052,705,461,Médiane,4,9
17053,706,658,Défensive,0,0
17054,706,697,Défensive,0,0
17055,706,786,Aucune,0,0
17056,706,249,Aucune,0,0
17057,706,893,Toute Surface,6,9
17058,706,509,Aucune,0,0
17059,706,354,Aucune,0,0
17060,706,205,Médiane,10,14
17061,706,301,Toute Surface,5,4
17062,706,767,Défensive,4,6
17063,706,219,Défensive,6,12
17064,706,432,Aucune,0,0
17065,706,879,Médiane,9,8
17066,706,164,Toute Surface,9,9
17067,706,242,Aucune,0,0
17068,706,261,Aucune,0,0
17069,706,811,Aucune,0,0
17070,706,931,Offensive,7,5
17071,706,376,Toute Surface,9,9
17072,706,680,Défensive,5,12
17073,706,832,Offensive,7,10
17074,706,884,Aucune,0,0
17075,706,93,Offensive,4,10
17076,706,87,Toute Surface,5,4
17077,706,56,Toute Surface,9,10
17078,707,658,Défensive,0,0
17079,707,697,Défensive,0,0
17080,707,786,Défensive,0,0
17081,707,249,Défensive,7,10
17082,707,893,Médiane,10,13
17083,707,509,Médiane,8,17
17084,707,354,Toute Surface,12,5
17085,707,205,Défensive,9,17
17086,707,301,Défensive,8,11
17087,707,767,Défensive,8,5
17088,707,219,Médiane,3,12
17089,707,432,Défensive,3,12
17090,707,879,Toute Surface,13,3
17091,707,164,Médiane,11,19
17092,707,242,Médiane,8,11
17093,707,261,Aucune,0,0
17094,707,811,Médiane,4,7
17095,707,931,Toute Surface,11,6
17096,707,376,Offensive,6,15
17097,707,680,Médiane,5,12
17098,707,832,Toute Surface,8,14
17099,707,884,Médiane,8,13
17100,707,93,Toute Surface,6,7
17101,707,87,Toute Surface,5,10
17102,707,56,Médiane,10,19
17103,708,658,Défensive,0,0
17104,708,697,Défensive,0,0
17105,708,786,Défensive,0,0
17106,708,249,Offensive,5,10
17107,708,893,Toute Surface,9,12
17108,708,509,Défensive,9,12
17109,708,354,Offensive,7,7
17110,708,205,Toute Surface,9,15
17111,708,301,Toute Surface,5,13
17112,708,767,Toute Surface,4,6
17113,708,219,Offensive,5,8
17114,708,432,Médiane,6,9
17115,708,879,Médiane,8,2
17116,708,164,Médiane,9,11
17117,708,242,Toute Surface,4,14
17118,708,261,Médiane,10,10
17119,708,811,Toute Surface,4,9
17120,708,931,Défensive,12,5
17121,708,376,Médiane,9,9
17122,708,680,Défensive,7,6
17123,708,832,Toute Surface,6,17
17124,708,884,Défensive,7,13
17125,708,93,Offensive,2,13
17126,708,87,Défensive,4,10
17127,708,56,Médiane,6,18
17128,709,658,Défensive,0,0
17129,709,697,Défensive,0,0
17130,709,786,Défensive,0,0
17131,709,249,Offensive,4,6
17132,709,893,Défensive,5,9
17133,709,509,Médiane,6,9
17134,709,354,Défensive,9,6
17135,709,205,Médiane,7,9
17136,709,301,Offensive,3,8
17137,709,767,Toute Surface,5,9
17138,709,219,Médiane,3,12
17139,709,432,Médiane,2,13
17140,709,879,Offensive,9,5
17141,709,164,Toute Surface,9,10
17142,709,242,Offensive,9,15
17143,709,261,Défensive,7,9
17144,709,811,Offensive,2,8
17145,709,931,Médiane,11,3
17146,709,376,Toute Surface,6,9
17147,709,680,Toute Surface,5,13
17148,709,832,Défensive,9,9
17149,709,884,Médiane,4,12
17150,709,93,Médiane,4,5
17151,709,87,Toute Surface,4,9
17152,709,56,Toute Surface,9,11
17153,710,658,Défensive,0,0
17154,710,697,Défensive,0,0
17155,710,786,Défensive,0,0
17156,710,249,Défensive,7,15
17157,710,893,Défensive,13,11
17158,710,509,Médiane,12,15
17159,710,354,Toute Surface,8,8
17160,710,205,Offensive,6,22
17161,710,301,Toute Surface,8,16
17162,710,767,Offensive,5,12
17163,710,219,Toute Surface,3,7
17164,710,432,Médiane,8,14
17165,710,879,Médiane,16,3
17166,710,164,Défensive,12,18
17167,710,242,Défensive,9,20
17168,710,261,Offensive,5,19
17169,710,811,Médiane,4,11
17170,710,931,Médiane,9,8
17171,710,376,Toute Surface,6,17
17172,710,680,Défensive,4,14
17173,710,832,Toute Surface,13,17
17174,710,884,Offensive,7,13
17175,710,93,Toute Surface,3,11
17176,710,87,Offensive,5,7
17177,710,56,Offensive,6,16
17178,711,658,Défensive,0,0
17179,711,697,Défensive,0,0
17180,711,786,Défensive,0,0
17181,711,249,Toute Surface,7,6
17182,711,893,Offensive,8,12
17183,711,509,Médiane,7,14
17184,711,354,Défensive,15,6
17185,711,205,Défensive,11,11
17186,711,301,Médiane,3,12
17187,711,767,Toute Surface,6,8
17188,711,219,Défensive,4,9
17189,711,432,Offensive,6,8
17190,711,879,Offensive,9,7
17191,711,164,Offensive,6,14
17192,711,242,Offensive,5,14
17193,711,261,Toute Surface,8,11
17194,711,811,Médiane,7,15
17195,711,931,Toute Surface,15,4
17196,711,376,Défensive,10,19
17197,711,680,Médiane,6,12
17198,711,832,Médiane,11,15
17199,711,884,Défensive,12,13
17200,711,93,Défensive,8,13
17201,711,87,Défensive,6,9
17202,711,56,Toute Surface,5,11
17203,712,658,Défensive,0,0
17204,712,697,Défensive,0,0
17205,712,786,Défensive,0,0
17206,712,249,Médiane,6,6
17207,712,893,Médiane,5,12
17208,712,509,Médiane,13,15
17209,712,354,Offensive,11,7
17210,712,205,Toute Surface,9,17
17211,712,301,Médiane,4,11
17212,712,767,Médiane,7,16
17213,712,219,Toute Surface,3,15
17214,712,432,Offensive,4,5
17215,712,879,Médiane,15,8
17216,712,164,Médiane,9,18
17217,712,242,Offensive,12,12
17218,712,261,Défensive,11,12
17219,712,811,Toute Surface,8,13
17220,712,931,Défensive,15,11
17221,712,376,Défensive,6,19
17222,712,680,Défensive,5,9
17223,712,832,Offensive,12,22
17224,712,884,Offensive,7,15
17225,712,93,Défensive,7,12
17226,712,87,Toute Surface,4,9
17227,712,56,Toute Surface,12,19
17228,713,658,Défensive,0,0
17229,713,697,Défensive,0,0
17230,713,786,Défensive,0,0
17231,713,249,Toute Surface,6,9
17232,713,893,Médiane,10,19
17233,713,509,Médiane,5,13
17234,713,354,Offensive,15,3
17235,713,205,Offensive,5,15
17236,713,301,Offensive,3,15
17237,713,767,Toute Surface,3,9
17238,713,219,Offensive,4,14
17239,713,432,Offensive,3,13
17240,713,879,Toute Surface,10,8
17241,713,164,Toute Surface,11,16
17242,713,242,Médiane,12,17
17243,713,261,Défensive,10,16
17244,713,811,Toute Surface,7,14
17245,713,931,Offensive,10,3
17246,713,376,Toute Surface,10,13
17247,713,680,Toute Surface,3,7
17248,713,832,Défensive,5,17
17249,713,884,Médiane,8,18
17250,713,93,Médiane,3,8
17251,713,87,Toute Surface,8,12
17252,713,56,Médiane,11,18
17253,714,658,Défensive,0,0
17254,714,697,Défensive,0,0
17255,714,786,Défensive,0,0
17256,714,249,Offensive,7,11
17257,714,893,Défensive,5,18
17258,714,509,Médiane,12,18
17259,714,354,Médiane,11,4
17260,714,205,Défensive,8,17
17261,714,301,Toute Surface,4,7
17262,714,767,Toute Surface,6,11
17263,714,219,Toute Surface,3,7
17264,714,432,Toute Surface,7,7
17265,714,879,Offensive,9,7
17266,714,164,Défensive,6,11
17267,714,242,Défensive,11,19
17268,714,261,Toute Surface,10,13
17269,714,811,Médiane,5,6
17270,714,931,Toute Surface,10,9
17271,714,376,Offensive,9,20
17272,714,680,Toute Surface,3,6
17273,714,832,Défensive,7,14
17274,714,884,Toute Surface,5,17
17275,714,93,Toute Surface,8,9
17276,714,87,Offensive,7,13
17277,714,56,Toute Surface,11,16
17278,715,658,Défensive,0,0
17279,715,697,Défensive,0,0
17280,715,786,Défensive,0,0
17281,715,249,Médiane,7,7
17282,715,893,Médiane,10,16
17283,715,509,Offensive,9,17
17284,715,354,Défensive,15,5
17285,715,205,Défensive,12,15
17286,715,301,Médiane,6,6
17287,715,767,Médiane,3,7
17288,715,219,Toute Surface,8,15
17289,715,432,Médiane,4,13
17290,715,879,Offensive,8,4
17291,715,164,Médiane,10,10
17292,715,242,Toute Surface,6,17
17293,715,261,Défensive,9,16
17294,715,811,Défensive,6,7
17295,715,931,Défensive,15,6
17296,715,376,Défensive,5,13
17297,715,680,Toute Surface,4,6
17298,715,832,Toute Surface,12,11
17299,715,884,Défensive,8,14
17300,715,93,Médiane,4,14
17301,715,87,Défensive,7,5
17302,715,56,Offensive,11,20
17303,716,658,Défensive,0,0
17304,716,697,Défensive,0,0
17305,716,786,Défensive,0,0
17306,716,249,Offensive,4,6
17307,716,893,Médiane,5,14
17308,716,509,Défensive,4,14
17309,716,354,Défensive,8,9
17310,716,205,Offensive,9,12
17311,716,301,Toute Surface,7,5
17312,716,767,Toute Surface,5,8
17313,716,219,Médiane,3,13
17314,716,432,Offensive,3,9
17315,716,879,Toute Surface,7,5
17316,716,164,Offensive,4,14
17317,716,242,Défensive,6,13
17318,716,261,Défensive,7,18
17319,716,811,Défensive,5,13
17320,716,931,Médiane,9,3
17321,716,376,Défensive,7,9
17322,716,680,Offensive,5,13
17323,716,832,Offensive,10,15
17324,716,884,Offensive,4,18
17325,716,93,Défensive,2,10
17326,716,87,Toute Surface,6,6
17327,716,56,Offensive,8,11
17328,717,658,Défensive,0,0
17329,717,697,Défensive,0,0
17330,717,786,Défensive,0,0
17331,717,249,Défensive,6,5
17332,717,893,Médiane,11,11
17333,717,509,Toute Surface,8,14
17334,717,354,Médiane,9,11
17335,717,205,Médiane,7,11
17336,717,301,Toute Surface,6,14
17337,717,767,Défensive,6,7
17338,717,219,Médiane,4,13
17339,717,432,Défensive,5,6
17340,717,879,Défensive,16,8
17341,717,164,Médiane,6,18
17342,717,242,Offensive,9,16
17343,717,261,Médiane,7,14
17344,717,811,Toute Surface,3,13
17345,717,931,Offensive,8,4
17346,717,376,Toute Surface,6,18
17347,717,680,Toute Surface,4,8
17348,717,832,Médiane,13,15
17349,717,884,Offensive,12,22
17350,717,93,Médiane,7,5
17351,717,87,Offensive,3,7
17352,717,56,Toute Surface,9,11
17353,718,658,Défensive,0,0
17354,718,697,Défensive,0,0
17355,718,786,Défensive,0,0
17356,718,249,Offensive,4,4
17357,718,893,Médiane,9,14
17358,718,509,Médiane,4,9
17359,718,354,Toute Surface,13,3
17360,718,205,Médiane,4,9
17361,718,301,Offensive,4,13
17362,718,767,Médiane,7,11
17363,718,219,Offensive,5,10
17364,718,432,Offensive,5,9
17365,718,879,Défensive,7,6
17366,718,164,Toute Surface,5,15
17367,718,242,Médiane,7,15
17368,718,261,Médiane,9,13
17369,718,811,Offensive,2,11
17370,718,931,Toute Surface,11,3
17371,718,376,Offensive,9,11
17372,718,680,Offensive,5,9
17373,718,832,Médiane,8,9
17374,718,884,Offensive,9,16
17375,718,93,Toute Surface,6,5
17376,718,87,Médiane,4,7
17377,718,56,Médiane,10,13
17378,719,658,Défensive,0,0
17379,719,697,Défensive,0,0
17380,719,786,Défensive,0,0
17381,719,249,Médiane,7,8
17382,719,893,Toute Surface,8,18
17383,719,509,Toute Surface,9,13
17384,719,354,Offensive,10,2
17385,719,205,Défensive,7,11
17386,719,301,Défensive,4,9
17387,719,767,Offensive,4,13
17388,719,219,Défensive,7,6
17389,719,432,Défensive,6,9
17390,719,879,Offensive,8,4
17391,719,164,Toute Surface,10,13
17392,719,242,Défensive,9,12
17393,719,261,Offensive,8,9
17394,719,811,Médiane,7,9
17395,719,931,Offensive,8,6
17396,719,376,Toute Surface,8,9
17397,719,680,Défensive,7,7
17398,719,832,Médiane,4,12
17399,719,884,Toute Surface,10,9
17400,719,93,Offensive,5,10
17401,719,87,Offensive,3,5
17402,719,56,Défensive,6,16
17403,720,658,Défensive,0,0
17404,720,697,Défensive,0,0
17405,720,786,Défensive,0,0
17406,720,249,Défensive,4,13
17407,720,893,Médiane,7,11
17408,720,509,Offensive,12,16
17409,720,354,Médiane,10,4
17410,720,205,Offensive,12,10
17411,720,301,Toute Surface,5,11
17412,720,767,Médiane,5,9
17413,720,219,Défensive,5,12
17414,720,432,Offensive,4,13
17415,720,879,Médiane,8,3
17416,720,164,Toute Surface,12,12
17417,720,242,Toute Surface,12,12
17418,720,261,Toute Surface,10,17
17419,720,811,Défensive,5,6
17420,720,931,Offensive,12,4
17421,720,376,Toute Surface,9,19
17422,720,680,Médiane,8,10
17423,720,832,Offensive,10,16
17424,720,884,Offensive,8,10
17425,720,93,Toute Surface,3,6
17426,720,87,Défensive,8,6
17427,720,56,Médiane,7,17
17428,721,658,Défensive,0,0
17429,721,697,Défensive,0,0
17430,721,786,Défensive,0,0
17431,721,249,Toute Surface,6,9
17432,721,893,Toute Surface,9,22
17433,721,509,Toute Surface,6,17
17434,721,354,Défensive,15,9
17435,721,205,Défensive,7,13
17436,721,301,Offensive,7,8
17437,721,767,Offensive,7,12
17438,721,219,Offensive,5,6
17439,721,432,Toute Surface,3,7
17440,721,879,Médiane,14,11
17441,721,164,Toute Surface,12,14
17442,721,242,Offensive,6,15
17443,721,261,Offensive,5,22
17444,721,811,Médiane,3,7
17445,721,931,Toute Surface,8,4
17446,721,376,Offensive,8,20
17447,721,680,Toute Surface,5,12
17448,721,832,Médiane,12,20
17449,721,884,Offensive,7,18
17450,721,93,Toute Surface,7,14
17451,721,87,Médiane,7,14
17452,721,56,Défensive,5,11
17453,722,658,Défensive,0,0
17454,722,697,Défensive,0,0
17455,722,786,Défensive,0,0
17456,722,249,Médiane,2,8
17457,722,893,Médiane,10,12
17458,722,509,Offensive,8,16
17459,722,354,Offensive,9,5
17460,722,205,Toute Surface,7,12
17461,722,301,Toute Surface,4,13
17462,722,767,Défensive,7,11
17463,722,219,Offensive,4,10
17464,722,432,Défensive,4,9
17465,722,879,Défensive,12,2
17466,722,164,Toute Surface,9,16
17467,722,242,Offensive,4,15
17468,722,261,Défensive,6,10
17469,722,811,Toute Surface,2,9
17470,722,931,Médiane,10,4
17471,722,376,Défensive,10,15
17472,722,680,Médiane,5,4
17473,722,832,Toute Surface,7,15
17474,722,884,Toute Surface,10,9
17475,722,93,Offensive,2,12
17476,722,87,Défensive,3,6
17477,722,56,Défensive,9,16
17478,723,658,Défensive,0,0
17479,723,697,Défensive,0,0
17480,723,786,Défensive,0,0
17481,723,249,Médiane,7,7
17482,723,893,Médiane,7,13
17483,723,509,Médiane,9,19
17484,723,354,Médiane,15,9
17485,723,205,Médiane,6,19
17486,723,301,Défensive,4,16
17487,723,767,Offensive,5,6
17488,723,219,Toute Surface,6,6
17489,723,432,Médiane,3,6
17490,723,879,Offensive,11,11
17491,723,164,Défensive,5,12
17492,723,242,Médiane,6,15
17493,723,261,Toute Surface,8,18
17494,723,811,Médiane,4,6
17495,723,931,Médiane,11,8
17496,723,376,Toute Surface,8,11
17497,723,680,Offensive,6,9
17498,723,832,Médiane,7,11
17499,723,884,Offensive,11,12
17500,723,93,Offensive,3,6
17501,723,87,Défensive,6,11
17502,723,56,Médiane,11,19
17503,724,658,Défensive,0,0
17504,724,697,Défensive,0,0
17505,724,786,Défensive,0,0
17506,724,249,Défensive,3,8
17507,724,893,Défensive,6,13
17508,724,509,Médiane,5,15
17509,724,354,Toute Surface,12,3
17510,724,205,Médiane,12,22
17511,724,301,Toute Surface,7,5
17512,724,767,Médiane,5,16
17513,724,219,Médiane,8,16
17514,724,432,Offensive,3,8
17515,724,879,Médiane,9,5
17516,724,164,Médiane,11,20
17517,724,242,Toute Surface,6,22
17518,724,261,Médiane,8,11
17519,724,811,Médiane,5,6
17520,724,931,Médiane,12,3
17521,724,376,Médiane,8,12
17522,724,680,Toute Surface,5,11
17523,724,832,Offensive,8,22
17524,724,884,Toute Surface,8,19
17525,724,93,Toute Surface,6,8
17526,724,87,Toute Surface,4,14
17527,724,56,Offensive,13,16
17528,725,658,Défensive,0,0
17529,725,697,Défensive,0,0
17530,725,786,Défensive,0,0
17531,725,249,Médiane,5,14
17532,725,893,Défensive,9,13
17533,725,509,Toute Surface,7,17
17534,725,354,Défensive,12,4
17535,725,205,Toute Surface,9,14
17536,725,301,Médiane,6,6
17537,725,767,Médiane,7,16
17538,725,219,Médiane,8,16
17539,725,432,Offensive,5,8
17540,725,879,Offensive,13,8
17541,725,164,Médiane,8,13
17542,725,242,Offensive,9,22
17543,725,261,Offensive,6,19
17544,725,811,Défensive,5,9
17545,725,931,Offensive,8,6
17546,725,376,Offensive,11,17
17547,725,680,Médiane,8,15
17548,725,832,Offensive,9,13
17549,725,884,Défensive,8,22
17550,725,93,Toute Surface,7,9
17551,725,87,Médiane,5,5
17552,725,56,Toute Surface,8,15
17553,726,658,Défensive,0,0
17554,726,697,Défensive,0,0
17555,726,786,Défensive,0,0
17556,726,249,Offensive,4,12
17557,726,893,Médiane,11,19
17558,726,509,Défensive,8,14
17559,726,354,Toute Surface,10,6
17560,726,205,Toute Surface,8,13
17561,726,301,Toute Surface,3,11
17562,726,767,Défensive,3,6
17563,726,219,Offensive,8,12
17564,726,432,Défensive,8,15
17565,726,879,Défensive,12,5
17566,726,164,Défensive,11,20
17567,726,242,Défensive,6,19
17568,726,261,Médiane,7,20
17569,726,811,Médiane,8,12
17570,726,931,Offensive,11,5
17571,726,376,Toute Surface,5,16
17572,726,680,Offensive,4,15
17573,726,832,Offensive,11,15
17574,726,884,Offensive,9,18
17575,726,93,Toute Surface,6,9
17576,726,87,Médiane,7,10
17577,726,56,Toute Surface,8,12
17578,727,658,Défensive,0,0
17579,727,697,Défensive,0,0
17580,727,786,Défensive,0,0
17581,727,249,Médiane,5,5
17582,727,893,Toute Surface,6,17
17583,727,509,Défensive,7,19
17584,727,354,Médiane,9,6
17585,727,205,Défensive,12,20
17586,727,301,Défensive,8,6
17587,727,767,Toute Surface,6,5
17588,727,219,Médiane,3,14
17589,727,432,Défensive,7,7
17590,727,879,Toute Surface,8,3
17591,727,164,Toute Surface,5,22
17592,727,242,Toute Surface,13,14
17593,727,261,Médiane,5,19
17594,727,811,Défensive,6,15
17595,727,931,Offensive,11,9
17596,727,376,Médiane,12,15
17597,727,680,Offensive,6,14
17598,727,832,Offensive,8,17
17599,727,884,Médiane,6,11
17600,727,93,Défensive,8,15
17601,727,87,Médiane,4,16
17602,727,56,Toute Surface,7,14
17603,728,658,Défensive,0,0
17604,728,697,Défensive,0,0
17605,728,786,Défensive,0,0
17606,728,249,Médiane,3,13
17607,728,893,Offensive,5,15
17608,728,509,Médiane,6,19
17609,728,354,Toute Surface,16,11
17610,728,205,Défensive,5,15
17611,728,301,Toute Surface,4,15
17612,728,767,Toute Surface,7,16
17613,728,219,Toute Surface,3,13
17614,728,432,Défensive,3,13
17615,728,879,Toute Surface,12,4
17616,728,164,Toute Surface,11,14
17617,728,242,Offensive,8,12
17618,728,261,Médiane,13,13
17619,728,811,Toute Surface,3,5
17620,728,931,Offensive,9,11
17621,728,376,Défensive,9,18
17622,728,680,Toute Surface,7,16
17623,728,832,Toute Surface,8,13
17624,728,884,Toute Surface,13,14
17625,728,93,Médiane,4,7
17626,728,87,Médiane,8,13
17627,728,56,Offensive,5,18
17628,729,658,Défensive,0,0
17629,729,697,Défensive,0,0
17630,729,786,Défensive,0,0
17631,729,249,Défensive,8,9
17632,729,893,Médiane,10,17
17633,729,509,Offensive,7,16
17634,729,354,Défensive,12,4
17635,729,205,Offensive,12,11
17636,729,301,Offensive,3,14
17637,729,767,Offensive,8,5
17638,729,219,Toute Surface,5,10
17639,729,432,Toute Surface,7,9
17640,729,879,Médiane,14,3
17641,729,164,Offensive,6,10
17642,729,242,Offensive,12,14
17643,729,261,Médiane,11,20
17644,729,811,Toute Surface,4,15
17645,729,931,Défensive,12,3
17646,729,376,Défensive,12,17
17647,729,680,Offensive,4,13
17648,729,832,Défensive,10,17
17649,729,884,Médiane,7,18
17650,729,93,Offensive,7,10
17651,729,87,Défensive,7,14
17652,729,56,Défensive,8,13
17653,730,658,Défensive,0,0
17654,730,697,Défensive,0,0
17655,730,786,Défensive,0,0
17656,730,249,Toute Surface,5,11
17657,730,893,Toute Surface,13,17
17658,730,509,Toute Surface,7,12
17659,730,354,Offensive,13,7
17660,730,205,Offensive,12,20
17661,730,301,Défensive,3,16
17662,730,767,Toute Surface,7,16
17663,730,219,Médiane,8,6
17664,730,432,Médiane,7,14
17665,730,879,Toute Surface,14,3
17666,730,164,Toute Surface,13,18
17667,730,242,Toute Surface,7,11
17668,730,261,Toute Surface,5,16
17669,730,811,Défensive,5,14
17670,730,931,Défensive,13,9
17671,730,376,Offensive,9,13
17672,730,680,Médiane,3,5
17673,730,832,Toute Surface,11,19
17674,730,884,Offensive,9,19
17675,730,93,Toute Surface,8,5
17676,730,87,Offensive,4,9
17677,730,56,Médiane,11,11
17678,731,658,Défensive,0,0
17679,731,697,Défensive,0,0
17680,731,786,Défensive,0,0
17681,731,249,Toute Surface,5,9
17682,731,893,Offensive,9,12
17683,731,509,Médiane,5,16
17684,731,354,Médiane,11,6
17685,731,205,Médiane,9,9
17686,731,301,Offensive,2,8
17687,731,767,Offensive,2,4
17688,731,219,Offensive,3,13
17689,731,432,Défensive,6,9
17690,731,879,Offensive,8,7
17691,731,164,Médiane,8,16
17692,731,242,Défensive,8,17
17693,731,261,Toute Surface,4,12
17694,731,811,Médiane,5,13
17695,731,931,Défensive,9,3
17696,731,376,Toute Surface,10,9
17697,731,680,Défensive,7,5
17698,731,832,Défensive,9,11
17699,731,884,Médiane,9,18
17700,731,93,Toute Surface,7,9
17701,731,87,Défensive,2,5
17702,731,56,Défensive,5,16
17703,732,658,Défensive,0,0
17704,732,697,Défensive,0,0
17705,732,786,Défensive,0,0
17706,732,249,Offensive,5,8
17707,732,893,Défensive,9,14
17708,732,509,Toute Surface,10,18
17709,732,354,Toute Surface,11,6
17710,732,205,Médiane,10,15
17711,732,301,Toute Surface,4,11
17712,732,767,Toute Surface,2,9
17713,732,219,Toute Surface,6,5
17714,732,432,Toute Surface,7,6
17715,732,879,Défensive,7,6
17716,732,164,Offensive,4,11
17717,732,242,Médiane,4,15
17718,732,261,Défensive,4,10
17719,732,811,Offensive,4,5
17720,732,931,Défensive,9,6
17721,732,376,Médiane,7,9
17722,732,680,Défensive,2,13
17723,732,832,Médiane,4,16
17724,732,884,Toute Surface,5,14
17725,732,93,Défensive,6,12
17726,732,87,Offensive,3,7
17727,732,56,Offensive,9,10
17728,733,658,Défensive,0,0
17729,733,697,Défensive,0,0
17730,733,786,Défensive,0,0
17731,733,249,Toute Surface,3,11
17732,733,893,Offensive,12,14
17733,733,509,Toute Surface,12,12
17734,733,354,Offensive,11,4
17735,733,205,Médiane,8,22
17736,733,301,Offensive,8,15
17737,733,767,Médiane,4,6
17738,733,219,Médiane,4,9
17739,733,432,Médiane,5,8
17740,733,879,Offensive,15,7
17741,733,164,Offensive,13,16
17742,733,242,Médiane,8,18
17743,733,261,Médiane,13,16
17744,733,811,Médiane,8,5
17745,733,931,Défensive,13,11
17746,733,376,Défensive,13,18
17747,733,680,Défensive,8,7
17748,733,832,Toute Surface,6,20
17749,733,884,Défensive,12,15
17750,733,93,Toute Surface,3,6
17751,733,87,Offensive,5,7
17752,733,56,Défensive,13,15
17753,734,658,Défensive,0,0
17754,734,697,Défensive,0,0
17755,734,786,Défensive,0,0
17756,734,249,Médiane,2,5
17757,734,893,Offensive,9,17
17758,734,509,Médiane,9,9
17759,734,354,Médiane,12,8
17760,734,205,Toute Surface,4,15
17761,734,301,Toute Surface,2,10
17762,734,767,Toute Surface,6,5
17763,734,219,Offensive,5,7
17764,734,432,Toute Surface,4,8
17765,734,879,Défensive,11,7
17766,734,164,Offensive,4,9
17767,734,242,Toute Surface,7,11
17768,734,261,Médiane,10,12
17769,734,811,Toute Surface,6,7
17770,734,931,Toute Surface,11,3
17771,734,376,Médiane,9,14
17772,734,680,Toute Surface,3,8
17773,734,832,Offensive,10,13
17774,734,884,Médiane,8,12
17775,734,93,Défensive,4,9
17776,734,87,Médiane,5,5
17777,734,56,Toute Surface,5,13
17778,735,658,Défensive,0,0
17779,735,697,Défensive,0,0
17780,735,786,Défensive,0,0
17781,735,249,Médiane,4,12
17782,735,893,Toute Surface,6,15
17783,735,509,Toute Surface,7,12
17784,735,354,Offensive,15,7
17785,735,205,Offensive,7,13
17786,735,301,Toute Surface,4,15
17787,735,767,Médiane,7,15
17788,735,219,Médiane,8,11
17789,735,432,Défensive,8,12
17790,735,879,Offensive,12,9
17791,735,164,Médiane,7,12
17792,735,242,Toute Surface,5,12
17793,735,261,Médiane,8,15
17794,735,811,Défensive,3,12
17795,735,931,Défensive,13,9
17796,735,376,Défensive,8,10
17797,735,680,Offensive,7,12
17798,735,832,Médiane,6,17
17799,735,884,Toute Surface,7,12
17800,735,93,Médiane,3,11
17801,735,87,Médiane,5,13
17802,735,56,Offensive,6,11
17803,736,658,Défensive,0,0
17804,736,697,Défensive,0,0
17805,736,786,Défensive,0,0
17806,736,249,Offensive,7,12
17807,736,893,Défensive,9,10
17808,736,509,Médiane,7,13
17809,736,354,Toute Surface,8,3
17810,736,205,Offensive,8,17
17811,736,301,Défensive,6,7
17812,736,767,Toute Surface,4,9
17813,736,219,Toute Surface,2,4
17814,736,432,Médiane,3,12
17815,736,879,Offensive,8,3
17816,736,164,Toute Surface,4,17
17817,736,242,Défensive,6,18
17818,736,261,Défensive,9,10
17819,736,811,Toute Surface,5,4
17820,736,931,Offensive,11,9
17821,736,376,Médiane,5,17
17822,736,680,Défensive,5,4
17823,736,832,Toute Surface,7,10
17824,736,884,Toute Surface,7,18
17825,736,93,Médiane,4,5
17826,736,87,Médiane,6,9
17827,736,56,Défensive,9,10
17828,737,658,Défensive,0,0
17829,737,697,Défensive,0,0
17830,737,786,Défensive,0,0
17831,737,249,Offensive,5,11
17832,737,893,Défensive,6,17
17833,737,509,Toute Surface,7,14
17834,737,354,Défensive,13,4
17835,737,205,Médiane,5,22
17836,737,301,Médiane,5,15
17837,737,767,Offensive,5,6
17838,737,219,Toute Surface,8,12
17839,737,432,Défensive,4,8
17840,737,879,Défensive,15,9
17841,737,164,Médiane,6,12
17842,737,242,Médiane,5,20
17843,737,261,Offensive,8,15
17844,737,811,Toute Surface,6,7
17845,737,931,Défensive,12,5
17846,737,376,Médiane,11,11
17847,737,680,Offensive,4,14
17848,737,832,Médiane,5,17
17849,737,884,Défensive,5,16
17850,737,93,Toute Surface,5,8
17851,737,87,Toute Surface,3,11
17852,737,56,Défensive,9,15
17853,738,658,Défensive,0,0
17854,738,697,Défensive,0,0
17855,738,786,Défensive,0,0
17856,738,249,Toute Surface,4,7
17857,738,893,Toute Surface,12,15
17858,738,509,Toute Surface,11,18
17859,738,354,Toute Surface,16,11
17860,738,205,Toute Surface,12,16
17861,738,301,Toute Surface,6,8
17862,738,767,Offensive,5,13
17863,738,219,Toute Surface,8,16
17864,738,432,Toute Surface,5,7
17865,738,879,Défensive,14,7
17866,738,164,Défensive,11,15
17867,738,242,Défensive,6,20
17868,738,261,Défensive,7,19
17869,738,811,Toute Surface,7,14
17870,738,931,Médiane,12,6
17871,738,376,Toute Surface,8,19
17872,738,680,Défensive,8,9
17873,738,832,Défensive,11,19
17874,738,884,Toute Surface,8,19
17875,738,93,Médiane,5,16
17876,738,87,Toute Surface,6,6
17877,738,56,Médiane,12,11
17878,739,658,Défensive,0,0
17879,739,697,Défensive,0,0
17880,739,786,Défensive,0,0
17881,739,249,Défensive,4,8
17882,739,893,Offensive,6,17
17883,739,509,Médiane,8,17
17884,739,354,Toute Surface,9,6
17885,739,205,Défensive,9,11
17886,739,301,Toute Surface,2,8
17887,739,767,Offensive,3,7
17888,739,219,Médiane,5,9
17889,739,432,Médiane,6,10
17890,739,879,Médiane,9,2
17891,739,164,Médiane,6,18
17892,739,242,Défensive,4,9
17893,739,261,Médiane,5,17
17894,739,811,Médiane,5,5
17895,739,931,Médiane,9,9
17896,739,376,Médiane,8,15
17897,739,680,Toute Surface,7,7
17898,739,832,Médiane,8,15
17899,739,884,Toute Surface,5,14
17900,739,93,Toute Surface,4,13
17901,739,87,Médiane,6,13
17902,739,56,Médiane,7,15
17903,740,658,Défensive,0,0
17904,740,697,Défensive,0,0
17905,740,786,Défensive,0,0
17906,740,249,Médiane,8,11
17907,740,893,Défensive,6,10
17908,740,509,Toute Surface,5,19
17909,740,354,Défensive,14,5
17910,740,205,Défensive,6,14
17911,740,301,Offensive,6,7
17912,740,767,Défensive,6,13
17913,740,219,Médiane,3,7
17914,740,432,Offensive,6,6
17915,740,879,Offensive,8,5
17916,740,164,Médiane,11,19
17917,740,242,Médiane,12,13
17918,740,261,Toute Surface,7,19
17919,740,811,Toute Surface,6,13
17920,740,931,Médiane,12,6
17921,740,376,Médiane,12,19
17922,740,680,Toute Surface,7,15
17923,740,832,Défensive,10,11
17924,740,884,Toute Surface,5,12
17925,740,93,Médiane,5,13
17926,740,87,Toute Surface,3,13
17927,740,56,Défensive,11,13
17928,741,658,Défensive,0,0
17929,741,697,Défensive,0,0
17930,741,786,Défensive,0,0
17931,741,249,Toute Surface,2,5
17932,741,893,Médiane,4,13
17933,741,509,Toute Surface,8,9
17934,741,354,Médiane,10,7
17935,741,205,Défensive,4,9
17936,741,301,Toute Surface,3,9
17937,741,767,Défensive,4,11
17938,741,219,Offensive,4,4
17939,741,432,Défensive,7,10
17940,741,879,Médiane,8,8
17941,741,164,Défensive,6,9
17942,741,242,Défensive,8,9
17943,741,261,Offensive,4,17
17944,741,811,Offensive,6,6
17945,741,931,Toute Surface,8,3
17946,741,376,Médiane,9,15
17947,741,680,Toute Surface,2,9
17948,741,832,Défensive,9,12
17949,741,884,Médiane,5,17
17950,741,93,Médiane,4,11
17951,741,87,Défensive,6,8
17952,741,56,Défensive,9,12
17953,742,658,Défensive,0,0
17954,742,697,Défensive,0,0
17955,742,786,Défensive,0,0
17956,742,249,Médiane,3,9
17957,742,893,Défensive,7,19
17958,742,509,Défensive,12,11
17959,742,354,Toute Surface,15,4
17960,742,205,Défensive,7,11
17961,742,301,Toute Surface,8,11
17962,742,767,Médiane,6,15
17963,742,219,Médiane,7,14
17964,742,432,Toute Surface,6,11
17965,742,879,Offensive,14,6
17966,742,164,Médiane,11,20
17967,742,242,Défensive,7,15
17968,742,261,Toute Surface,9,12
17969,742,811,Défensive,3,6
17970,742,931,Offensive,15,4
17971,742,376,Offensive,8,11
17972,742,680,Toute Surface,7,11
17973,742,832,Défensive,8,22
17974,742,884,Défensive,8,11
17975,742,93,Toute Surface,8,9
17976,742,87,Offensive,3,13
17977,742,56,Offensive,8,12
17978,743,658,Défensive,0,0
17979,743,697,Défensive,0,0
17980,743,786,Défensive,0,0
17981,743,249,Défensive,5,9
17982,743,893,Toute Surface,7,15
17983,743,509,Toute Surface,12,17
17984,743,354,Défensive,13,6
17985,743,205,Offensive,6,19
17986,743,301,Médiane,5,15
17987,743,767,Médiane,3,8
17988,743,219,Médiane,8,5
17989,743,432,Médiane,4,6
17990,743,879,Médiane,11,9
17991,743,164,Toute Surface,6,16
17992,743,242,Défensive,11,20
17993,743,261,Défensive,13,17
17994,743,811,Médiane,3,9
17995,743,931,Médiane,16,6
17996,743,376,Défensive,7,17
17997,743,680,Offensive,8,6
17998,743,832,Offensive,6,14
17999,743,884,Toute Surface,11,18
18000,743,93,Toute Surface,5,7
18001,743,87,Offensive,6,9
18002,743,56,Médiane,7,13
18003,744,658,Défensive,0,0
18004,744,697,Défensive,0,0
18005,744,786,Défensive,0,0
18006,744,249,Offensive,4,14
18007,744,893,Défensive,5,19
18008,744,509,Offensive,9,17
18009,744,354,Défensive,16,8
18010,744,205,Offensive,9,15
18011,744,301,Toute Surface,3,12
18012,744,767,Défensive,6,9
18013,744,219,Défensive,5,9
18014,744,432,Toute Surface,3,15
18015,744,879,Défensive,9,8
18016,744,164,Médiane,7,22
18017,744,242,Toute Surface,7,22
18018,744,261,Toute Surface,11,17
18019,744,811,Défensive,5,8
18020,744,931,Médiane,13,9
18021,744,376,Défensive,11,17
18022,744,680,Offensive,8,12
18023,744,832,Médiane,13,15
18024,744,884,Médiane,6,17
18025,744,93,Toute Surface,4,7
18026,744,87,Défensive,6,12
18027,744,56,Défensive,9,13
18028,745,658,Défensive,0,0
18029,745,697,Défensive,0,0
18030,745,786,Défensive,0,0
18031,745,249,Toute Surface,8,12
18032,745,893,Toute Surface,8,22
18033,745,509,Toute Surface,12,13
18034,745,354,Toute Surface,8,9
18035,745,205,Offensive,6,16
18036,745,301,Médiane,7,8
18037,745,767,Médiane,7,5
18038,745,219,Toute Surface,7,8
18039,745,432,Médiane,6,11
18040,745,879,Offensive,12,6
18041,745,164,Offensive,12,15
18042,745,242,Défensive,5,14
18043,745,261,Défensive,12,18
18044,745,811,Offensive,3,6
18045,745,931,Offensive,16,11
18046,745,376,Défensive,12,16
18047,745,680,Offensive,3,15
18048,745,832,Offensive,8,16
18049,745,884,Toute Surface,6,20
18050,745,93,Défensive,3,5
18051,745,87,Toute Surface,6,9
18052,745,56,Offensive,5,17
18053,746,658,Défensive,0,0
18054,746,697,Défensive,0,0
18055,746,786,Défensive,0,0
18056,746,249,Offensive,7,11
18057,746,893,Défensive,6,18
18058,746,509,Médiane,9,9
18059,746,354,Défensive,8,5
18060,746,205,Offensive,9,9
18061,746,301,Médiane,6,10
18062,746,767,Toute Surface,7,6
18063,746,219,Médiane,4,9
18064,746,432,Médiane,5,9
18065,746,879,Défensive,8,4
18066,746,164,Médiane,5,12
18067,746,242,Toute Surface,9,17
18068,746,261,Toute Surface,6,9
18069,746,811,Médiane,6,10
18070,746,931,Médiane,7,2
18071,746,376,Offensive,10,17
18072,746,680,Défensive,7,13
18073,746,832,Défensive,5,16
18074,746,884,Toute Surface,9,10
18075,746,93,Offensive,2,4
18076,746,87,Offensive,3,5
18077,746,56,Médiane,7,15
18078,747,658,Défensive,0,0
18079,747,697,Défensive,0,0
18080,747,786,Défensive,0,0
18081,747,249,Toute Surface,6,5
18082,747,893,Toute Surface,13,12
18083,747,509,Offensive,7,16
18084,747,354,Défensive,12,4
18085,747,205,Offensive,5,13
18086,747,301,Médiane,7,6
18087,747,767,Médiane,8,13
18088,747,219,Offensive,4,7
18089,747,432,Médiane,5,9
18090,747,879,Toute Surface,9,4
18091,747,164,Médiane,12,17
18092,747,242,Défensive,6,14
18093,747,261,Offensive,12,22
18094,747,811,Toute Surface,3,5
18095,747,931,Défensive,12,9
18096,747,376,Défensive,9,20
18097,747,680,Offensive,7,12
18098,747,832,Médiane,6,11
18099,747,884,Médiane,6,20
18100,747,93,Offensive,5,5
18101,747,87,Défensive,7,15
18102,747,56,Médiane,7,17
18103,748,658,Défensive,0,0
18104,748,697,Défensive,0,0
18105,748,786,Défensive,0,0
18106,748,249,Toute Surface,4,8
18107,748,893,Défensive,6,15
18108,748,509,Défensive,5,11
18109,748,354,Offensive,11,3
18110,748,205,Toute Surface,6,10
18111,748,301,Médiane,4,8
18112,748,767,Défensive,3,5
18113,748,219,Médiane,8,6
18114,748,432,Médiane,6,5
18115,748,879,Offensive,8,9
18116,748,164,Médiane,12,19
18117,748,242,Médiane,12,17
18118,748,261,Médiane,11,13
18119,748,811,Offensive,4,6
18120,748,931,Toute Surface,9,3
18121,748,376,Offensive,11,16
18122,748,680,Offensive,4,7
18123,748,832,Médiane,6,13
18124,748,884,Médiane,11,19
18125,748,93,Offensive,7,7
18126,748,87,Médiane,7,11
18127,748,56,Défensive,6,17
18128,749,658,Défensive,0,0
18129,749,697,Défensive,0,0
18130,749,786,Défensive,0,0
18131,749,249,Défensive,5,8
18132,749,893,Toute Surface,9,12
18133,749,509,Défensive,9,15
18134,749,354,Défensive,15,5
18135,749,205,Offensive,12,12
18136,749,301,Offensive,4,5
18137,749,767,Médiane,3,13
18138,749,219,Offensive,5,9
18139,749,432,Médiane,3,11
18140,749,879,Offensive,8,10
18141,749,164,Médiane,12,15
18142,749,242,Défensive,6,17
18143,749,261,Médiane,8,19
18144,749,811,Offensive,3,8
18145,749,931,Médiane,11,3
18146,749,376,Médiane,5,10
18147,749,680,Toute Surface,8,7
18148,749,832,Défensive,5,13
18149,749,884,Médiane,9,20
18150,749,93,Défensive,5,15
18151,749,87,Offensive,3,14
18152,749,56,Médiane,9,14
18153,750,658,Défensive,0,0
18154,750,697,Défensive,0,0
18155,750,786,Défensive,0,0
18156,750,249,Médiane,6,12
18157,750,893,Médiane,7,17
18158,750,509,Offensive,7,12
18159,750,354,Toute Surface,16,3
18160,750,205,Toute Surface,5,20
18161,750,301,Médiane,7,13
18162,750,767,Offensive,3,14
18163,750,219,Offensive,3,6
18164,750,432,Médiane,4,11
18165,750,879,Médiane,14,5
18166,750,164,Offensive,8,20
18167,750,242,Toute Surface,9,14
18168,750,261,Défensive,13,15
18169,750,811,Médiane,3,7
18170,750,931,Toute Surface,8,4
18171,750,376,Toute Surface,11,18
18172,750,680,Toute Surface,6,7
18173,750,832,Toute Surface,13,17
18174,750,884,Défensive,11,22
18175,750,93,Défensive,5,8
18176,750,87,Médiane,8,7
18177,750,56,Médiane,13,15
18178,751,97,Aucune,0,0
18179,751,489,Aucune,0,0
18180,751,567,Défensive,0,0
18181,751,188,Aucune,0,0
18182,751,286,Toute Surface,7,6
18183,751,628,Aucune,0,0
18184,751,313,Offensive,3,11
18185,751,588,Offensive,8,6
18186,751,145,Médiane,14,8
18187,751,654,Médiane,9,3
18188,751,236,Toute Surface,9,12
18189,751,917,Médiane,5,7
18190,751,79,Aucune,0,0
18191,751,316,Défensive,8,17
18192,751,565,Médiane,13,4
18193,751,260,Médiane,11,9
18194,751,550,Aucune,0,0
18195,751,104,Aucune,0,0
18196,751,472,Aucune,0,0
18197,751,906,Offensive,11,20
18198,751,469,Médiane,7,13
18199,751,47,Aucune,0,0
18200,751,871,Défensive,3,8
18201,751,561,Aucune,0,0
18202,751,657,Offensive,5,12
18203,752,97,Défensive,0,0
18204,752,489,Défensive,0,0
18205,752,567,Défensive,0,0
18206,752,188,Offensive,13,9
18207,752,286,Offensive,4,7
18208,752,628,Toute Surface,6,22
18209,752,313,Défensive,3,7
18210,752,588,Médiane,11,11
18211,752,145,Offensive,16,9
18212,752,654,Toute Surface,8,4
18213,752,236,Défensive,12,22
18214,752,917,Défensive,3,5
18215,752,79,Médiane,8,13
18216,752,316,Toute Surface,5,16
18217,752,565,Médiane,16,11
18218,752,260,Médiane,14,9
18219,752,550,Aucune,0,0
18220,752,104,Aucune,0,0
18221,752,472,Médiane,9,11
18222,752,906,Toute Surface,8,14
18223,752,469,Offensive,7,12
18224,752,47,Aucune,0,0
18225,752,871,Offensive,4,6
18226,752,561,Médiane,12,14
18227,752,657,Toute Surface,7,7
18228,753,97,Défensive,0,0
18229,753,489,Défensive,0,0
18230,753,567,Défensive,0,0
18231,753,188,Toute Surface,13,3
18232,753,286,Défensive,3,9
18233,753,628,Médiane,7,12
18234,753,313,Offensive,5,16
18235,753,588,Défensive,12,7
18236,753,145,Défensive,12,11
18237,753,654,Toute Surface,11,7
18238,753,236,Toute Surface,12,14
18239,753,917,Médiane,5,11
18240,753,79,Défensive,7,16
18241,753,316,Défensive,6,20
18242,753,565,Défensive,14,4
18243,753,260,Médiane,16,6
18244,753,550,Médiane,4,9
18245,753,104,Toute Surface,7,14
18246,753,472,Défensive,8,4
18247,753,906,Offensive,8,15
18248,753,469,Défensive,12,14
18249,753,47,Aucune,0,0
18250,753,871,Offensive,8,7
18251,753,561,Médiane,6,20
18252,753,657,Défensive,3,12
18253,754,97,Défensive,0,0
18254,754,489,Défensive,0,0
18255,754,567,Défensive,0,0
18256,754,188,Médiane,8,7
18257,754,286,Médiane,3,15
18258,754,628,Médiane,11,13
18259,754,313,Offensive,4,14
18260,754,588,Défensive,16,9
18261,754,145,Défensive,15,9
18262,754,654,Toute Surface,15,5
18263,754,236,Défensive,12,15
18264,754,917,Toute Surface,5,11
18265,754,79,Offensive,4,15
18266,754,316,Toute Surface,13,15
18267,754,565,Médiane,8,8
18268,754,260,Défensive,13,3
18269,754,550,Toute Surface,4,5
18270,754,104,Défensive,13,18
18271,754,472,Médiane,14,7
18272,754,906,Défensive,9,22
18273,754,469,Défensive,6,17
18274,754,47,Médiane,6,14
18275,754,871,Médiane,6,8
18276,754,561,Toute Surface,9,18
18277,754,657,Toute Surface,3,14
18278,755,97,Défensive,0,0
18279,755,489,Défensive,0,0
18280,755,567,Défensive,0,0
18281,755,188,Médiane,15,8
18282,755,286,Défensive,7,8
18283,755,628,Offensive,10,18
18284,755,313,Toute Surface,7,8
18285,755,588,Offensive,12,8
18286,755,145,Offensive,10,6
18287,755,654,Toute Surface,11,6
18288,755,236,Défensive,11,15
18289,755,917,Défensive,6,12
18290,755,79,Toute Surface,6,11
18291,755,316,Offensive,5,20
18292,755,565,Médiane,9,7
18293,755,260,Offensive,11,7
18294,755,550,Défensive,5,11
18295,755,104,Toute Surface,8,13
18296,755,472,Toute Surface,14,5
18297,755,906,Offensive,10,10
18298,755,469,Offensive,10,18
18299,755,47,Offensive,8,6
18300,755,871,Médiane,4,14
18301,755,561,Offensive,7,13
18302,755,657,Offensive,5,5
18303,756,97,Défensive,0,0
18304,756,489,Défensive,0,0
18305,756,567,Défensive,0,0
18306,756,188,Défensive,10,7
18307,756,286,Offensive,4,11
18308,756,628,Offensive,8,12
18309,756,313,Défensive,5,6
18310,756,588,Défensive,7,5
18311,756,145,Médiane,10,3
18312,756,654,Médiane,12,2
18313,756,236,Toute Surface,5,17
18314,756,917,Défensive,3,12
18315,756,79,Médiane,7,12
18316,756,316,Défensive,10,18
18317,756,565,Médiane,12,7
18318,756,260,Toute Surface,12,9
18319,756,550,Médiane,3,6
18320,756,104,Médiane,5,17
18321,756,472,Toute Surface,9,6
18322,756,906,Offensive,9,18
18323,756,469,Défensive,7,9
18324,756,47,Défensive,3,12
18325,756,871,Défensive,2,9
18326,756,561,Médiane,9,13
18327,756,657,Offensive,7,7
18328,757,97,Défensive,0,0
18329,757,489,Défensive,0,0
18330,757,567,Défensive,0,0
18331,757,188,Défensive,9,8
18332,757,286,Offensive,7,8
18333,757,628,Toute Surface,9,18
18334,757,313,Défensive,2,9
18335,757,588,Toute Surface,8,4
18336,757,145,Toute Surface,9,3
18337,757,654,Médiane,13,7
18338,757,236,Médiane,6,17
18339,757,917,Défensive,2,4
18340,757,79,Offensive,7,6
18341,757,316,Médiane,9,14
18342,757,565,Défensive,9,5
18343,757,260,Défensive,10,4
18344,757,550,Médiane,4,7
18345,757,104,Offensive,6,15
18346,757,472,Offensive,8,4
18347,757,906,Défensive,9,9
18348,757,469,Toute Surface,10,12
18349,757,47,Toute Surface,5,9
18350,757,871,Offensive,7,7
18351,757,561,Médiane,9,14
18352,757,657,Défensive,4,4
18353,758,97,Défensive,0,0
18354,758,489,Défensive,0,0
18355,758,567,Défensive,0,0
18356,758,188,Offensive,9,6
18357,758,286,Toute Surface,3,13
18358,758,628,Médiane,4,17
18359,758,313,Médiane,6,6
18360,758,588,Toute Surface,12,9
18361,758,145,Offensive,8,9
18362,758,654,Défensive,12,5
18363,758,236,Défensive,4,12
18364,758,917,Défensive,2,9
18365,758,79,Toute Surface,4,6
18366,758,316,Défensive,7,17
18367,758,565,Offensive,8,5
18368,758,260,Médiane,11,4
18369,758,550,Toute Surface,5,11
18370,758,104,Défensive,8,9
18371,758,472,Médiane,8,7
18372,758,906,Offensive,9,18
18373,758,469,Médiane,10,9
18374,758,47,Offensive,7,7
18375,758,871,Offensive,4,8
18376,758,561,Médiane,10,11
18377,758,657,Défensive,6,12
18378,759,97,Défensive,0,0
18379,759,489,Défensive,0,0
18380,759,567,Défensive,0,0
18381,759,188,Toute Surface,10,4
18382,759,286,Médiane,7,9
18383,759,628,Offensive,8,12
18384,759,313,Défensive,4,10
18385,759,588,Défensive,8,3
18386,759,145,Toute Surface,12,9
18387,759,654,Médiane,9,6
18388,759,236,Médiane,10,10
18389,759,917,Défensive,7,13
18390,759,79,Médiane,5,9
18391,759,316,Toute Surface,9,9
18392,759,565,Médiane,9,7
18393,759,260,Médiane,10,5
18394,759,550,Médiane,2,12
18395,759,104,Toute Surface,10,9
18396,759,472,Toute Surface,9,9
18397,759,906,Offensive,10,13
18398,759,469,Toute Surface,5,9
18399,759,47,Toute Surface,6,6
18400,759,871,Toute Surface,2,4
18401,759,561,Défensive,9,16
18402,759,657,Offensive,4,4
18403,760,97,Défensive,0,0
18404,760,489,Défensive,0,0
18405,760,567,Défensive,0,0
18406,760,188,Offensive,8,7
18407,760,286,Médiane,2,12
18408,760,628,Offensive,6,15
18409,760,313,Toute Surface,3,10
18410,760,588,Défensive,11,9
18411,760,145,Médiane,12,6
18412,760,654,Défensive,8,3
18413,760,236,Défensive,4,9
18414,760,917,Offensive,7,4
18415,760,79,Médiane,3,12
18416,760,316,Toute Surface,9,14
18417,760,565,Défensive,9,5
18418,760,260,Défensive,8,8
18419,760,550,Offensive,3,13
18420,760,104,Défensive,4,10
18421,760,472,Défensive,9,5
18422,760,906,Médiane,10,17
18423,760,469,Médiane,7,13
18424,760,47,Médiane,5,10
18425,760,871,Défensive,3,10
18426,760,561,Défensive,5,14
18427,760,657,Toute Surface,7,8
18428,761,97,Défensive,0,0
18429,761,489,Défensive,0,0
18430,761,567,Défensive,0,0
18431,761,188,Toute Surface,13,7
18432,761,286,Médiane,7,11
18433,761,628,Offensive,10,17
18434,761,313,Médiane,5,7
18435,761,588,Offensive,12,2
18436,761,145,Défensive,12,4
18437,761,654,Défensive,7,5
18438,761,236,Toute Surface,9,12
18439,761,917,Défensive,4,13
18440,761,79,Médiane,4,12
18441,761,316,Médiane,5,15
18442,761,565,Défensive,8,4
18443,761,260,Défensive,7,7
18444,761,550,Offensive,4,6
18445,761,104,Médiane,5,9
18446,761,472,Offensive,8,3
18447,761,906,Médiane,5,11
18448,761,469,Toute Surface,8,13
18449,761,47,Offensive,5,10
18450,761,871,Défensive,3,13
18451,761,561,Toute Surface,4,13
18452,761,657,Défensive,5,6
18453,762,97,Défensive,0,0
18454,762,489,Défensive,0,0
18455,762,567,Défensive,0,0
18456,762,188,Toute Surface,12,7
18457,762,286,Médiane,3,14
18458,762,628,Médiane,5,19
18459,762,313,Médiane,5,6
18460,762,588,Médiane,16,9
18461,762,145,Médiane,15,8
18462,762,654,Toute Surface,15,8
18463,762,236,Toute Surface,9,19
18464,762,917,Offensive,4,15
18465,762,79,Offensive,8,15
18466,762,316,Toute Surface,5,13
18467,762,565,Médiane,9,5
18468,762,260,Offensive,11,4
18469,762,550,Médiane,8,11
18470,762,104,Offensive,11,11
18471,762,472,Toute Surface,8,11
18472,762,906,Médiane,5,19
18473,762,469,Toute Surface,12,12
18474,762,47,Toute Surface,5,12
18475,762,871,Médiane,4,9
18476,762,561,Défensive,7,15
18477,762,657,Offensive,8,5
18478,763,97,Défensive,0,0
18479,763,489,Défensive,0,0
18480,763,567,Défensive,0,0
18481,763,188,Toute Surface,8,8
18482,763,286,Médiane,3,15
18483,763,628,Toute Surface,5,14
18484,763,313,Offensive,5,5
18485,763,588,Médiane,12,5
18486,763,145,Toute Surface,9,8
18487,763,654,Médiane,15,4
18488,763,236,Toute Surface,8,12
18489,763,917,Défensive,6,7
18490,763,79,Médiane,8,8
18491,763,316,Offensive,7,20
18492,763,565,Toute Surface,14,9
18493,763,260,Médiane,12,4
18494,763,550,Médiane,6,16
18495,763,104,Médiane,6,16
18496,763,472,Toute Surface,9,9
18497,763,906,Toute Surface,12,13
18498,763,469,Toute Surface,9,20
18499,763,47,Toute Surface,3,13
18500,763,871,Défensive,4,6
18501,763,561,Offensive,12,14
18502,763,657,Défensive,7,15
18503,764,97,Défensive,0,0
18504,764,489,Défensive,0,0
18505,764,567,Défensive,0,0
18506,764,188,Défensive,11,9
18507,764,286,Offensive,5,7
18508,764,628,Médiane,6,14
18509,764,313,Toute Surface,8,7
18510,764,588,Défensive,14,6
18511,764,145,Défensive,14,7
18512,764,654,Toute Surface,16,9
18513,764,236,Offensive,11,13
18514,764,917,Médiane,6,6
18515,764,79,Offensive,4,6
18516,764,316,Toute Surface,8,13
18517,764,565,Médiane,14,8
18518,764,260,Offensive,12,5
18519,764,550,Médiane,8,7
18520,764,104,Défensive,6,22
18521,764,472,Médiane,16,7
18522,764,906,Offensive,8,13
18523,764,469,Offensive,8,16
18524,764,47,Toute Surface,5,6
18525,764,871,Défensive,3,16
18526,764,561,Défensive,9,17
18527,764,657,Médiane,7,14
18528,765,97,Défensive,0,0
18529,765,489,Défensive,0,0
18530,765,567,Défensive,0,0
18531,765,188,Médiane,9,5
18532,765,286,Toute Surface,7,10
18533,765,628,Toute Surface,7,9
18534,765,313,Défensive,7,9
18535,765,588,Médiane,7,6
18536,765,145,Défensive,13,4
18537,765,654,Médiane,8,5
18538,765,236,Offensive,9,14
18539,765,917,Toute Surface,6,10
18540,765,79,Toute Surface,3,11
18541,765,316,Médiane,4,9
18542,765,565,Toute Surface,8,2
18543,765,260,Toute Surface,9,9
18544,765,550,Toute Surface,4,6
18545,765,104,Toute Surface,4,12
18546,765,472,Offensive,11,5
18547,765,906,Médiane,5,13
18548,765,469,Offensive,5,9
18549,765,47,Médiane,3,8
18550,765,871,Offensive,3,9
18551,765,561,Médiane,9,11
18552,765,657,Défensive,5,11
18553,766,97,Défensive,0,0
18554,766,489,Défensive,0,0
18555,766,567,Défensive,0,0
18556,766,188,Offensive,16,9
18557,766,286,Toute Surface,7,16
18558,766,628,Défensive,9,12
18559,766,313,Offensive,4,5
18560,766,588,Médiane,14,3
18561,766,145,Toute Surface,14,3
18562,766,654,Offensive,9,8
18563,766,236,Médiane,11,16
18564,766,917,Défensive,5,11
18565,766,79,Défensive,6,9
18566,766,316,Toute Surface,8,13
18567,766,565,Toute Surface,14,3
18568,766,260,Médiane,15,7
18569,766,550,Défensive,8,12
18570,766,104,Défensive,5,12
18571,766,472,Médiane,11,8
18572,766,906,Toute Surface,8,17
18573,766,469,Défensive,7,22
18574,766,47,Toute Surface,5,9
18575,766,871,Offensive,6,14
18576,766,561,Médiane,9,11
18577,766,657,Offensive,3,6
18578,767,97,Défensive,0,0
18579,767,489,Défensive,0,0
18580,767,567,Défensive,0,0
18581,767,188,Offensive,12,3
18582,767,286,Médiane,3,6
18583,767,628,Défensive,10,14
18584,767,313,Toute Surface,6,6
18585,767,588,Médiane,9,10
18586,767,145,Offensive,13,5
18587,767,654,Défensive,10,9
18588,767,236,Toute Surface,11,13
18589,767,917,Toute Surface,6,14
18590,767,79,Défensive,7,8
18591,767,316,Défensive,10,18
18592,767,565,Médiane,8,7
18593,767,260,Toute Surface,11,8
18594,767,550,Offensive,5,5
18595,767,104,Défensive,5,15
18596,767,472,Offensive,11,9
18597,767,906,Médiane,5,17
18598,767,469,Défensive,7,12
18599,767,47,Toute Surface,4,5
18600,767,871,Toute Surface,6,5
18601,767,561,Défensive,6,15
18602,767,657,Toute Surface,4,15
18603,768,97,Défensive,0,0
18604,768,489,Défensive,0,0
18605,768,567,Défensive,0,0
18606,768,188,Offensive,10,3
18607,768,286,Offensive,5,5
18608,768,628,Toute Surface,10,10
18609,768,313,Médiane,5,7
18610,768,588,Toute Surface,13,8
18611,768,145,Offensive,13,4
18612,768,654,Offensive,11,5
18613,768,236,Offensive,9,9
18614,768,917,Défensive,2,12
18615,768,79,Médiane,5,9
18616,768,316,Toute Surface,7,13
18617,768,565,Défensive,11,3
18618,768,260,Médiane,7,3
18619,768,550,Toute Surface,6,9
18620,768,104,Toute Surface,6,9
18621,768,472,Médiane,12,6
18622,768,906,Défensive,4,9
18623,768,469,Médiane,7,17
18624,768,47,Toute Surface,4,7
18625,768,871,Offensive,3,12
18626,768,561,Offensive,8,9
18627,768,657,Offensive,2,12
18628,769,97,Défensive,0,0
18629,769,489,Défensive,0,0
18630,769,567,Défensive,0,0
18631,769,188,Offensive,12,2
18632,769,286,Offensive,3,10
18633,769,628,Offensive,8,9
18634,769,313,Défensive,7,11
18635,769,588,Médiane,12,6
18636,769,145,Défensive,9,6
18637,769,654,Toute Surface,12,7
18638,769,236,Toute Surface,8,13
18639,769,917,Défensive,7,4
18640,769,79,Médiane,3,6
18641,769,316,Toute Surface,6,9
18642,769,565,Toute Surface,10,7
18643,769,260,Toute Surface,13,3
18644,769,550,Défensive,7,13
18645,769,104,Toute Surface,10,13
18646,769,472,Médiane,10,2
18647,769,906,Toute Surface,4,18
18648,769,469,Toute Surface,5,15
18649,769,47,Défensive,7,10
18650,769,871,Médiane,5,9
18651,769,561,Toute Surface,9,9
18652,769,657,Toute Surface,3,5
18653,770,97,Défensive,0,0
18654,770,489,Défensive,0,0
18655,770,567,Défensive,0,0
18656,770,188,Défensive,11,7
18657,770,286,Toute Surface,8,7
18658,770,628,Médiane,8,12
18659,770,313,Médiane,8,12
18660,770,588,Offensive,8,11
18661,770,145,Toute Surface,12,8
18662,770,654,Offensive,8,8
18663,770,236,Offensive,6,16
18664,770,917,Toute Surface,5,15
18665,770,79,Médiane,7,7
18666,770,316,Toute Surface,8,17
18667,770,565,Offensive,15,9
18668,770,260,Toute Surface,14,8
18669,770,550,Défensive,7,7
18670,770,104,Offensive,12,18
18671,770,472,Toute Surface,13,8
18672,770,906,Toute Surface,5,17
18673,770,469,Défensive,9,15
18674,770,47,Offensive,3,5
18675,770,871,Défensive,7,8
18676,770,561,Toute Surface,11,13
18677,770,657,Offensive,4,11
18678,771,97,Défensive,0,0
18679,771,489,Défensive,0,0
18680,771,567,Défensive,0,0
18681,771,188,Défensive,7,2
18682,771,286,Médiane,4,7
18683,771,628,Défensive,10,15
18684,771,313,Toute Surface,7,13
18685,771,588,Défensive,7,4
18686,771,145,Toute Surface,8,4
18687,771,654,Toute Surface,9,8
18688,771,236,Offensive,5,9
18689,771,917,Offensive,7,11
18690,771,79,Offensive,4,4
18691,771,316,Offensive,6,16
18692,771,565,Toute Surface,9,4
18693,771,260,Défensive,10,7
18694,771,550,Médiane,6,11
18695,771,104,Médiane,10,9
18696,771,472,Défensive,12,9
18697,771,906,Offensive,6,12
18698,771,469,Offensive,7,11
18699,771,47,Médiane,3,11
18700,771,871,Offensive,2,6
18701,771,561,Offensive,5,9
18702,771,657,Toute Surface,4,9
18703,772,97,Défensive,0,0
18704,772,489,Défensive,0,0
18705,772,567,Défensive,0,0
18706,772,188,Toute Surface,16,8
18707,772,286,Offensive,6,8
18708,772,628,Médiane,9,12
18709,772,313,Toute Surface,4,6
18710,772,588,Médiane,15,11
18711,772,145,Défensive,8,6
18712,772,654,Offensive,13,9
18713,772,236,Offensive,12,22
18714,772,917,Offensive,4,11
18715,772,79,Offensive,7,9
18716,772,316,Médiane,11,20
18717,772,565,Médiane,9,6
18718,772,260,Médiane,12,9
18719,772,550,Défensive,4,12
18720,772,104,Toute Surface,12,17
18721,772,472,Médiane,13,11
18722,772,906,Médiane,5,17
18723,772,469,Défensive,6,13
18724,772,47,Médiane,3,15
18725,772,871,Toute Surface,3,9
18726,772,561,Toute Surface,9,18
18727,772,657,Toute Surface,6,15
18728,773,97,Défensive,0,0
18729,773,489,Défensive,0,0
18730,773,567,Défensive,0,0
18731,773,188,Offensive,9,9
18732,773,286,Médiane,7,9
18733,773,628,Médiane,9,13
18734,773,313,Défensive,3,13
18735,773,588,Offensive,11,6
18736,773,145,Toute Surface,12,7
18737,773,654,Toute Surface,7,8
18738,773,236,Défensive,7,14
18739,773,917,Médiane,6,9
18740,773,79,Offensive,5,9
18741,773,316,Toute Surface,5,9
18742,773,565,Médiane,8,6
18743,773,260,Médiane,10,9
18744,773,550,Médiane,6,13
18745,773,104,Défensive,9,14
18746,773,472,Médiane,11,2
18747,773,906,Médiane,9,11
18748,773,469,Médiane,10,18
18749,773,47,Médiane,5,10
18750,773,871,Offensive,5,9
18751,773,561,Défensive,9,17
18752,773,657,Médiane,7,5
18753,774,97,Défensive,0,0
18754,774,489,Défensive,0,0
18755,774,567,Défensive,0,0
18756,774,188,Défensive,13,7
18757,774,286,Toute Surface,4,10
18758,774,628,Toute Surface,7,17
18759,774,313,Toute Surface,3,11
18760,774,588,Offensive,13,6
18761,774,145,Médiane,14,8
18762,774,654,Offensive,14,10
18763,774,236,Offensive,8,16
18764,774,917,Médiane,7,11
18765,774,79,Offensive,7,5
18766,774,316,Toute Surface,11,11
18767,774,565,Défensive,12,7
18768,774,260,Médiane,15,9
18769,774,550,Offensive,6,7
18770,774,104,Médiane,11,13
18771,774,472,Toute Surface,10,4
18772,774,906,Défensive,5,18
18773,774,469,Toute Surface,7,11
18774,774,47,Offensive,6,8
18775,774,871,Offensive,3,11
18776,774,561,Défensive,6,10
18777,774,657,Toute Surface,6,12
18778,775,97,Défensive,0,0
18779,775,489,Défensive,0,0
18780,775,567,Défensive,0,0
18781,775,188,Toute Surface,11,5
18782,775,286,Toute Surface,4,9
18783,775,628,Toute Surface,9,16
18784,775,313,Offensive,6,7
18785,775,588,Toute Surface,13,5
18786,775,145,Défensive,7,7
18787,775,654,Médiane,12,5
18788,775,236,Toute Surface,6,14
18789,775,917,Défensive,3,13
18790,775,79,Offensive,2,4
18791,775,316,Offensive,6,12
18792,775,565,Toute Surface,9,5
18793,775,260,Offensive,13,4
18794,775,550,Toute Surface,7,4
18795,775,104,Offensive,8,15
18796,775,472,Défensive,12,6
18797,775,906,Défensive,6,9
18798,775,469,Défensive,5,11
18799,775,47,Médiane,4,9
18800,775,871,Toute Surface,5,10
18801,775,561,Offensive,8,15
18802,775,657,Toute Surface,4,10
18803,776,97,Défensive,0,0
18804,776,489,Défensive,0,0
18805,776,567,Défensive,0,0
18806,776,188,Toute Surface,9,5
18807,776,286,Toute Surface,3,16
18808,776,628,Défensive,11,14
18809,776,313,Défensive,6,15
18810,776,588,Défensive,12,9
18811,776,145,Médiane,14,9
18812,776,654,Offensive,11,5
18813,776,236,Toute Surface,12,16
18814,776,917,Offensive,3,7
18815,776,79,Toute Surface,4,11
18816,776,316,Défensive,13,18
18817,776,565,Offensive,13,4
18818,776,260,Offensive,9,8
18819,776,550,Toute Surface,4,16
18820,776,104,Offensive,7,22
18821,776,472,Offensive,12,11
18822,776,906,Défensive,5,22
18823,776,469,Toute Surface,11,16
18824,776,47,Offensive,7,8
18825,776,871,Offensive,3,6
18826,776,561,Offensive,12,19
18827,776,657,Médiane,3,11
18828,777,97,Défensive,0,0
18829,777,489,Défensive,0,0
18830,777,567,Défensive,0,0
18831,777,188,Défensive,10,7
18832,777,286,Toute Surface,5,5
18833,777,628,Toute Surface,4,16
18834,777,313,Défensive,4,4
18835,777,588,Médiane,12,2
18836,777,145,Offensive,8,7
18837,777,654,Offensive,12,8
18838,777,236,Toute Surface,10,13
18839,777,917,Toute Surface,5,9
18840,777,79,Toute Surface,3,4
18841,777,316,Défensive,6,9
18842,777,565,Toute Surface,9,6
18843,777,260,Offensive,9,4
18844,777,550,Défensive,3,12
18845,777,104,Médiane,4,9
18846,777,472,Toute Surface,12,7
18847,777,906,Toute Surface,8,14
18848,777,469,Médiane,5,17
18849,777,47,Toute Surface,4,10
18850,777,871,Offensive,6,7
18851,777,561,Offensive,10,15
18852,777,657,Offensive,4,6
18853,778,97,Défensive,0,0
18854,778,489,Défensive,0,0
18855,778,567,Défensive,0,0
18856,778,188,Médiane,11,3
18857,778,286,Offensive,7,14
18858,778,628,Médiane,8,17
18859,778,313,Défensive,5,6
18860,778,588,Défensive,15,6
18861,778,145,Médiane,15,10
18862,778,654,Défensive,11,9
18863,778,236,Médiane,12,17
18864,778,917,Toute Surface,3,11
18865,778,79,Défensive,3,12
18866,778,316,Toute Surface,8,18
18867,778,565,Défensive,11,6
18868,778,260,Médiane,15,3
18869,778,550,Médiane,8,11
18870,778,104,Médiane,5,14
18871,778,472,Défensive,15,7
18872,778,906,Offensive,9,15
18873,778,469,Défensive,11,20
18874,778,47,Médiane,3,11
18875,778,871,Offensive,7,15
18876,778,561,Défensive,8,10
18877,778,657,Défensive,8,13
18878,779,97,Défensive,0,0
18879,779,489,Défensive,0,0
18880,779,567,Défensive,0,0
18881,779,188,Toute Surface,12,3
18882,779,286,Toute Surface,3,9
18883,779,628,Toute Surface,10,9
18884,779,313,Toute Surface,3,5
18885,779,588,Toute Surface,9,8
18886,779,145,Toute Surface,9,7
18887,779,654,Médiane,8,2
18888,779,236,Défensive,7,9
18889,779,917,Défensive,5,6
18890,779,79,Offensive,6,5
18891,779,316,Toute Surface,5,11
18892,779,565,Médiane,8,4
18893,779,260,Défensive,9,8
18894,779,550,Toute Surface,2,7
18895,779,104,Toute Surface,9,15
18896,779,472,Médiane,11,2
18897,779,906,Offensive,7,18
18898,779,469,Défensive,10,14
18899,779,47,Défensive,5,9
18900,779,871,Médiane,3,13
18901,779,561,Médiane,9,9
18902,779,657,Offensive,7,5
18903,780,97,Défensive,0,0
18904,780,489,Défensive,0,0
18905,780,567,Défensive,0,0
18906,780,188,Défensive,8,4
18907,780,286,Médiane,3,13
18908,780,628,Médiane,4,12
18909,780,313,Offensive,3,5
18910,780,588,Toute Surface,9,3
18911,780,145,Défensive,8,9
18912,780,654,Toute Surface,13,6
18913,780,236,Défensive,9,12
18914,780,917,Défensive,2,7
18915,780,79,Médiane,4,9
18916,780,316,Offensive,9,13
18917,780,565,Toute Surface,8,6
18918,780,260,Défensive,9,5
18919,780,550,Offensive,7,6
18920,780,104,Défensive,8,13
18921,780,472,Défensive,11,5
18922,780,906,Offensive,6,9
18923,780,469,Offensive,7,17
18924,780,47,Toute Surface,5,9
18925,780,871,Défensive,2,10
18926,780,561,Offensive,9,15
18927,780,657,Défensive,6,7
18928,781,97,Défensive,0,0
18929,781,489,Défensive,0,0
18930,781,567,Défensive,0,0
18931,781,188,Défensive,16,3
18932,781,286,Toute Surface,6,9
18933,781,628,Toute Surface,11,14
18934,781,313,Défensive,6,13
18935,781,588,Toute Surface,8,5
18936,781,145,Défensive,14,3
18937,781,654,Toute Surface,11,3
18938,781,236,Défensive,12,14
18939,781,917,Médiane,6,12
18940,781,79,Offensive,6,6
18941,781,316,Défensive,13,17
18942,781,565,Toute Surface,14,5
18943,781,260,Médiane,14,4
18944,781,550,Offensive,5,5
18945,781,104,Toute Surface,11,20
18946,781,472,Médiane,16,7
18947,781,906,Médiane,11,22
18948,781,469,Défensive,6,14
18949,781,47,Médiane,4,13
18950,781,871,Médiane,8,13
18951,781,561,Défensive,12,14
18952,781,657,Défensive,5,15
18953,782,97,Défensive,0,0
18954,782,489,Défensive,0,0
18955,782,567,Défensive,0,0
18956,782,188,Médiane,15,6
18957,782,286,Offensive,8,16
18958,782,628,Défensive,6,11
18959,782,313,Médiane,6,12
18960,782,588,Défensive,9,8
18961,782,145,Offensive,11,9
18962,782,654,Offensive,15,8
18963,782,236,Offensive,13,15
18964,782,917,Défensive,3,15
18965,782,79,Toute Surface,8,11
18966,782,316,Toute Surface,11,20
18967,782,565,Médiane,14,7
18968,782,260,Toute Surface,15,5
18969,782,550,Médiane,8,5
18970,782,104,Défensive,8,18
18971,782,472,Médiane,14,7
18972,782,906,Défensive,7,13
18973,782,469,Toute Surface,13,12
18974,782,47,Défensive,5,9
18975,782,871,Médiane,6,7
18976,782,561,Toute Surface,12,17
18977,782,657,Défensive,3,5
18978,783,97,Défensive,0,0
18979,783,489,Défensive,0,0
18980,783,567,Défensive,0,0
18981,783,188,Médiane,8,10
18982,783,286,Médiane,3,11
18983,783,628,Médiane,8,20
18984,783,313,Défensive,6,6
18985,783,588,Toute Surface,15,7
18986,783,145,Offensive,8,8
18987,783,654,Défensive,13,5
18988,783,236,Médiane,6,13
18989,783,917,Défensive,4,5
18990,783,79,Médiane,6,9
18991,783,316,Défensive,9,16
18992,783,565,Offensive,9,4
18993,783,260,Défensive,12,9
18994,783,550,Médiane,4,8
18995,783,104,Défensive,9,18
18996,783,472,Toute Surface,12,6
18997,783,906,Offensive,12,10
18998,783,469,Offensive,8,18
18999,783,47,Défensive,4,10
19000,783,871,Médiane,5,15
19001,783,561,Défensive,11,19
19002,783,657,Offensive,6,5
19003,784,97,Défensive,0,0
19004,784,489,Défensive,0,0
19005,784,567,Défensive,0,0
19006,784,188,Offensive,8,6
19007,784,286,Toute Surface,6,9
19008,784,628,Toute Surface,9,13
19009,784,313,Toute Surface,5,12
19010,784,588,Défensive,10,7
19011,784,145,Défensive,7,9
19012,784,654,Offensive,10,6
19013,784,236,Toute Surface,5,17
19014,784,917,Offensive,4,9
19015,784,79,Toute Surface,6,5
19016,784,316,Offensive,7,9
19017,784,565,Défensive,7,2
19018,784,260,Médiane,13,7
19019,784,550,Toute Surface,3,12
19020,784,104,Défensive,10,9
19021,784,472,Médiane,13,9
19022,784,906,Offensive,7,11
19023,784,469,Défensive,9,13
19024,784,47,Médiane,5,10
19025,784,871,Défensive,7,13
19026,784,561,Défensive,4,16
19027,784,657,Toute Surface,3,8
19028,785,97,Défensive,0,0
19029,785,489,Défensive,0,0
19030,785,567,Défensive,0,0
19031,785,188,Offensive,9,3
19032,785,286,Défensive,4,15
19033,785,628,Toute Surface,5,17
19034,785,313,Offensive,3,12
19035,785,588,Médiane,13,8
19036,785,145,Médiane,12,11
19037,785,654,Défensive,14,8
19038,785,236,Médiane,12,17
19039,785,917,Médiane,7,6
19040,785,79,Défensive,4,16
19041,785,316,Médiane,12,22
19042,785,565,Médiane,13,9
19043,785,260,Défensive,9,6
19044,785,550,Médiane,6,12
19045,785,104,Défensive,13,17
19046,785,472,Toute Surface,12,6
19047,785,906,Médiane,11,19
19048,785,469,Médiane,8,12
19049,785,47,Défensive,3,5
19050,785,871,Offensive,4,8
19051,785,561,Défensive,11,15
19052,785,657,Offensive,8,9
19053,786,97,Défensive,0,0
19054,786,489,Défensive,0,0
19055,786,567,Défensive,0,0
19056,786,188,Offensive,9,11
19057,786,286,Offensive,8,5
19058,786,628,Offensive,6,14
19059,786,313,Défensive,8,12
19060,786,588,Défensive,11,8
19061,786,145,Défensive,16,7
19062,786,654,Offensive,13,5
19063,786,236,Toute Surface,9,22
19064,786,917,Offensive,7,16
19065,786,79,Défensive,3,11
19066,786,316,Médiane,5,18
19067,786,565,Médiane,15,7
19068,786,260,Médiane,16,5
19069,786,550,Défensive,6,13
19070,786,104,Offensive,7,13
19071,786,472,Médiane,9,6
19072,786,906,Défensive,9,12
19073,786,469,Défensive,5,13
19074,786,47,Toute Surface,3,5
19075,786,871,Toute Surface,4,11
19076,786,561,Médiane,7,16
19077,786,657,Toute Surface,5,12
19078,787,97,Défensive,0,0
19079,787,489,Défensive,0,0
19080,787,567,Défensive,0,0
19081,787,188,Défensive,9,5
19082,787,286,Offensive,5,14
19083,787,628,Offensive,6,16
19084,787,313,Offensive,6,9
19085,787,588,Toute Surface,8,8
19086,787,145,Défensive,14,11
19087,787,654,Offensive,9,5
19088,787,236,Toute Surface,7,22
19089,787,917,Offensive,5,13
19090,787,79,Défensive,7,5
19091,787,316,Offensive,11,22
19092,787,565,Toute Surface,13,4
19093,787,260,Défensive,8,3
19094,787,550,Médiane,6,14
19095,787,104,Offensive,9,20
19096,787,472,Toute Surface,16,6
19097,787,906,Toute Surface,13,16
19098,787,469,Défensive,8,17
19099,787,47,Offensive,7,14
19100,787,871,Offensive,3,14
19101,787,561,Défensive,5,20
19102,787,657,Offensive,8,12
19103,788,944,Défensive,0,0
19104,788,843,Défensive,0,0
19105,788,168,Défensive,0,0
19106,788,409,Toute Surface,16,4
19107,788,982,Médiane,3,13
19108,788,587,Offensive,8,13
19109,788,275,Défensive,9,12
19110,788,862,Médiane,15,3
19111,788,753,Aucune,0,0
19112,788,826,Offensive,13,6
19113,788,11,Médiane,6,14
19114,788,215,Aucune,0,0
19115,788,892,Médiane,4,8
19116,788,914,Défensive,4,14
19117,788,180,Aucune,0,0
19118,788,607,Médiane,8,16
19119,788,107,Défensive,3,15
19120,788,836,Aucune,0,0
19121,788,88,Défensive,12,11
19122,788,718,Aucune,0,0
19123,789,944,Défensive,0,0
19124,789,843,Défensive,0,0
19125,789,168,Défensive,0,0
19126,789,409,Offensive,10,4
19127,789,982,Défensive,7,5
19128,789,587,Toute Surface,9,19
19129,789,275,Médiane,5,12
19130,789,862,Offensive,13,10
19131,789,753,Offensive,5,13
19132,789,826,Défensive,10,10
19133,789,11,Offensive,5,6
19134,789,215,Aucune,0,0
19135,789,892,Médiane,7,5
19136,789,914,Médiane,3,7
19137,789,180,Offensive,8,10
19138,789,607,Toute Surface,5,20
19139,789,107,Défensive,6,15
19140,789,836,Offensive,15,9
19141,789,88,Médiane,11,6
19142,789,718,Défensive,13,3
19143,790,944,Défensive,0,0
19144,790,843,Défensive,0,0
19145,790,168,Défensive,0,0
19146,790,409,Défensive,9,7
19147,790,982,Défensive,5,9
19148,790,587,Médiane,9,13
19149,790,275,Défensive,4,15
19150,790,862,Offensive,11,9
19151,790,753,Toute Surface,7,9
19152,790,826,Offensive,10,6
19153,790,11,Médiane,3,10
19154,790,215,Offensive,9,7
19155,790,892,Offensive,4,13
19156,790,914,Offensive,2,7
19157,790,180,Offensive,5,10
19158,790,607,Offensive,8,18
19159,790,107,Médiane,6,4
19160,790,836,Offensive,8,4
19161,790,88,Défensive,7,9
19162,790,718,Défensive,9,7
19163,791,944,Défensive,0,0
19164,791,843,Défensive,0,0
19165,791,168,Défensive,0,0
19166,791,409,Toute Surface,8,4
19167,791,982,Médiane,8,7
19168,791,587,Offensive,7,11
19169,791,275,Médiane,12,12
19170,791,862,Toute Surface,9,5
19171,791,753,Défensive,7,6
19172,791,826,Médiane,13,11
19173,791,11,Médiane,4,16
19174,791,215,Toute Surface,13,4
19175,791,892,Médiane,8,6
19176,791,914,Défensive,6,6
19177,791,180,Défensive,8,5
19178,791,607,Toute Surface,12,13
19179,791,107,Médiane,4,13
19180,791,836,Offensive,12,11
19181,791,88,Médiane,9,7
19182,791,718,Toute Surface,16,11
19183,792,944,Défensive,0,0
19184,792,843,Défensive,0,0
19185,792,168,Défensive,0,0
19186,792,409,Offensive,12,3
19187,792,982,Toute Surface,6,14
19188,792,587,Toute Surface,6,14
19189,792,275,Défensive,7,14
19190,792,862,Médiane,16,8
19191,792,753,Toute Surface,4,7
19192,792,826,Toute Surface,14,9
19193,792,11,Offensive,5,13
19194,792,215,Toute Surface,14,6
19195,792,892,Offensive,8,9
19196,792,914,Toute Surface,3,8
19197,792,180,Médiane,5,8
19198,792,607,Médiane,6,15
19199,792,107,Défensive,8,13
19200,792,836,Médiane,16,7
19201,792,88,Défensive,11,7
19202,792,718,Médiane,13,9
19203,793,944,Défensive,0,0
19204,793,843,Défensive,0,0
19205,793,168,Défensive,0,0
19206,793,409,Médiane,15,10
19207,793,982,Médiane,6,13
19208,793,587,Médiane,7,12
19209,793,275,Médiane,11,20
19210,793,862,Toute Surface,15,3
19211,793,753,Toute Surface,7,13
19212,793,826,Offensive,11,9
19213,793,11,Toute Surface,3,14
19214,793,215,Défensive,15,10
19215,793,892,Offensive,6,9
19216,793,914,Offensive,6,13
19217,793,180,Offensive,6,15
19218,793,607,Toute Surface,10,18
19219,793,107,Offensive,8,10
19220,793,836,Toute Surface,12,8
19221,793,88,Offensive,15,6
19222,793,718,Médiane,14,4
19223,794,944,Défensive,0,0
19224,794,843,Défensive,0,0
19225,794,168,Défensive,0,0
19226,794,409,Défensive,10,8
19227,794,982,Toute Surface,8,15
19228,794,587,Défensive,5,11
19229,794,275,Défensive,7,16
19230,794,862,Défensive,8,8
19231,794,753,Médiane,7,13
19232,794,826,Offensive,13,8
19233,794,11,Offensive,4,9
19234,794,215,Offensive,10,3
19235,794,892,Médiane,7,12
19236,794,914,Offensive,5,8
19237,794,180,Défensive,3,13
19238,794,607,Toute Surface,5,14
19239,794,107,Défensive,5,7
19240,794,836,Défensive,10,8
19241,794,88,Défensive,11,7
19242,794,718,Toute Surface,10,5
19243,795,944,Défensive,0,0
19244,795,843,Défensive,0,0
19245,795,168,Défensive,0,0
19246,795,409,Défensive,12,5
19247,795,982,Toute Surface,8,13
19248,795,587,Médiane,13,12
19249,795,275,Offensive,11,15
19250,795,862,Toute Surface,9,3
19251,795,753,Toute Surface,3,9
19252,795,826,Offensive,12,6
19253,795,11,Défensive,3,7
19254,795,215,Offensive,16,11
19255,795,892,Défensive,5,13
19256,795,914,Médiane,4,8
19257,795,180,Médiane,4,12
19258,795,607,Défensive,7,20
19259,795,107,Médiane,6,14
19260,795,836,Défensive,15,8
19261,795,88,Médiane,11,6
19262,795,718,Toute Surface,16,11
19263,796,944,Défensive,0,0
19264,796,843,Défensive,0,0
19265,796,168,Défensive,0,0
19266,796,409,Offensive,9,7
19267,796,982,Défensive,6,9
19268,796,587,Toute Surface,4,12
19269,796,275,Toute Surface,9,17
19270,796,862,Médiane,13,5
19271,796,753,Défensive,3,4
19272,796,826,Offensive,13,8
19273,796,11,Toute Surface,4,10
19274,796,215,Toute Surface,11,5
19275,796,892,Médiane,3,9
19276,796,914,Offensive,7,9
19277,796,180,Toute Surface,6,7
19278,796,607,Défensive,10,17
19279,796,107,Toute Surface,4,9
19280,796,836,Médiane,11,7
19281,796,88,Toute Surface,11,2
19282,796,718,Offensive,7,3
19283,797,944,Défensive,0,0
19284,797,843,Défensive,0,0
19285,797,168,Défensive,0,0
19286,797,409,Offensive,12,4
19287,797,982,Médiane,4,12
19288,797,587,Offensive,4,9
19289,797,275,Toute Surface,10,11
19290,797,862,Offensive,10,6
19291,797,753,Défensive,5,9
19292,797,826,Médiane,12,4
19293,797,11,Toute Surface,7,6
19294,797,215,Toute Surface,7,4
19295,797,892,Défensive,6,8
19296,797,914,Médiane,5,9
19297,797,180,Offensive,6,10
19298,797,607,Défensive,9,16
19299,797,107,Offensive,3,13
19300,797,836,Toute Surface,9,6
19301,797,88,Défensive,12,7
19302,797,718,Médiane,9,6
19303,798,944,Défensive,0,0
19304,798,843,Défensive,0,0
19305,798,168,Défensive,0,0
19306,798,409,Toute Surface,11,4
19307,798,982,Défensive,7,12
19308,798,587,Défensive,4,18
19309,798,275,Toute Surface,6,15
19310,798,862,Médiane,13,8
19311,798,753,Toute Surface,7,6
19312,798,826,Offensive,9,8
19313,798,11,Défensive,6,10
19314,798,215,Toute Surface,7,5
19315,798,892,Offensive,6,13
19316,798,914,Toute Surface,3,7
19317,798,180,Défensive,4,4
19318,798,607,Toute Surface,9,12
19319,798,107,Offensive,7,6
19320,798,836,Médiane,10,3
19321,798,88,Médiane,12,3
19322,798,718,Médiane,11,3
19323,799,944,Défensive,0,0
19324,799,843,Défensive,0,0
19325,799,168,Défensive,0,0
19326,799,409,Offensive,15,6
19327,799,982,Médiane,5,9
19328,799,587,Toute Surface,11,19
19329,799,275,Médiane,8,15
19330,799,862,Toute Surface,15,9
19331,799,753,Toute Surface,8,5
19332,799,826,Médiane,15,6
19333,799,11,Médiane,7,8
19334,799,215,Toute Surface,10,7
19335,799,892,Médiane,6,7
19336,799,914,Défensive,4,12
19337,799,180,Médiane,3,15
19338,799,607,Offensive,11,18
19339,799,107,Défensive,7,5
19340,799,836,Offensive,13,10
19341,799,88,Médiane,8,6
19342,799,718,Offensive,10,7
19343,800,944,Défensive,0,0
19344,800,843,Défensive,0,0
19345,800,168,Défensive,0,0
19346,800,409,Offensive,9,3
19347,800,982,Offensive,6,16
19348,800,587,Toute Surface,12,17
19349,800,275,Médiane,12,22
19350,800,862,Défensive,8,8
19351,800,753,Défensive,3,8
19352,800,826,Toute Surface,16,9
19353,800,11,Offensive,8,11
19354,800,215,Médiane,15,4
19355,800,892,Médiane,4,14
19356,800,914,Médiane,8,6
19357,800,180,Défensive,4,8
19358,800,607,Toute Surface,9,22
19359,800,107,Médiane,6,12
19360,800,836,Toute Surface,14,5
19361,800,88,Médiane,14,7
19362,800,718,Défensive,12,7
19363,801,944,Défensive,0,0
19364,801,843,Défensive,0,0
19365,801,168,Défensive,0,0
19366,801,409,Médiane,10,4
19367,801,982,Offensive,6,9
19368,801,587,Médiane,9,9
19369,801,275,Médiane,8,11
19370,801,862,Médiane,8,6
19371,801,753,Défensive,4,9
19372,801,826,Défensive,8,3
19373,801,11,Médiane,6,4
19374,801,215,Toute Surface,11,4
19375,801,892,Offensive,6,11
19376,801,914,Offensive,5,8
19377,801,180,Médiane,2,6
19378,801,607,Défensive,5,11
19379,801,107,Toute Surface,3,9
19380,801,836,Défensive,10,7
19381,801,88,Médiane,13,7
19382,801,718,Offensive,9,9
19383,802,944,Défensive,0,0
19384,802,843,Défensive,0,0
19385,802,168,Défensive,0,0
19386,802,409,Défensive,15,6
19387,802,982,Offensive,5,5
19388,802,587,Offensive,6,22
19389,802,275,Médiane,11,18
19390,802,862,Toute Surface,14,6
19391,802,753,Offensive,6,9
19392,802,826,Défensive,12,11
19393,802,11,Défensive,4,16
19394,802,215,Toute Surface,8,7
19395,802,892,Médiane,6,6
19396,802,914,Défensive,3,11
19397,802,180,Médiane,3,7
19398,802,607,Toute Surface,9,17
19399,802,107,Toute Surface,6,11
19400,802,836,Médiane,16,11
19401,802,88,Toute Surface,15,3
19402,802,718,Défensive,11,7
19403,803,944,Défensive,0,0
19404,803,843,Défensive,0,0
19405,803,168,Défensive,0,0
19406,803,409,Médiane,8,11
19407,803,982,Médiane,6,6
19408,803,587,Offensive,9,20
19409,803,275,Offensive,8,11
19410,803,862,Médiane,11,8
19411,803,753,Médiane,3,8
19412,803,826,Offensive,16,8
19413,803,11,Toute Surface,6,13
19414,803,215,Médiane,9,4
19415,803,892,Offensive,3,14
19416,803,914,Défensive,8,15
19417,803,180,Toute Surface,3,13
19418,803,607,Médiane,7,20
19419,803,107,Toute Surface,8,11
19420,803,836,Offensive,15,6
19421,803,88,Toute Surface,9,9
19422,803,718,Médiane,15,6
19423,804,944,Défensive,0,0
19424,804,843,Défensive,0,0
19425,804,168,Défensive,0,0
19426,804,409,Toute Surface,8,4
19427,804,982,Médiane,5,9
19428,804,587,Offensive,9,15
19429,804,275,Médiane,9,12
19430,804,862,Offensive,12,3
19431,804,753,Médiane,3,6
19432,804,826,Toute Surface,9,2
19433,804,11,Médiane,4,12
19434,804,215,Offensive,13,9
19435,804,892,Toute Surface,6,9
19436,804,914,Défensive,3,12
19437,804,180,Médiane,3,5
19438,804,607,Offensive,6,9
19439,804,107,Défensive,3,9
19440,804,836,Défensive,10,3
19441,804,88,Offensive,9,5
19442,804,718,Médiane,7,3
19443,805,944,Défensive,0,0
19444,805,843,Défensive,0,0
19445,805,168,Défensive,0,0
19446,805,409,Offensive,13,7
19447,805,982,Médiane,2,5
19448,805,587,Défensive,4,9
19449,805,275,Toute Surface,5,15
19450,805,862,Toute Surface,11,4
19451,805,753,Médiane,2,9
19452,805,826,Médiane,11,5
19453,805,11,Médiane,4,6
19454,805,215,Toute Surface,8,6
19455,805,892,Médiane,7,7
19456,805,914,Médiane,6,11
19457,805,180,Médiane,3,10
19458,805,607,Offensive,7,13
19459,805,107,Médiane,6,6
19460,805,836,Toute Surface,9,9
19461,805,88,Offensive,10,8
19462,805,718,Médiane,10,3
19463,806,944,Défensive,0,0
19464,806,843,Défensive,0,0
19465,806,168,Défensive,0,0
19466,806,409,Offensive,15,11
19467,806,982,Toute Surface,6,14
19468,806,587,Médiane,9,19
19469,806,275,Médiane,11,12
19470,806,862,Médiane,14,3
19471,806,753,Toute Surface,4,8
19472,806,826,Offensive,14,6
19473,806,11,Offensive,4,13
19474,806,215,Offensive,13,5
19475,806,892,Offensive,4,5
19476,806,914,Toute Surface,8,8
19477,806,180,Médiane,7,7
19478,806,607,Médiane,9,18
19479,806,107,Offensive,7,6
19480,806,836,Toute Surface,9,7
19481,806,88,Défensive,11,8
19482,806,718,Médiane,8,9
19483,807,944,Défensive,0,0
19484,807,843,Défensive,0,0
19485,807,168,Défensive,0,0
19486,807,409,Défensive,13,7
19487,807,982,Défensive,4,12
19488,807,587,Offensive,9,18
19489,807,275,Défensive,7,17
19490,807,862,Médiane,7,7
19491,807,753,Défensive,2,4
19492,807,826,Médiane,9,5
19493,807,11,Offensive,3,6
19494,807,215,Offensive,9,3
19495,807,892,Toute Surface,2,9
19496,807,914,Défensive,3,4
19497,807,180,Toute Surface,4,4
19498,807,607,Défensive,7,11
19499,807,107,Toute Surface,5,6
19500,807,836,Toute Surface,10,5
19501,807,88,Médiane,11,5
19502,807,718,Défensive,11,8
19503,808,944,Défensive,0,0
19504,808,843,Défensive,0,0
19505,808,168,Défensive,0,0
19506,808,409,Toute Surface,15,3
19507,808,982,Offensive,4,16
19508,808,587,Toute Surface,13,11
19509,808,275,Toute Surface,13,15
19510,808,862,Défensive,15,7
19511,808,753,Défensive,8,14
19512,808,826,Toute Surface,11,7
19513,808,11,Toute Surface,5,8
19514,808,215,Toute Surface,9,6
19515,808,892,Toute Surface,3,5
19516,808,914,Médiane,8,9
19517,808,180,Toute Surface,6,11
19518,808,607,Médiane,5,17
19519,808,107,Offensive,4,13
19520,808,836,Défensive,12,5
19521,808,88,Défensive,16,9
19522,808,718,Défensive,13,9
19523,809,944,Défensive,0,0
19524,809,843,Défensive,0,0
19525,809,168,Défensive,0,0
19526,809,409,Médiane,13,5
19527,809,982,Offensive,6,11
19528,809,587,Offensive,10,19
19529,809,275,Offensive,10,11
19530,809,862,Offensive,14,10
19531,809,753,Médiane,5,13
19532,809,826,Défensive,11,4
19533,809,11,Toute Surface,6,15
19534,809,215,Offensive,12,7
19535,809,892,Médiane,5,7
19536,809,914,Toute Surface,7,12
19537,809,180,Médiane,7,8
19538,809,607,Défensive,12,11
19539,809,107,Offensive,3,15
19540,809,836,Offensive,14,9
19541,809,88,Toute Surface,11,5
19542,809,718,Médiane,11,7
19543,810,944,Défensive,0,0
19544,810,843,Défensive,0,0
19545,810,168,Défensive,0,0
19546,810,409,Toute Surface,12,7
19547,810,982,Offensive,5,11
19548,810,587,Médiane,6,16
19549,810,275,Défensive,5,16
19550,810,862,Médiane,12,9
19551,810,753,Médiane,6,16
19552,810,826,Offensive,15,7
19553,810,11,Médiane,3,12
19554,810,215,Défensive,12,5
19555,810,892,Offensive,6,11
19556,810,914,Médiane,7,15
19557,810,180,Médiane,7,8
19558,810,607,Offensive,9,20
19559,810,107,Défensive,7,6
19560,810,836,Médiane,13,4
19561,810,88,Offensive,11,7
19562,810,718,Défensive,12,8
19563,811,944,Défensive,0,0
19564,811,843,Défensive,0,0
19565,811,168,Défensive,0,0
19566,811,409,Offensive,9,2
19567,811,982,Médiane,5,8
19568,811,587,Offensive,8,16
19569,811,275,Offensive,10,13
19570,811,862,Toute Surface,7,4
19571,811,753,Toute Surface,4,9
19572,811,826,Défensive,7,8
19573,811,11,Toute Surface,6,5
19574,811,215,Médiane,12,2
19575,811,892,Offensive,5,9
19576,811,914,Toute Surface,6,7
19577,811,180,Offensive,2,11
19578,811,607,Défensive,7,10
19579,811,107,Toute Surface,5,5
19580,811,836,Toute Surface,13,8
19581,811,88,Offensive,9,6
19582,811,718,Défensive,13,7
19583,812,944,Défensive,0,0
19584,812,843,Défensive,0,0
19585,812,168,Défensive,0,0
19586,812,409,Offensive,10,5
19587,812,982,Toute Surface,4,12
19588,812,587,Défensive,8,17
19589,812,275,Toute Surface,5,14
19590,812,862,Toute Surface,12,5
19591,812,753,Défensive,6,5
19592,812,826,Offensive,7,7
19593,812,11,Médiane,7,9
19594,812,215,Offensive,10,2
19595,812,892,Offensive,2,5
19596,812,914,Toute Surface,6,8
19597,812,180,Toute Surface,4,4
19598,812,607,Médiane,5,9
19599,812,107,Médiane,5,8
19600,812,836,Défensive,12,5
19601,812,88,Toute Surface,7,7
19602,812,718,Défensive,9,4
19603,813,944,Défensive,0,0
19604,813,843,Défensive,0,0
19605,813,168,Défensive,0,0
19606,813,409,Défensive,15,5
19607,813,982,Offensive,3,7
19608,813,587,Offensive,5,17
19609,813,275,Défensive,6,11
19610,813,862,Défensive,16,6
19611,813,753,Défensive,5,9
19612,813,826,Offensive,14,9
19613,813,11,Défensive,3,14
19614,813,215,Offensive,13,6
19615,813,892,Médiane,8,8
19616,813,914,Médiane,4,15
19617,813,180,Défensive,6,7
19618,813,607,Toute Surface,5,12
19619,813,107,Défensive,8,5
19620,813,836,Défensive,11,8
19621,813,88,Toute Surface,11,9
19622,813,718,Médiane,16,7
19623,814,944,Défensive,0,0
19624,814,843,Défensive,0,0
19625,814,168,Défensive,0,0
19626,814,409,Médiane,11,3
19627,814,982,Offensive,6,6
19628,814,587,Défensive,7,14
19629,814,275,Défensive,5,12
19630,814,862,Défensive,11,9
19631,814,753,Médiane,4,13
19632,814,826,Défensive,9,6
19633,814,11,Médiane,6,8
19634,814,215,Toute Surface,14,4
19635,814,892,Offensive,5,14
19636,814,914,Offensive,4,6
19637,814,180,Médiane,8,8
19638,814,607,Offensive,11,22
19639,814,107,Défensive,7,5
19640,814,836,Offensive,8,11
19641,814,88,Offensive,15,8
19642,814,718,Médiane,15,4
19643,815,944,Défensive,0,0
19644,815,843,Défensive,0,0
19645,815,168,Défensive,0,0
19646,815,409,Médiane,8,3
19647,815,982,Défensive,6,8
19648,815,587,Toute Surface,4,17
19649,815,275,Toute Surface,9,15
19650,815,862,Médiane,8,5
19651,815,753,Médiane,2,11
19652,815,826,Médiane,9,9
19653,815,11,Toute Surface,2,12
19654,815,215,Médiane,10,4
19655,815,892,Offensive,2,9
19656,815,914,Offensive,3,9
19657,815,180,Médiane,7,6
19658,815,607,Toute Surface,7,9
19659,815,107,Médiane,7,9
19660,815,836,Toute Surface,12,4
19661,815,88,Offensive,10,4
19662,815,718,Offensive,10,5
19663,816,944,Défensive,0,0
19664,816,843,Défensive,0,0
19665,816,168,Défensive,0,0
19666,816,409,Toute Surface,9,2
19667,816,982,Toute Surface,6,10
19668,816,587,Médiane,7,18
19669,816,275,Offensive,4,11
19670,816,862,Toute Surface,11,7
19671,816,753,Toute Surface,3,7
19672,816,826,Toute Surface,13,8
19673,816,11,Offensive,7,8
19674,816,215,Offensive,7,7
19675,816,892,Médiane,3,5
19676,816,914,Défensive,3,6
19677,816,180,Offensive,3,10
19678,816,607,Défensive,9,13
19679,816,107,Médiane,3,11
19680,816,836,Offensive,9,9
19681,816,88,Défensive,13,2
19682,816,718,Médiane,12,7
19683,817,944,Défensive,0,0
19684,817,843,Défensive,0,0
19685,817,168,Défensive,0,0
19686,817,409,Défensive,15,9
19687,817,982,Offensive,4,11
19688,817,587,Offensive,12,18
19689,817,275,Toute Surface,9,16
19690,817,862,Toute Surface,15,4
19691,817,753,Offensive,8,7
19692,817,826,Offensive,13,4
19693,817,11,Toute Surface,6,6
19694,817,215,Médiane,14,11
19695,817,892,Toute Surface,6,12
19696,817,914,Offensive,4,5
19697,817,180,Toute Surface,6,7
19698,817,607,Toute Surface,8,11
19699,817,107,Offensive,4,11
19700,817,836,Médiane,8,6
19701,817,88,Médiane,8,11
19702,817,718,Défensive,15,8
19703,818,944,Défensive,0,0
19704,818,843,Défensive,0,0
19705,818,168,Défensive,0,0
19706,818,409,Médiane,15,5
19707,818,982,Médiane,4,14
19708,818,587,Toute Surface,11,22
19709,818,275,Offensive,9,19
19710,818,862,Toute Surface,15,9
19711,818,753,Offensive,6,12
19712,818,826,Offensive,9,4
19713,818,11,Toute Surface,5,5
19714,818,215,Toute Surface,15,11
19715,818,892,Offensive,4,12
19716,818,914,Offensive,7,13
19717,818,180,Toute Surface,3,11
19718,818,607,Offensive,6,16
19719,818,107,Offensive,3,7
19720,818,836,Défensive,16,6
19721,818,88,Offensive,12,3
19722,818,718,Médiane,12,9
19723,819,944,Défensive,0,0
19724,819,843,Défensive,0,0
19725,819,168,Défensive,0,0
19726,819,409,Toute Surface,7,7
19727,819,982,Offensive,3,4
19728,819,587,Toute Surface,4,16
19729,819,275,Défensive,10,14
19730,819,862,Défensive,7,2
19731,819,753,Toute Surface,5,13
19732,819,826,Défensive,7,4
19733,819,11,Médiane,5,10
19734,819,215,Offensive,10,6
19735,819,892,Médiane,6,12
19736,819,914,Médiane,2,9
19737,819,180,Médiane,4,13
19738,819,607,Médiane,7,10
19739,819,107,Toute Surface,6,8
19740,819,836,Toute Surface,9,4
19741,819,88,Défensive,7,9
19742,819,718,Défensive,13,5
19743,820,944,Défensive,0,0
19744,820,843,Défensive,0,0
19745,820,168,Défensive,0,0
19746,820,409,Offensive,14,7
19747,820,982,Médiane,7,9
19748,820,587,Défensive,7,14
19749,820,275,Toute Surface,8,20
19750,820,862,Toute Surface,9,9
19751,820,753,Offensive,8,16
19752,820,826,Toute Surface,16,6
19753,820,11,Médiane,5,6
19754,820,215,Médiane,11,8
19755,820,892,Offensive,5,14
19756,820,914,Offensive,7,5
19757,820,180,Toute Surface,3,13
19758,820,607,Médiane,7,15
19759,820,107,Toute Surface,7,14
19760,820,836,Toute Surface,9,5
19761,820,88,Défensive,12,11
19762,820,718,Défensive,11,4
19763,821,944,Défensive,0,0
19764,821,843,Défensive,0,0
19765,821,168,Défensive,0,0
19766,821,409,Offensive,8,6
19767,821,982,Offensive,8,16
19768,821,587,Toute Surface,12,14
19769,821,275,Médiane,7,19
19770,821,862,Toute Surface,8,6
19771,821,753,Défensive,7,12
19772,821,826,Défensive,12,6
19773,821,11,Offensive,4,15
19774,821,215,Médiane,11,7
19775,821,892,Défensive,5,5
19776,821,914,Défensive,6,7
19777,821,180,Médiane,8,16
19778,821,607,Offensive,11,18
19779,821,107,Médiane,4,5
19780,821,836,Toute Surface,9,9
19781,821,88,Défensive,8,6
19782,821,718,Toute Surface,16,11
19783,822,944,Défensive,0,0
19784,822,843,Défensive,0,0
19785,822,168,Défensive,0,0
19786,822,409,Toute Surface,12,3
19787,822,982,Médiane,5,12
19788,822,587,Défensive,6,20
19789,822,275,Médiane,7,17
19790,822,862,Défensive,8,4
19791,822,753,Défensive,8,8
19792,822,826,Offensive,13,9
19793,822,11,Toute Surface,4,14
19794,822,215,Défensive,15,9
19795,822,892,Offensive,4,11
19796,822,914,Toute Surface,4,7
19797,822,180,Offensive,5,13
19798,822,607,Toute Surface,6,19
19799,822,107,Offensive,4,7
19800,822,836,Toute Surface,13,9
19801,822,88,Médiane,13,5
19802,822,718,Médiane,9,4
19803,823,944,Défensive,0,0
19804,823,843,Défensive,0,0
19805,823,168,Défensive,0,0
19806,823,409,Toute Surface,14,9
19807,823,982,Défensive,5,11
19808,823,587,Médiane,11,20
19809,823,275,Offensive,13,17
19810,823,862,Offensive,8,8
19811,823,753,Défensive,7,8
19812,823,826,Défensive,13,11
19813,823,11,Défensive,5,7
19814,823,215,Toute Surface,13,4
19815,823,892,Toute Surface,6,7
19816,823,914,Défensive,8,6
19817,823,180,Médiane,7,15
19818,823,607,Défensive,8,22
19819,823,107,Toute Surface,6,5
19820,823,836,Défensive,13,7
19821,823,88,Offensive,9,3
19822,823,718,Toute Surface,12,8
19823,824,944,Défensive,0,0
19824,824,843,Défensive,0,0
19825,824,168,Défensive,0,0
19826,824,409,Médiane,11,7
19827,824,982,Défensive,4,8
19828,824,587,Médiane,11,13
19829,824,275,Offensive,10,15
19830,824,862,Défensive,11,3
19831,824,753,Médiane,6,9
19832,824,826,Défensive,11,4
19833,824,11,Toute Surface,7,8
19834,824,215,Offensive,8,7
19835,824,892,Offensive,4,6
19836,824,914,Médiane,3,5
19837,824,180,Médiane,8,12
19838,824,607,Médiane,5,15
19839,824,107,Toute Surface,5,6
19840,824,836,Toute Surface,9,9
19841,824,88,Toute Surface,14,9
19842,824,718,Médiane,15,6
19843,825,944,Défensive,0,0
19844,825,843,Défensive,0,0
19845,825,168,Défensive,0,0
19846,825,409,Médiane,10,3
19847,825,982,Toute Surface,6,9
19848,825,587,Toute Surface,9,17
19849,825,275,Toute Surface,7,15
19850,825,862,Médiane,10,6
19851,825,753,Médiane,7,10
19852,825,826,Offensive,12,8
19853,825,11,Médiane,2,11
19854,825,215,Offensive,9,9
19855,825,892,Toute Surface,5,11
19856,825,914,Toute Surface,7,9
19857,825,180,Défensive,7,9
19858,825,607,Défensive,9,10
19859,825,107,Offensive,6,9
19860,825,836,Offensive,9,2
19861,825,88,Défensive,8,5
19862,825,718,Offensive,7,7
19863,826,944,Défensive,0,0
19864,826,843,Défensive,0,0
19865,826,168,Défensive,0,0
19866,826,409,Offensive,9,7
19867,826,982,Toute Surface,3,7
19868,826,587,Médiane,5,12
19869,826,275,Médiane,12,16
19870,826,862,Offensive,9,6
19871,826,753,Offensive,3,14
19872,826,826,Médiane,11,5
19873,826,11,Offensive,3,16
19874,826,215,Défensive,11,3
19875,826,892,Défensive,6,8
19876,826,914,Toute Surface,8,14
19877,826,180,Défensive,3,15
19878,826,607,Médiane,11,14
19879,826,107,Défensive,8,8
19880,826,836,Défensive,14,8
19881,826,88,Défensive,13,8
19882,826,718,Médiane,13,8
19883,827,944,Défensive,0,0
19884,827,843,Défensive,0,0
19885,827,168,Défensive,0,0
19886,827,409,Médiane,11,6
19887,827,982,Offensive,8,6
19888,827,587,Défensive,8,14
19889,827,275,Défensive,13,14
19890,827,862,Offensive,9,7
19891,827,753,Toute Surface,3,8
19892,827,826,Offensive,12,6
19893,827,11,Offensive,4,7
19894,827,215,Défensive,16,9
19895,827,892,Offensive,4,8
19896,827,914,Médiane,6,5
19897,827,180,Défensive,6,16
19898,827,607,Médiane,11,19
19899,827,107,Défensive,3,14
19900,827,836,Défensive,13,8
19901,827,88,Toute Surface,8,6
19902,827,718,Médiane,13,7
19903,828,944,Défensive,0,0
19904,828,843,Défensive,0,0
19905,828,168,Défensive,0,0
19906,828,409,Défensive,12,7
19907,828,982,Offensive,8,8
19908,828,587,Toute Surface,11,16
19909,828,275,Médiane,7,15
19910,828,862,Médiane,8,5
19911,828,753,Défensive,4,9
19912,828,826,Médiane,15,3
19913,828,11,Offensive,6,8
19914,828,215,Médiane,8,6
19915,828,892,Offensive,7,5
19916,828,914,Défensive,3,14
19917,828,180,Offensive,6,6
19918,828,607,Défensive,13,20
19919,828,107,Offensive,4,15
19920,828,836,Toute Surface,16,4
19921,828,88,Toute Surface,8,11
19922,828,718,Offensive,9,5
19923,829,944,Défensive,0,0
19924,829,843,Défensive,0,0
19925,829,168,Défensive,0,0
19926,829,409,Médiane,9,4
19927,829,982,Médiane,6,9
19928,829,587,Toute Surface,13,20
19929,829,275,Défensive,12,17
19930,829,862,Offensive,16,8
19931,829,753,Toute Surface,5,16
19932,829,826,Défensive,8,4
19933,829,11,Offensive,3,7
19934,829,215,Toute Surface,9,7
19935,829,892,Offensive,5,12
19936,829,914,Défensive,4,15
19937,829,180,Toute Surface,3,12
19938,829,607,Offensive,5,12
19939,829,107,Toute Surface,5,15
19940,829,836,Médiane,16,11
19941,829,88,Offensive,16,3
19942,829,718,Médiane,9,3
19943,830,944,Défensive,0,0
19944,830,843,Défensive,0,0
19945,830,168,Défensive,0,0
19946,830,409,Toute Surface,11,5
19947,830,982,Offensive,7,5
19948,830,587,Défensive,4,18
19949,830,275,Défensive,10,17
19950,830,862,Défensive,13,9
19951,830,753,Toute Surface,2,9
19952,830,826,Toute Surface,9,8
19953,830,11,Défensive,5,12
19954,830,215,Défensive,10,8
19955,830,892,Défensive,4,9
19956,830,914,Toute Surface,4,8
19957,830,180,Défensive,4,6
19958,830,607,Offensive,4,9
19959,830,107,Offensive,6,8
19960,830,836,Défensive,13,6
19961,830,88,Toute Surface,10,7
19962,830,718,Offensive,13,5
19963,831,944,Défensive,0,0
19964,831,843,Défensive,0,0
19965,831,168,Défensive,0,0
19966,831,409,Offensive,8,2
19967,831,982,Toute Surface,6,12
19968,831,587,Médiane,10,15
19969,831,275,Défensive,5,13
19970,831,862,Médiane,8,7
19971,831,753,Défensive,6,8
19972,831,826,Médiane,7,4
19973,831,11,Toute Surface,5,7
19974,831,215,Offensive,9,4
19975,831,892,Offensive,3,9
19976,831,914,Offensive,7,9
19977,831,180,Défensive,5,12
19978,831,607,Médiane,6,15
19979,831,107,Toute Surface,5,12
19980,831,836,Médiane,9,6
19981,831,88,Toute Surface,9,7
19982,831,718,Médiane,12,3
19983,832,944,Défensive,0,0
19984,832,843,Défensive,0,0
19985,832,168,Défensive,0,0
19986,832,409,Défensive,8,7
19987,832,982,Offensive,3,8
19988,832,587,Défensive,9,18
19989,832,275,Médiane,5,15
19990,832,862,Toute Surface,9,6
19991,832,753,Défensive,8,15
19992,832,826,Offensive,11,6
19993,832,11,Défensive,6,6
19994,832,215,Toute Surface,15,7
19995,832,892,Défensive,8,15
19996,832,914,Défensive,7,5
19997,832,180,Défensive,7,8
19998,832,607,Toute Surface,6,13
19999,832,107,Toute Surface,3,5
20000,832,836,Toute Surface,9,9
20001,832,88,Offensive,14,8
20002,832,718,Toute Surface,9,4
20003,833,866,Défensive,0,0
20004,833,406,Défensive,0,0
20005,833,731,Aucune,0,0
20006,833,380,Toute Surface,5,20
20007,833,976,Aucune,0,0
20008,833,590,Aucune,0,0
20009,833,715,Défensive,7,16
20010,833,342,Aucune,0,0
20011,833,258,Défensive,8,16
20012,833,18,Toute Surface,16,5
20013,833,943,Médiane,16,9
20014,833,996,Aucune,0,0
20015,833,38,Aucune,0,0
20016,833,206,Défensive,8,12
20017,833,100,Offensive,3,9
20018,833,831,Aucune,0,0
20019,833,664,Médiane,13,19
20020,833,66,Aucune,0,0
20021,833,77,Offensive,6,5
20022,833,89,Toute Surface,15,4
20023,833,897,Médiane,9,4
20024,833,726,Défensive,11,20
20025,833,849,Toute Surface,8,11
20026,833,30,Aucune,0,0
20027,833,809,Aucune,0,0
20028,834,866,Défensive,0,0
20029,834,406,Défensive,0,0
20030,834,731,Défensive,0,0
20031,834,380,Offensive,7,15
20032,834,976,Offensive,9,7
20033,834,590,Toute Surface,5,9
20034,834,715,Défensive,5,9
20035,834,342,Toute Surface,3,9
20036,834,258,Défensive,7,16
20037,834,18,Médiane,10,9
20038,834,943,Défensive,12,8
20039,834,996,Aucune,0,0
20040,834,38,Toute Surface,12,15
20041,834,206,Médiane,11,14
20042,834,100,Offensive,6,10
20043,834,831,Aucune,0,0
20044,834,664,Médiane,5,11
20045,834,66,Médiane,12,4
20046,834,77,Défensive,7,9
20047,834,89,Offensive,13,8
20048,834,897,Offensive,11,9
20049,834,726,Défensive,8,16
20050,834,849,Offensive,6,15
20051,834,30,Défensive,15,8
20052,834,809,Médiane,10,9
20053,835,866,Défensive,0,0
20054,835,406,Défensive,0,0
20055,835,731,Défensive,0,0
20056,835,380,Médiane,13,17
20057,835,976,Toute Surface,14,4
20058,835,590,Offensive,5,12
20059,835,715,Offensive,6,16
20060,835,342,Défensive,3,13
20061,835,258,Défensive,7,13
20062,835,18,Médiane,9,9
20063,835,943,Toute Surface,11,6
20064,835,996,Aucune,0,0
20065,835,38,Médiane,13,20
20066,835,206,Toute Surface,11,16
20067,835,100,Défensive,6,14
20068,835,831,Toute Surface,13,13
20069,835,664,Offensive,9,16
20070,835,66,Toute Surface,16,11
20071,835,77,Médiane,5,7
20072,835,89,Défensive,13,8
20073,835,897,Toute Surface,11,9
20074,835,726,Médiane,9,20
20075,835,849,Toute Surface,12,17
20076,835,30,Médiane,9,4
20077,835,809,Médiane,15,3
20078,836,866,Défensive,0,0
20079,836,406,Défensive,0,0
20080,836,731,Défensive,0,0
20081,836,380,Offensive,8,16
20082,836,976,Offensive,11,6
20083,836,590,Médiane,7,15
20084,836,715,Offensive,6,16
20085,836,342,Offensive,7,13
20086,836,258,Médiane,13,15
20087,836,18,Médiane,16,7
20088,836,943,Offensive,9,4
20089,836,996,Aucune,0,0
20090,836,38,Médiane,8,11
20091,836,206,Médiane,7,20
20092,836,100,Offensive,8,15
20093,836,831,Toute Surface,6,14
20094,836,664,Offensive,8,17
20095,836,66,Toute Surface,9,3
20096,836,77,Défensive,7,6
20097,836,89,Médiane,12,7
20098,836,897,Toute Surface,13,6
20099,836,726,Médiane,6,20
20100,836,849,Défensive,5,20
20101,836,30,Médiane,14,5
20102,836,809,Médiane,13,11
20103,837,866,Défensive,0,0
20104,837,406,Défensive,0,0
20105,837,731,Défensive,0,0
20106,837,380,Défensive,4,10
20107,837,976,Toute Surface,13,8
20108,837,590,Offensive,4,7
20109,837,715,Offensive,6,5
20110,837,342,Toute Surface,7,9
20111,837,258,Médiane,5,16
20112,837,18,Toute Surface,7,3
20113,837,943,Défensive,11,8
20114,837,996,Médiane,5,9
20115,837,38,Médiane,9,17
20116,837,206,Médiane,8,17
20117,837,100,Toute Surface,7,8
20118,837,831,Offensive,10,14
20119,837,664,Défensive,7,10
20120,837,66,Médiane,8,6
20121,837,77,Toute Surface,4,12
20122,837,89,Toute Surface,8,7
20123,837,897,Médiane,13,4
20124,837,726,Défensive,6,10
20125,837,849,Médiane,6,14
20126,837,30,Toute Surface,9,3
20127,837,809,Défensive,8,2
20128,838,866,Défensive,0,0
20129,838,406,Défensive,0,0
20130,838,731,Défensive,0,0
20131,838,380,Toute Surface,7,22
20132,838,976,Médiane,9,9
20133,838,590,Offensive,4,8
20134,838,715,Offensive,4,9
20135,838,342,Toute Surface,4,16
20136,838,258,Offensive,11,17
20137,838,18,Défensive,15,5
20138,838,943,Toute Surface,8,6
20139,838,996,Médiane,13,17
20140,838,38,Médiane,7,19
20141,838,206,Offensive,9,14
20142,838,100,Offensive,4,12
20143,838,831,Toute Surface,7,11
20144,838,664,Défensive,5,12
20145,838,66,Défensive,16,7
20146,838,77,Offensive,8,14
20147,838,89,Médiane,16,9
20148,838,897,Toute Surface,12,11
20149,838,726,Toute Surface,9,16
20150,838,849,Défensive,6,20
20151,838,30,Médiane,12,7
20152,838,809,Défensive,16,6
20153,839,866,Défensive,0,0
20154,839,406,Défensive,0,0
20155,839,731,Défensive,0,0
20156,839,380,Toute Surface,12,15
20157,839,976,Offensive,13,7
20158,839,590,Offensive,4,12
20159,839,715,Toute Surface,3,11
20160,839,342,Offensive,8,9
20161,839,258,Défensive,11,15
20162,839,18,Médiane,10,9
20163,839,943,Toute Surface,15,9
20164,839,996,Toute Surface,7,18
20165,839,38,Offensive,12,15
20166,839,206,Médiane,5,14
20167,839,100,Toute Surface,6,5
20168,839,831,Toute Surface,5,13
20169,839,664,Défensive,5,12
20170,839,66,Toute Surface,13,9
20171,839,77,Défensive,8,15
20172,839,89,Médiane,8,7
20173,839,897,Toute Surface,14,4
20174,839,726,Défensive,7,19
20175,839,849,Toute Surface,9,20
20176,839,30,Offensive,8,4
20177,839,809,Médiane,8,10
20178,840,866,Défensive,0,0
20179,840,406,Défensive,0,0
20180,840,731,Défensive,0,0
20181,840,380,Toute Surface,6,18
20182,840,976,Toute Surface,12,11
20183,840,590,Toute Surface,8,11
20184,840,715,Défensive,3,13
20185,840,342,Toute Surface,8,9
20186,840,258,Défensive,8,19
20187,840,18,Offensive,9,3
20188,840,943,Médiane,15,3
20189,840,996,Défensive,11,18
20190,840,38,Médiane,11,11
20191,840,206,Médiane,8,22
20192,840,100,Offensive,6,7
20193,840,831,Offensive,9,19
20194,840,664,Médiane,8,17
20195,840,66,Toute Surface,16,3
20196,840,77,Toute Surface,6,8
20197,840,89,Défensive,13,6
20198,840,897,Toute Surface,13,5
20199,840,726,Défensive,8,13
20200,840,849,Médiane,8,15
20201,840,30,Toute Surface,16,8
20202,840,809,Défensive,9,3
20203,841,866,Défensive,0,0
20204,841,406,Défensive,0,0
20205,841,731,Défensive,0,0
20206,841,380,Offensive,13,20
20207,841,976,Offensive,8,6
20208,841,590,Offensive,4,5
20209,841,715,Offensive,3,15
20210,841,342,Médiane,8,6
20211,841,258,Défensive,8,15
20212,841,18,Défensive,15,6
20213,841,943,Offensive,12,11
20214,841,996,Médiane,11,15
20215,841,38,Toute Surface,5,13
20216,841,206,Défensive,6,15
20217,841,100,Défensive,4,15
20218,841,831,Offensive,7,22
20219,841,664,Médiane,7,14
20220,841,66,Offensive,11,7
20221,841,77,Toute Surface,6,15
20222,841,89,Défensive,11,3
20223,841,897,Offensive,15,11
20224,841,726,Défensive,7,16
20225,841,849,Toute Surface,5,11
20226,841,30,Offensive,12,5
20227,841,809,Offensive,8,6
20228,842,866,Défensive,0,0
20229,842,406,Défensive,0,0
20230,842,731,Défensive,0,0
20231,842,380,Défensive,7,15
20232,842,976,Médiane,16,5
20233,842,590,Offensive,8,9
20234,842,715,Défensive,7,13
20235,842,342,Toute Surface,4,8
20236,842,258,Défensive,12,20
20237,842,18,Toute Surface,15,9
20238,842,943,Médiane,15,6
20239,842,996,Défensive,11,16
20240,842,38,Médiane,12,16
20241,842,206,Médiane,6,22
20242,842,100,Médiane,8,16
20243,842,831,Médiane,5,20
20244,842,664,Offensive,7,14
20245,842,66,Offensive,12,4
20246,842,77,Médiane,4,14
20247,842,89,Offensive,13,4
20248,842,897,Offensive,15,4
20249,842,726,Toute Surface,9,12
20250,842,849,Toute Surface,11,11
20251,842,30,Médiane,8,11
20252,842,809,Toute Surface,13,8
20253,843,866,Défensive,0,0
20254,843,406,Défensive,0,0
20255,843,731,Défensive,0,0
20256,843,380,Défensive,5,10
20257,843,976,Toute Surface,7,6
20258,843,590,Médiane,6,5
20259,843,715,Médiane,2,8
20260,843,342,Médiane,7,7
20261,843,258,Toute Surface,8,12
20262,843,18,Médiane,10,5
20263,843,943,Médiane,9,4
20264,843,996,Offensive,4,10
20265,843,38,Offensive,7,15
20266,843,206,Médiane,6,17
20267,843,100,Médiane,6,6
20268,843,831,Défensive,5,17
20269,843,664,Défensive,4,9
20270,843,66,Toute Surface,9,4
20271,843,77,Offensive,4,5
20272,843,89,Offensive,13,4
20273,843,897,Médiane,9,8
20274,843,726,Offensive,6,10
20275,843,849,Médiane,6,9
20276,843,30,Toute Surface,12,6
20277,843,809,Offensive,8,7
20278,844,866,Défensive,0,0
20279,844,406,Défensive,0,0
20280,844,731,Défensive,0,0
20281,844,380,Défensive,5,17
20282,844,976,Offensive,8,5
20283,844,590,Offensive,3,15
20284,844,715,Offensive,3,13
20285,844,342,Médiane,8,12
20286,844,258,Défensive,7,15
20287,844,18,Médiane,15,4
20288,844,943,Offensive,11,6
20289,844,996,Offensive,7,16
20290,844,38,Toute Surface,8,14
20291,844,206,Toute Surface,13,20
20292,844,100,Offensive,4,7
20293,844,831,Toute Surface,11,19
20294,844,664,Offensive,7,12
20295,844,66,Offensive,8,8
20296,844,77,Médiane,3,16
20297,844,89,Toute Surface,8,11
20298,844,897,Offensive,16,4
20299,844,726,Défensive,7,12
20300,844,849,Toute Surface,9,12
20301,844,30,Défensive,8,7
20302,844,809,Toute Surface,9,3
20303,845,866,Défensive,0,0
20304,845,406,Défensive,0,0
20305,845,731,Défensive,0,0
20306,845,380,Offensive,5,13
20307,845,976,Offensive,12,9
20308,845,590,Offensive,3,12
20309,845,715,Défensive,5,10
20310,845,342,Offensive,4,11
20311,845,258,Médiane,7,11
20312,845,18,Défensive,7,5
20313,845,943,Défensive,11,9
20314,845,996,Défensive,9,16
20315,845,38,Défensive,10,11
20316,845,206,Toute Surface,8,9
20317,845,100,Toute Surface,6,5
20318,845,831,Médiane,7,13
20319,845,664,Toute Surface,7,18
20320,845,66,Offensive,9,8
20321,845,77,Défensive,3,11
20322,845,89,Offensive,9,6
20323,845,897,Défensive,13,3
20324,845,726,Défensive,7,18
20325,845,849,Toute Surface,9,18
20326,845,30,Offensive,9,9
20327,845,809,Toute Surface,8,6
20328,846,866,Défensive,0,0
20329,846,406,Défensive,0,0
20330,846,731,Défensive,0,0
20331,846,380,Toute Surface,8,19
20332,846,976,Médiane,16,9
20333,846,590,Défensive,7,11
20334,846,715,Défensive,7,5
20335,846,342,Offensive,6,9
20336,846,258,Offensive,13,18
20337,846,18,Défensive,15,8
20338,846,943,Offensive,13,11
20339,846,996,Médiane,11,22
20340,846,38,Médiane,11,17
20341,846,206,Défensive,12,17
20342,846,100,Offensive,5,15
20343,846,831,Médiane,6,19
20344,846,664,Défensive,9,22
20345,846,66,Offensive,9,3
20346,846,77,Médiane,8,9
20347,846,89,Médiane,16,5
20348,846,897,Toute Surface,11,11
20349,846,726,Offensive,9,15
20350,846,849,Médiane,8,22
20351,846,30,Toute Surface,11,7
20352,846,809,Défensive,13,8
20353,847,866,Défensive,0,0
20354,847,406,Défensive,0,0
20355,847,731,Défensive,0,0
20356,847,380,Défensive,5,18
20357,847,976,Médiane,9,7
20358,847,590,Offensive,2,11
20359,847,715,Toute Surface,4,10
20360,847,342,Toute Surface,5,11
20361,847,258,Médiane,9,12
20362,847,18,Médiane,7,7
20363,847,943,Toute Surface,9,4
20364,847,996,Toute Surface,7,15
20365,847,38,Offensive,4,14
20366,847,206,Toute Surface,5,11
20367,847,100,Médiane,4,11
20368,847,831,Toute Surface,5,11
20369,847,664,Médiane,9,18
20370,847,66,Toute Surface,9,8
20371,847,77,Offensive,2,9
20372,847,89,Médiane,11,3
20373,847,897,Défensive,9,2
20374,847,726,Médiane,8,14
20375,847,849,Toute Surface,10,12
20376,847,30,Médiane,13,9
20377,847,809,Défensive,11,6
20378,848,866,Défensive,0,0
20379,848,406,Défensive,0,0
20380,848,731,Défensive,0,0
20381,848,380,Défensive,6,14
20382,848,976,Défensive,7,4
20383,848,590,Offensive,4,9
20384,848,715,Toute Surface,3,12
20385,848,342,Offensive,7,7
20386,848,258,Toute Surface,9,18
20387,848,18,Toute Surface,9,9
20388,848,943,Médiane,13,7
20389,848,996,Médiane,8,13
20390,848,38,Offensive,9,11
20391,848,206,Défensive,6,14
20392,848,100,Offensive,2,9
20393,848,831,Défensive,6,16
20394,848,664,Médiane,5,12
20395,848,66,Défensive,12,6
20396,848,77,Toute Surface,4,11
20397,848,89,Défensive,9,4
20398,848,897,Médiane,11,8
20399,848,726,Médiane,4,15
20400,848,849,Offensive,5,9
20401,848,30,Offensive,11,9
20402,848,809,Médiane,7,4
20403,849,866,Défensive,0,0
20404,849,406,Défensive,0,0
20405,849,731,Défensive,0,0
20406,849,380,Toute Surface,5,19
20407,849,976,Toute Surface,14,7
20408,849,590,Défensive,6,8
20409,849,715,Toute Surface,3,8
20410,849,342,Médiane,8,6
20411,849,258,Défensive,13,16
20412,849,18,Offensive,15,6
20413,849,943,Défensive,13,6
20414,849,996,Toute Surface,8,13
20415,849,38,Offensive,5,15
20416,849,206,Offensive,5,18
20417,849,100,Défensive,7,7
20418,849,831,Toute Surface,7,20
20419,849,664,Toute Surface,9,14
20420,849,66,Médiane,12,4
20421,849,77,Toute Surface,6,13
20422,849,89,Médiane,8,4
20423,849,897,Médiane,8,5
20424,849,726,Médiane,12,19
20425,849,849,Toute Surface,11,19
20426,849,30,Médiane,12,3
20427,849,809,Toute Surface,15,5
20428,850,866,Défensive,0,0
20429,850,406,Défensive,0,0
20430,850,731,Défensive,0,0
20431,850,380,Offensive,6,18
20432,850,976,Défensive,12,5
20433,850,590,Défensive,8,11
20434,850,715,Médiane,3,14
20435,850,342,Défensive,8,16
20436,850,258,Toute Surface,7,14
20437,850,18,Offensive,14,4
20438,850,943,Médiane,11,7
20439,850,996,Défensive,5,19
20440,850,38,Médiane,9,17
20441,850,206,Médiane,8,22
20442,850,100,Défensive,8,13
20443,850,831,Médiane,8,16
20444,850,664,Toute Surface,7,17
20445,850,66,Offensive,16,3
20446,850,77,Toute Surface,7,13
20447,850,89,Médiane,14,9
20448,850,897,Médiane,16,4
20449,850,726,Médiane,13,12
20450,850,849,Toute Surface,9,16
20451,850,30,Offensive,12,3
20452,850,809,Défensive,9,7
20453,851,866,Défensive,0,0
20454,851,406,Défensive,0,0
20455,851,731,Défensive,0,0
20456,851,380,Offensive,12,18
20457,851,976,Défensive,9,10
20458,851,590,Défensive,6,8
20459,851,715,Toute Surface,7,15
20460,851,342,Médiane,7,7
20461,851,258,Médiane,5,15
20462,851,18,Toute Surface,12,6
20463,851,943,Offensive,8,3
20464,851,996,Médiane,9,13
20465,851,38,Offensive,9,19
20466,851,206,Toute Surface,10,17
20467,851,100,Médiane,4,5
20468,851,831,Offensive,6,15
20469,851,664,Défensive,6,15
20470,851,66,Offensive,15,10
20471,851,77,Offensive,3,13
20472,851,89,Médiane,13,4
20473,851,897,Offensive,15,10
20474,851,726,Médiane,10,16
20475,851,849,Offensive,10,17
20476,851,30,Médiane,8,7
20477,851,809,Médiane,8,3
20478,852,866,Défensive,0,0
20479,852,406,Défensive,0,0
20480,852,731,Défensive,0,0
20481,852,380,Médiane,9,16
20482,852,976,Toute Surface,11,2
20483,852,590,Offensive,4,5
20484,852,715,Défensive,7,7
20485,852,342,Offensive,4,10
20486,852,258,Offensive,9,13
20487,852,18,Défensive,8,8
20488,852,943,Médiane,11,6
20489,852,996,Défensive,4,15
20490,852,38,Toute Surface,9,14
20491,852,206,Offensive,9,17
20492,852,100,Offensive,3,11
20493,852,831,Toute Surface,5,12
20494,852,664,Défensive,8,15
20495,852,66,Toute Surface,9,6
20496,852,77,Toute Surface,6,12
20497,852,89,Médiane,12,5
20498,852,897,Défensive,7,2
20499,852,726,Toute Surface,9,13
20500,852,849,Toute Surface,9,13
20501,852,30,Médiane,13,3
20502,852,809,Offensive,8,3
20503,853,866,Défensive,0,0
20504,853,406,Défensive,0,0
20505,853,731,Défensive,0,0
20506,853,380,Médiane,8,13
20507,853,976,Médiane,13,3
20508,853,590,Offensive,3,7
20509,853,715,Toute Surface,5,13
20510,853,342,Médiane,3,16
20511,853,258,Toute Surface,11,19
20512,853,18,Défensive,8,4
20513,853,943,Toute Surface,11,7
20514,853,996,Toute Surface,12,12
20515,853,38,Défensive,9,18
20516,853,206,Médiane,13,18
20517,853,100,Défensive,8,9
20518,853,831,Toute Surface,11,11
20519,853,664,Défensive,13,20
20520,853,66,Offensive,15,4
20521,853,77,Toute Surface,3,5
20522,853,89,Défensive,12,3
20523,853,897,Toute Surface,16,7
20524,853,726,Offensive,7,11
20525,853,849,Défensive,6,12
20526,853,30,Toute Surface,15,5
20527,853,809,Offensive,9,3
20528,854,866,Défensive,0,0
20529,854,406,Défensive,0,0
20530,854,731,Défensive,0,0
20531,854,380,Médiane,9,17
20532,854,976,Offensive,16,8
20533,854,590,Médiane,4,14
20534,854,715,Médiane,7,11
20535,854,342,Médiane,5,11
20536,854,258,Offensive,8,17
20537,854,18,Toute Surface,11,4
20538,854,943,Toute Surface,8,8
20539,854,996,Défensive,11,15
20540,854,38,Toute Surface,11,12
20541,854,206,Médiane,8,18
20542,854,100,Médiane,4,15
20543,854,831,Médiane,7,11
20544,854,664,Toute Surface,12,19
20545,854,66,Défensive,8,8
20546,854,77,Défensive,5,5
20547,854,89,Défensive,14,9
20548,854,897,Toute Surface,14,3
20549,854,726,Toute Surface,8,12
20550,854,849,Toute Surface,12,14
20551,854,30,Offensive,15,11
20552,854,809,Toute Surface,8,11
20553,855,866,Défensive,0,0
20554,855,406,Défensive,0,0
20555,855,731,Défensive,0,0
20556,855,380,Défensive,8,14
20557,855,976,Défensive,11,3
20558,855,590,Défensive,5,4
20559,855,715,Médiane,4,13
20560,855,342,Défensive,6,5
20561,855,258,Offensive,10,9
20562,855,18,Défensive,7,3
20563,855,943,Offensive,13,2
20564,855,996,Offensive,5,16
20565,855,38,Offensive,10,18
20566,855,206,Toute Surface,9,12
20567,855,100,Défensive,6,4
20568,855,831,Médiane,9,11
20569,855,664,Médiane,7,9
20570,855,66,Médiane,7,9
20571,855,77,Offensive,7,9
20572,855,89,Médiane,13,7
20573,855,897,Toute Surface,7,5
20574,855,726,Offensive,5,18
20575,855,849,Médiane,10,13
20576,855,30,Défensive,9,9
20577,855,809,Médiane,12,3
20578,856,866,Défensive,0,0
20579,856,406,Défensive,0,0
20580,856,731,Défensive,0,0
20581,856,380,Médiane,5,18
20582,856,976,Défensive,9,3
20583,856,590,Toute Surface,5,9
20584,856,715,Offensive,6,12
20585,856,342,Toute Surface,2,13
20586,856,258,Médiane,7,16
20587,856,18,Défensive,13,2
20588,856,943,Offensive,13,7
20589,856,996,Défensive,7,9
20590,856,38,Défensive,7,12
20591,856,206,Défensive,4,18
20592,856,100,Toute Surface,6,5
20593,856,831,Défensive,9,12
20594,856,664,Défensive,10,9
20595,856,66,Toute Surface,9,7
20596,856,77,Médiane,3,7
20597,856,89,Défensive,13,2
20598,856,897,Offensive,9,9
20599,856,726,Défensive,5,11
20600,856,849,Défensive,4,9
20601,856,30,Toute Surface,9,8
20602,856,809,Défensive,10,2
20603,857,866,Défensive,0,0
20604,857,406,Défensive,0,0
20605,857,731,Défensive,0,0
20606,857,380,Offensive,7,11
20607,857,976,Offensive,14,9
20608,857,590,Médiane,5,6
20609,857,715,Médiane,3,12
20610,857,342,Médiane,6,14
20611,857,258,Offensive,7,19
20612,857,18,Offensive,16,7
20613,857,943,Toute Surface,15,5
20614,857,996,Médiane,8,16
20615,857,38,Toute Surface,8,11
20616,857,206,Défensive,12,19
20617,857,100,Défensive,5,6
20618,857,831,Défensive,9,22
20619,857,664,Défensive,7,14
20620,857,66,Défensive,16,4
20621,857,77,Défensive,7,13
20622,857,89,Offensive,8,6
20623,857,897,Offensive,15,3
20624,857,726,Offensive,11,14
20625,857,849,Défensive,12,11
20626,857,30,Défensive,15,4
20627,857,809,Offensive,15,4
20628,858,866,Défensive,0,0
20629,858,406,Défensive,0,0
20630,858,731,Défensive,0,0
20631,858,380,Médiane,6,18
20632,858,976,Offensive,7,5
20633,858,590,Défensive,4,7
20634,858,715,Offensive,7,7
20635,858,342,Médiane,4,5
20636,858,258,Offensive,4,10
20637,858,18,Médiane,10,9
20638,858,943,Défensive,10,5
20639,858,996,Médiane,5,16
20640,858,38,Toute Surface,4,10
20641,858,206,Offensive,6,9
20642,858,100,Défensive,4,8
20643,858,831,Médiane,5,18
20644,858,664,Offensive,5,14
20645,858,66,Offensive,7,3
20646,858,77,Offensive,7,5
20647,858,89,Défensive,12,9
20648,858,897,Défensive,9,6
20649,858,726,Offensive,10,11
20650,858,849,Offensive,9,9
20651,858,30,Offensive,11,6
20652,858,809,Toute Surface,11,5
20653,859,866,Défensive,0,0
20654,859,406,Défensive,0,0
20655,859,731,Défensive,0,0
20656,859,380,Défensive,6,9
20657,859,976,Toute Surface,10,6
20658,859,590,Toute Surface,4,9
20659,859,715,Défensive,6,5
20660,859,342,Toute Surface,3,9
20661,859,258,Médiane,9,11
20662,859,18,Toute Surface,7,9
20663,859,943,Toute Surface,8,3
20664,859,996,Toute Surface,8,13
20665,859,38,Offensive,7,18
20666,859,206,Défensive,4,15
20667,859,100,Offensive,7,9
20668,859,831,Défensive,10,17
20669,859,664,Défensive,8,13
20670,859,66,Défensive,11,6
20671,859,77,Toute Surface,3,12
20672,859,89,Défensive,9,8
20673,859,897,Défensive,8,5
20674,859,726,Offensive,9,11
20675,859,849,Offensive,6,14
20676,859,30,Médiane,10,5
20677,859,809,Toute Surface,11,2
20678,860,866,Défensive,0,0
20679,860,406,Défensive,0,0
20680,860,731,Défensive,0,0
20681,860,380,Toute Surface,4,9
20682,860,976,Toute Surface,10,8
20683,860,590,Défensive,6,4
20684,860,715,Défensive,3,10
20685,860,342,Toute Surface,6,5
20686,860,258,Offensive,5,16
20687,860,18,Toute Surface,7,5
20688,860,943,Toute Surface,8,8
20689,860,996,Défensive,7,14
20690,860,38,Toute Surface,9,9
20691,860,206,Défensive,9,12
20692,860,100,Défensive,3,6
20693,860,831,Toute Surface,7,16
20694,860,664,Défensive,10,10
20695,860,66,Offensive,9,9
20696,860,77,Offensive,7,9
20697,860,89,Toute Surface,11,4
20698,860,897,Défensive,12,8
20699,860,726,Offensive,4,11
20700,860,849,Toute Surface,5,11
20701,860,30,Médiane,13,9
20702,860,809,Défensive,9,8
20703,861,866,Défensive,0,0
20704,861,406,Défensive,0,0
20705,861,731,Défensive,0,0
20706,861,380,Toute Surface,11,16
20707,861,976,Défensive,14,11
20708,861,590,Toute Surface,7,9
20709,861,715,Toute Surface,7,12
20710,861,342,Défensive,8,15
20711,861,258,Offensive,12,16
20712,861,18,Toute Surface,9,5
20713,861,943,Toute Surface,8,5
20714,861,996,Toute Surface,9,13
20715,861,38,Défensive,13,16
20716,861,206,Médiane,13,22
20717,861,100,Offensive,4,8
20718,861,831,Médiane,5,14
20719,861,664,Médiane,7,18
20720,861,66,Toute Surface,16,9
20721,861,77,Toute Surface,7,15
20722,861,89,Défensive,8,8
20723,861,897,Toute Surface,13,5
20724,861,726,Défensive,13,19
20725,861,849,Offensive,13,12
20726,861,30,Toute Surface,16,7
20727,861,809,Toute Surface,12,4
20728,862,866,Défensive,0,0
20729,862,406,Défensive,0,0
20730,862,731,Défensive,0,0
20731,862,380,Offensive,9,16
20732,862,976,Médiane,7,6
20733,862,590,Défensive,6,4
20734,862,715,Offensive,3,11
20735,862,342,Toute Surface,7,4
20736,862,258,Offensive,9,15
20737,862,18,Défensive,12,4
20738,862,943,Défensive,9,9
20739,862,996,Offensive,4,17
20740,862,38,Défensive,8,14
20741,862,206,Toute Surface,6,12
20742,862,100,Offensive,7,4
20743,862,831,Défensive,7,18
20744,862,664,Offensive,9,13
20745,862,66,Toute Surface,12,7
20746,862,77,Médiane,3,11
20747,862,89,Offensive,13,3
20748,862,897,Toute Surface,11,4
20749,862,726,Médiane,9,15
20750,862,849,Médiane,5,9
20751,862,30,Médiane,8,5
20752,862,809,Toute Surface,8,3
20753,863,866,Défensive,0,0
20754,863,406,Défensive,0,0
20755,863,731,Défensive,0,0
20756,863,380,Défensive,9,15
20757,863,976,Défensive,7,8
20758,863,590,Toute Surface,4,5
20759,863,715,Offensive,6,7
20760,863,342,Médiane,3,13
20761,863,258,Offensive,6,18
20762,863,18,Toute Surface,13,7
20763,863,943,Offensive,11,6
20764,863,996,Médiane,6,10
20765,863,38,Offensive,6,13
20766,863,206,Toute Surface,9,11
20767,863,100,Toute Surface,7,6
20768,863,831,Défensive,5,9
20769,863,664,Toute Surface,6,13
20770,863,66,Toute Surface,9,7
20771,863,77,Médiane,4,13
20772,863,89,Offensive,9,5
20773,863,897,Défensive,9,5
20774,863,726,Médiane,10,11
20775,863,849,Toute Surface,10,9
20776,863,30,Toute Surface,11,7
20777,863,809,Offensive,12,2
20778,864,866,Défensive,0,0
20779,864,406,Défensive,0,0
20780,864,731,Défensive,0,0
20781,864,380,Médiane,9,10
20782,864,976,Défensive,11,5
20783,864,590,Défensive,6,8
20784,864,715,Défensive,6,11
20785,864,342,Offensive,6,7
20786,864,258,Médiane,5,12
20787,864,18,Médiane,11,6
20788,864,943,Offensive,12,9
20789,864,996,Toute Surface,9,17
20790,864,38,Offensive,8,12
20791,864,206,Toute Surface,6,14
20792,864,100,Offensive,5,6
20793,864,831,Médiane,7,13
20794,864,664,Médiane,8,11
20795,864,66,Offensive,9,9
20796,864,77,Défensive,6,9
20797,864,89,Défensive,8,6
20798,864,897,Défensive,11,2
20799,864,726,Médiane,9,11
20800,864,849,Offensive,5,18
20801,864,30,Médiane,9,2
20802,864,809,Offensive,10,8
20803,865,866,Défensive,0,0
20804,865,406,Défensive,0,0
20805,865,731,Défensive,0,0
20806,865,380,Médiane,8,13
20807,865,976,Offensive,13,5
20808,865,590,Offensive,4,5
20809,865,715,Toute Surface,3,5
20810,865,342,Défensive,8,9
20811,865,258,Toute Surface,13,22
20812,865,18,Toute Surface,9,4
20813,865,943,Défensive,16,4
20814,865,996,Médiane,8,11
20815,865,38,Toute Surface,6,18
20816,865,206,Médiane,11,19
20817,865,100,Médiane,4,9
20818,865,831,Défensive,7,13
20819,865,664,Toute Surface,13,20
20820,865,66,Médiane,13,3
20821,865,77,Médiane,6,11
20822,865,89,Toute Surface,16,9
20823,865,897,Offensive,16,3
20824,865,726,Défensive,11,18
20825,865,849,Médiane,8,22
20826,865,30,Offensive,9,9
20827,865,809,Défensive,9,7
20828,866,866,Défensive,0,0
20829,866,406,Défensive,0,0
20830,866,731,Défensive,0,0
20831,866,380,Défensive,7,16
20832,866,976,Offensive,15,3
20833,866,590,Médiane,7,16
20834,866,715,Offensive,6,14
20835,866,342,Toute Surface,6,5
20836,866,258,Défensive,9,18
20837,866,18,Toute Surface,16,9
20838,866,943,Offensive,14,7
20839,866,996,Médiane,6,18
20840,866,38,Médiane,6,19
20841,866,206,Toute Surface,8,15
20842,866,100,Médiane,3,9
20843,866,831,Défensive,7,15
20844,866,664,Offensive,12,22
20845,866,66,Toute Surface,9,8
20846,866,77,Offensive,5,11
20847,866,89,Toute Surface,8,4
20848,866,897,Défensive,15,7
20849,866,726,Défensive,12,19
20850,866,849,Offensive,5,16
20851,866,30,Défensive,13,8
20852,866,809,Offensive,9,6
20853,867,866,Défensive,0,0
20854,867,406,Défensive,0,0
20855,867,731,Défensive,0,0
20856,867,380,Défensive,13,12
20857,867,976,Toute Surface,12,8
20858,867,590,Défensive,3,6
20859,867,715,Offensive,3,7
20860,867,342,Toute Surface,8,15
20861,867,258,Défensive,7,11
20862,867,18,Défensive,14,6
20863,867,943,Défensive,15,7
20864,867,996,Médiane,11,16
20865,867,38,Offensive,9,16
20866,867,206,Offensive,5,18
20867,867,100,Défensive,3,7
20868,867,831,Défensive,6,15
20869,867,664,Toute Surface,5,19
20870,867,66,Offensive,16,6
20871,867,77,Toute Surface,5,6
20872,867,89,Médiane,14,6
20873,867,897,Médiane,13,3
20874,867,726,Toute Surface,5,17
20875,867,849,Médiane,12,13
20876,867,30,Toute Surface,12,5
20877,867,809,Offensive,12,6
20878,868,866,Défensive,0,0
20879,868,406,Défensive,0,0
20880,868,731,Défensive,0,0
20881,868,380,Toute Surface,11,19
20882,868,976,Défensive,9,3
20883,868,590,Médiane,5,12
20884,868,715,Défensive,7,15
20885,868,342,Défensive,3,12
20886,868,258,Défensive,9,11
20887,868,18,Défensive,16,7
20888,868,943,Défensive,15,3
20889,868,996,Toute Surface,13,11
20890,868,38,Médiane,5,20
20891,868,206,Défensive,6,22
20892,868,100,Défensive,5,9
20893,868,831,Médiane,11,12
20894,868,664,Offensive,5,13
20895,868,66,Offensive,13,8
20896,868,77,Médiane,3,15
20897,868,89,Offensive,15,3
20898,868,897,Toute Surface,11,4
20899,868,726,Toute Surface,9,17
20900,868,849,Toute Surface,7,17
20901,868,30,Médiane,13,8
20902,868,809,Médiane,8,9
20903,869,866,Défensive,0,0
20904,869,406,Défensive,0,0
20905,869,731,Défensive,0,0
20906,869,380,Médiane,11,17
20907,869,976,Toute Surface,11,7
20908,869,590,Défensive,7,15
20909,869,715,Offensive,4,14
20910,869,342,Toute Surface,5,9
20911,869,258,Défensive,9,18
20912,869,18,Toute Surface,15,10
20913,869,943,Toute Surface,9,5
20914,869,996,Toute Surface,11,19
20915,869,38,Offensive,9,14
20916,869,206,Toute Surface,5,16
20917,869,100,Toute Surface,8,7
20918,869,831,Médiane,10,10
20919,869,664,Toute Surface,9,20
20920,869,66,Toute Surface,15,7
20921,869,77,Toute Surface,3,13
20922,869,89,Toute Surface,9,7
20923,869,897,Offensive,8,10
20924,869,726,Défensive,11,13
20925,869,849,Toute Surface,6,19
20926,869,30,Offensive,9,3
20927,869,809,Défensive,8,8
20928,870,866,Défensive,0,0
20929,870,406,Défensive,0,0
20930,870,731,Défensive,0,0
20931,870,380,Médiane,9,9
20932,870,976,Médiane,13,5
20933,870,590,Offensive,4,5
20934,870,715,Toute Surface,5,4
20935,870,342,Offensive,6,12
20936,870,258,Médiane,5,14
20937,870,18,Toute Surface,9,4
20938,870,943,Médiane,8,4
20939,870,996,Médiane,7,15
20940,870,38,Défensive,9,11
20941,870,206,Défensive,9,12
20942,870,100,Médiane,6,9
20943,870,831,Offensive,7,12
20944,870,664,Toute Surface,5,18
20945,870,66,Médiane,11,9
20946,870,77,Médiane,2,9
20947,870,89,Défensive,7,2
20948,870,897,Offensive,8,4
20949,870,726,Toute Surface,10,9
20950,870,849,Défensive,9,9
20951,870,30,Défensive,10,8
20952,870,809,Offensive,9,8
20953,871,866,Défensive,0,0
20954,871,406,Défensive,0,0
20955,871,731,Défensive,0,0
20956,871,380,Toute Surface,10,10
20957,871,976,Médiane,13,4
20958,871,590,Médiane,4,12
20959,871,715,Défensive,7,9
20960,871,342,Médiane,3,10
20961,871,258,Toute Surface,12,18
20962,871,18,Offensive,15,4
20963,871,943,Médiane,8,7
20964,871,996,Offensive,12,12
20965,871,38,Toute Surface,12,17
20966,871,206,Médiane,5,20
20967,871,100,Médiane,5,15
20968,871,831,Toute Surface,12,20
20969,871,664,Défensive,6,11
20970,871,66,Offensive,8,4
20971,871,77,Médiane,8,15
20972,871,89,Médiane,13,8
20973,871,897,Médiane,14,3
20974,871,726,Médiane,9,16
20975,871,849,Médiane,7,14
20976,871,30,Toute Surface,9,5
20977,871,809,Toute Surface,11,6
20978,872,866,Défensive,0,0
20979,872,406,Défensive,0,0
20980,872,731,Défensive,0,0
20981,872,380,Offensive,10,18
20982,872,976,Médiane,11,7
20983,872,590,Offensive,7,13
20984,872,715,Offensive,5,7
20985,872,342,Médiane,4,14
20986,872,258,Offensive,5,15
20987,872,18,Médiane,14,3
20988,872,943,Médiane,15,3
20989,872,996,Toute Surface,12,13
20990,872,38,Toute Surface,5,11
20991,872,206,Défensive,6,11
20992,872,100,Défensive,7,8
20993,872,831,Médiane,10,17
20994,872,664,Défensive,11,13
20995,872,66,Offensive,8,8
20996,872,77,Toute Surface,4,9
20997,872,89,Défensive,15,9
20998,872,897,Défensive,8,3
20999,872,726,Offensive,5,15
21000,872,849,Offensive,7,17
21001,872,30,Toute Surface,12,6
21002,872,809,Médiane,11,4
21003,873,866,Défensive,0,0
21004,873,406,Défensive,0,0
21005,873,731,Défensive,0,0
21006,873,380,Médiane,6,15
21007,873,976,Offensive,14,3
21008,873,590,Défensive,4,8
21009,873,715,Toute Surface,8,6
21010,873,342,Défensive,7,8
21011,873,258,Médiane,5,18
21012,873,18,Médiane,9,4
21013,873,943,Défensive,13,8
21014,873,996,Offensive,6,19
21015,873,38,Défensive,5,19
21016,873,206,Médiane,13,15
21017,873,100,Défensive,3,5
21018,873,831,Médiane,11,11
21019,873,664,Médiane,5,14
21020,873,66,Offensive,13,3
21021,873,77,Médiane,7,15
21022,873,89,Offensive,16,9
21023,873,897,Médiane,14,4
21024,873,726,Médiane,12,19
21025,873,849,Médiane,12,16
21026,873,30,Défensive,12,8
21027,873,809,Offensive,13,6
