ID_Psychologique,ID_Match,ID_Joueur,Confiance,Résilience
1,1,414,1,1
2,1,617,7,7
3,1,829,1,1
4,1,666,8,6
5,1,445,1,1
6,1,101,5,7
7,1,802,1,2
8,1,757,6,7
9,1,152,7,6
10,1,270,5,5
11,1,393,1,1
12,1,124,1,2
13,1,341,1,1
14,1,974,2,6
15,1,439,5,7
16,1,818,5,5
17,1,688,4,5
18,1,807,1,2
19,1,895,3,4
20,1,678,6,5
21,1,32,2,6
22,1,881,2,4
23,1,600,1,2
24,1,285,6,7
25,2,414,6,8
26,2,617,9,9
27,2,829,9,7
28,2,666,9,7
29,2,445,3,4
30,2,101,8,6
31,2,802,7,9
32,2,757,8,6
33,2,152,7,6
34,2,270,7,9
35,2,393,7,9
36,2,124,3,4
37,2,341,9,8
38,2,974,6,6
39,2,439,7,7
40,2,818,5,4
41,2,688,4,5
42,2,807,1,2
43,2,895,4,4
44,2,678,3,6
45,2,32,4,4
46,2,881,3,4
47,2,600,8,9
48,2,285,8,7
49,3,414,5,6
50,3,617,10,9
51,3,829,5,9
52,3,666,5,9
53,3,445,8,8
54,3,101,7,7
55,3,802,6,5
56,3,757,8,7
57,3,152,10,9
58,3,270,8,8
59,3,393,8,8
60,3,124,8,10
61,3,341,9,9
62,3,974,8,9
63,3,439,10,9
64,3,818,8,8
65,3,688,4,7
66,3,807,2,4
67,3,895,8,9
68,3,678,9,9
69,3,32,4,5
70,3,881,8,9
71,3,600,4,6
72,3,285,8,9
73,4,414,10,8
74,4,617,6,8
75,4,829,5,9
76,4,666,4,5
77,4,445,7,8
78,4,101,7,5
79,4,802,7,9
80,4,757,8,8
81,4,152,5,8
82,4,270,8,7
83,4,393,9,8
84,4,124,5,6
85,4,341,8,8
86,4,974,7,7
87,4,439,9,9
88,4,818,10,9
89,4,688,6,4
90,4,807,7,7
91,4,895,6,7
92,4,678,10,8
93,4,32,6,7
94,4,881,9,8
95,4,600,8,10
96,4,285,10,9
97,5,414,7,8
98,5,617,4,6
99,5,829,6,6
100,5,666,7,8
101,5,445,5,5
102,5,101,4,4
103,5,802,7,6
104,5,757,2,6
105,5,152,4,5
106,5,270,6,7
107,5,393,8,5
108,5,124,7,5
109,5,341,6,7
110,5,974,4,4
111,5,439,7,7
112,5,818,7,5
113,5,688,7,6
114,5,807,5,5
115,5,895,4,4
116,5,678,5,5
117,5,32,2,4
118,5,881,6,6
119,5,600,5,7
120,5,285,7,6
121,6,414,4,8
122,6,617,4,8
123,6,829,9,8
124,6,666,9,9
125,6,445,6,6
126,6,101,5,4
127,6,802,7,6
128,6,757,6,7
129,6,152,8,9
130,6,270,8,9
131,6,393,7,7
132,6,124,8,9
133,6,341,5,8
134,6,974,6,7
135,6,439,8,7
136,6,818,5,5
137,6,688,8,7
138,6,807,6,8
139,6,895,6,6
140,6,678,8,6
141,6,32,5,7
142,6,881,8,8
143,6,600,6,8
144,6,285,10,7
145,7,414,8,7
146,7,617,4,4
147,7,829,5,6
148,7,666,7,7
149,7,445,7,6
150,7,101,4,6
151,7,802,4,6
152,7,757,7,6
153,7,152,7,7
154,7,270,8,6
155,7,393,7,6
156,7,124,7,6
157,7,341,3,6
158,7,974,6,6
159,7,439,7,6
160,7,818,4,4
161,7,688,7,6
162,7,807,7,8
163,7,895,3,3
164,7,678,5,7
165,7,32,6,6
166,7,881,4,3
167,7,600,6,7
168,7,285,7,7
169,8,414,9,9
170,8,617,8,10
171,8,829,6,7
172,8,666,5,6
173,8,445,8,7
174,8,101,4,8
175,8,802,6,7
176,8,757,10,8
177,8,152,5,8
178,8,270,9,7
179,8,393,9,8
180,8,124,9,7
181,8,341,6,8
182,8,974,8,8
183,8,439,8,9
184,8,818,9,7
185,8,688,9,9
186,8,807,5,5
187,8,895,8,8
188,8,678,8,9
189,8,32,7,8
190,8,881,7,8
191,8,600,6,5
192,8,285,10,9
193,9,414,8,9
194,9,617,9,9
195,9,829,6,9
196,9,666,8,9
197,9,445,9,7
198,9,101,5,6
199,9,802,9,9
200,9,757,9,7
201,9,152,4,6
202,9,270,7,7
203,9,393,8,9
204,9,124,4,6
205,9,341,5,6
206,9,974,9,8
207,9,439,10,8
208,9,818,10,10
209,9,688,4,5
210,9,807,6,7
211,9,895,9,7
212,9,678,9,10
213,9,32,6,6
214,9,881,6,5
215,9,600,9,8
216,9,285,8,9
217,10,414,10,8
218,10,617,6,9
219,10,829,7,8
220,10,666,9,8
221,10,445,7,8
222,10,101,10,9
223,10,802,8,9
224,10,757,8,9
225,10,152,2,4
226,10,270,4,6
227,10,393,9,7
228,10,124,8,7
229,10,341,10,9
230,10,974,9,9
231,10,439,7,9
232,10,818,4,6
233,10,688,5,5
234,10,807,8,9
235,10,895,6,6
236,10,678,7,9
237,10,32,5,8
238,10,881,6,6
239,10,600,8,8
240,10,285,10,8
241,11,414,8,8
242,11,617,6,6
243,11,829,6,7
244,11,666,5,6
245,11,445,5,5
246,11,101,5,5
247,11,802,3,6
248,11,757,7,5
249,11,152,4,3
250,11,270,2,3
251,11,393,6,5
252,11,124,4,7
253,11,341,9,8
254,11,974,6,5
255,11,439,4,5
256,11,818,3,3
257,11,688,7,7
258,11,807,6,5
259,11,895,7,8
260,11,678,3,3
261,11,32,1,1
262,11,881,6,8
263,11,600,4,3
264,11,285,8,8
265,12,414,7,7
266,12,617,7,6
267,12,829,10,9
268,12,666,4,6
269,12,445,8,9
270,12,101,8,8
271,12,802,6,9
272,12,757,8,8
273,12,152,8,7
274,12,270,7,9
275,12,393,4,6
276,12,124,8,7
277,12,341,9,9
278,12,974,5,4
279,12,439,9,8
280,12,818,7,6
281,12,688,7,7
282,12,807,10,8
283,12,895,10,8
284,12,678,4,4
285,12,32,10,8
286,12,881,10,9
287,12,600,6,5
288,12,285,7,9
289,13,414,8,9
290,13,617,4,6
291,13,829,8,7
292,13,666,4,7
293,13,445,5,7
294,13,101,7,7
295,13,802,5,8
296,13,757,8,6
297,13,152,4,5
298,13,270,9,8
299,13,393,4,6
300,13,124,4,5
301,13,341,8,8
302,13,974,3,5
303,13,439,4,5
304,13,818,1,1
305,13,688,6,6
306,13,807,6,8
307,13,895,6,8
308,13,678,6,6
309,13,32,9,8
310,13,881,8,8
311,13,600,3,6
312,13,285,7,8
313,14,414,3,5
314,14,617,7,9
315,14,829,8,7
316,14,666,4,7
317,14,445,6,7
318,14,101,8,7
319,14,802,3,5
320,14,757,8,7
321,14,152,7,8
322,14,270,8,8
323,14,393,4,4
324,14,124,6,7
325,14,341,8,9
326,14,974,1,4
327,14,439,9,8
328,14,818,7,7
329,14,688,10,9
330,14,807,7,9
331,14,895,3,4
332,14,678,7,9
333,14,32,9,9
334,14,881,4,4
335,14,600,6,6
336,14,285,8,8
337,15,414,7,6
338,15,617,6,8
339,15,829,4,5
340,15,666,5,7
341,15,445,3,6
342,15,101,8,7
343,15,802,6,7
344,15,757,9,7
345,15,152,7,8
346,15,270,8,8
347,15,393,8,8
348,15,124,8,6
349,15,341,5,7
350,15,974,5,8
351,15,439,9,8
352,15,818,1,2
353,15,688,8,7
354,15,807,6,6
355,15,895,9,8
356,15,678,7,7
357,15,32,7,8
358,15,881,4,7
359,15,600,8,9
360,15,285,9,9
361,16,414,9,8
362,16,617,5,9
363,16,829,8,9
364,16,666,1,2
365,16,445,5,7
366,16,101,9,8
367,16,802,8,7
368,16,757,8,8
369,16,152,8,8
370,16,270,7,7
371,16,393,10,9
372,16,124,5,5
373,16,341,6,7
374,16,974,5,8
375,16,439,8,7
376,16,818,6,6
377,16,688,7,8
378,16,807,8,8
379,16,895,9,9
380,16,678,8,9
381,16,32,8,8
382,16,881,6,7
383,16,600,8,7
384,16,285,10,10
385,17,414,7,6
386,17,617,7,6
387,17,829,3,6
388,17,666,3,4
389,17,445,5,5
390,17,101,3,3
391,17,802,4,6
392,17,757,6,5
393,17,152,7,7
394,17,270,9,7
395,17,393,4,4
396,17,124,6,5
397,17,341,9,8
398,17,974,5,7
399,17,439,6,7
400,17,818,3,3
401,17,688,8,8
402,17,807,5,7
403,17,895,7,7
404,17,678,6,6
405,17,32,7,5
406,17,881,7,5
407,17,600,8,7
408,17,285,4,4
409,18,414,6,6
410,18,617,7,7
411,18,829,3,3
412,18,666,7,5
413,18,445,2,3
414,18,101,7,7
415,18,802,3,4
416,18,757,6,6
417,18,152,5,7
418,18,270,7,7
419,18,393,3,5
420,18,124,2,6
421,18,341,6,5
422,18,974,3,5
423,18,439,5,7
424,18,818,7,7
425,18,688,6,7
426,18,807,4,6
427,18,895,6,6
428,18,678,7,5
429,18,32,6,7
430,18,881,4,5
431,18,600,6,7
432,18,285,4,7
433,19,414,9,9
434,19,617,5,9
435,19,829,6,6
436,19,666,9,9
437,19,445,8,7
438,19,101,8,8
439,19,802,5,8
440,19,757,8,9
441,19,152,9,9
442,19,270,8,9
443,19,393,8,9
444,19,124,6,7
445,19,341,5,7
446,19,974,10,9
447,19,439,7,7
448,19,818,8,9
449,19,688,7,7
450,19,807,5,6
451,19,895,8,9
452,19,678,6,7
453,19,32,10,9
454,19,881,8,7
455,19,600,7,9
456,19,285,7,6
457,20,414,5,5
458,20,617,5,5
459,20,829,6,8
460,20,666,5,5
461,20,445,6,5
462,20,101,7,5
463,20,802,6,7
464,20,757,7,7
465,20,152,8,7
466,20,270,8,6
467,20,393,7,7
468,20,124,6,7
469,20,341,4,6
470,20,974,7,8
471,20,439,3,2
472,20,818,8,6
473,20,688,4,4
474,20,807,4,4
475,20,895,5,6
476,20,678,3,5
477,20,32,8,7
478,20,881,7,7
479,20,600,5,7
480,20,285,7,7
481,21,414,6,8
482,21,617,5,5
483,21,829,5,4
484,21,666,3,6
485,21,445,5,6
486,21,101,6,6
487,21,802,6,6
488,21,757,7,6
489,21,152,3,3
490,21,270,7,8
491,21,393,6,6
492,21,124,6,5
493,21,341,8,6
494,21,974,7,7
495,21,439,5,2
496,21,818,7,6
497,21,688,5,5
498,21,807,7,5
499,21,895,3,4
500,21,678,2,3
501,21,32,7,6
502,21,881,7,6
503,21,600,5,4
504,21,285,7,7
505,22,414,8,7
506,22,617,4,7
507,22,829,3,7
508,22,666,6,7
509,22,445,3,7
510,22,101,7,7
511,22,802,7,7
512,22,757,1,1
513,22,152,6,8
514,22,270,5,5
515,22,393,7,5
516,22,124,5,6
517,22,341,6,8
518,22,974,6,5
519,22,439,1,3
520,22,818,5,5
521,22,688,5,7
522,22,807,1,1
523,22,895,5,5
524,22,678,4,4
525,22,32,7,6
526,22,881,6,6
527,22,600,5,5
528,22,285,6,7
529,23,414,9,9
530,23,617,9,7
531,23,829,5,5
532,23,666,4,5
533,23,445,5,7
534,23,101,6,4
535,23,802,6,7
536,23,757,10,8
537,23,152,7,7
538,23,270,5,9
539,23,393,9,9
540,23,124,4,6
541,23,341,9,8
542,23,974,7,6
543,23,439,10,10
544,23,818,9,9
545,23,688,6,4
546,23,807,6,9
547,23,895,8,8
548,23,678,8,9
549,23,32,7,7
550,23,881,7,9
551,23,600,9,7
552,23,285,8,8
553,24,414,8,8
554,24,617,7,7
555,24,829,3,6
556,24,666,3,2
557,24,445,3,4
558,24,101,6,5
559,24,802,2,6
560,24,757,6,7
561,24,152,8,6
562,24,270,5,7
563,24,393,5,6
564,24,124,4,5
565,24,341,6,6
566,24,974,7,5
567,24,439,6,6
568,24,818,5,6
569,24,688,3,3
570,24,807,6,6
571,24,895,8,5
572,24,678,7,6
573,24,32,6,7
574,24,881,4,4
575,24,600,4,6
576,24,285,6,7
577,25,414,5,8
578,25,617,8,8
579,25,829,4,6
580,25,666,8,7
581,25,445,6,5
582,25,101,8,8
583,25,802,5,5
584,25,757,7,6
585,25,152,4,6
586,25,270,8,8
587,25,393,4,5
588,25,124,4,8
589,25,341,7,9
590,25,974,8,7
591,25,439,8,8
592,25,818,6,5
593,25,688,8,8
594,25,807,8,6
595,25,895,7,6
596,25,678,7,7
597,25,32,5,3
598,25,881,8,7
599,25,600,5,6
600,25,285,4,6
601,26,414,5,7
602,26,617,5,9
603,26,829,8,9
604,26,666,8,9
605,26,445,7,8
606,26,101,9,9
607,26,802,5,6
608,26,757,6,8
609,26,152,6,6
610,26,270,8,9
611,26,393,6,7
612,26,124,8,8
613,26,341,10,8
614,26,974,10,9
615,26,439,5,5
616,26,818,5,6
617,26,688,7,6
618,26,807,10,10
619,26,895,8,7
620,26,678,9,8
621,26,32,7,6
622,26,881,8,9
623,26,600,8,8
624,26,285,6,6
625,27,414,6,9
626,27,617,8,10
627,27,829,6,8
628,27,666,9,10
629,27,445,9,9
630,27,101,9,9
631,27,802,7,5
632,27,757,9,9
633,27,152,9,8
634,27,270,7,8
635,27,393,8,10
636,27,124,9,8
637,27,341,10,8
638,27,974,9,8
639,27,439,10,9
640,27,818,5,8
641,27,688,9,7
642,27,807,6,4
643,27,895,4,6
644,27,678,9,10
645,27,32,4,3
646,27,881,8,8
647,27,600,8,8
648,27,285,7,9
649,28,414,5,4
650,28,617,7,7
651,28,829,4,6
652,28,666,5,7
653,28,445,7,7
654,28,101,5,7
655,28,802,8,7
656,28,757,6,6
657,28,152,5,5
658,28,270,4,4
659,28,393,7,6
660,28,124,7,7
661,28,341,7,6
662,28,974,4,4
663,28,439,5,5
664,28,818,6,6
665,28,688,6,7
666,28,807,8,6
667,28,895,5,6
668,28,678,3,6
669,28,32,7,6
670,28,881,8,6
671,28,600,6,7
672,28,285,4,7
673,29,414,6,8
674,29,617,4,7
675,29,829,7,8
676,29,666,9,7
677,29,445,4,3
678,29,101,4,8
679,29,802,9,7
680,29,757,9,7
681,29,152,6,7
682,29,270,4,4
683,29,393,8,6
684,29,124,6,6
685,29,341,9,8
686,29,974,6,8
687,29,439,5,8
688,29,818,7,7
689,29,688,6,8
690,29,807,7,9
691,29,895,5,6
692,29,678,6,7
693,29,32,1,4
694,29,881,7,8
695,29,600,4,5
696,29,285,6,6
697,30,414,4,6
698,30,617,6,7
699,30,829,5,7
700,30,666,7,7
701,30,445,6,7
702,30,101,7,8
703,30,802,8,8
704,30,757,5,7
705,30,152,7,6
706,30,270,6,6
707,30,393,5,7
708,30,124,8,6
709,30,341,8,8
710,30,974,7,6
711,30,439,1,1
712,30,818,4,6
713,30,688,5,6
714,30,807,5,5
715,30,895,7,7
716,30,678,2,4
717,30,32,6,6
718,30,881,6,8
719,30,600,6,6
720,30,285,4,7
721,31,414,10,8
722,31,617,10,10
723,31,829,10,9
724,31,666,4,5
725,31,445,9,8
726,31,101,6,8
727,31,802,9,9
728,31,757,8,8
729,31,152,9,10
730,31,270,6,7
731,31,393,8,8
732,31,124,8,8
733,31,341,10,9
734,31,974,7,7
735,31,439,9,9
736,31,818,6,7
737,31,688,5,6
738,31,807,6,7
739,31,895,9,9
740,31,678,6,7
741,31,32,9,7
742,31,881,8,9
743,31,600,9,8
744,31,285,6,8
745,32,414,8,7
746,32,617,9,8
747,32,829,8,8
748,32,666,4,4
749,32,445,7,6
750,32,101,7,8
751,32,802,1,5
752,32,757,5,5
753,32,152,3,4
754,32,270,7,6
755,32,393,5,5
756,32,124,9,9
757,32,341,9,9
758,32,974,7,8
759,32,439,6,7
760,32,818,5,5
761,32,688,4,6
762,32,807,5,6
763,32,895,6,8
764,32,678,8,8
765,32,32,9,7
766,32,881,9,7
767,32,600,6,8
768,32,285,6,7
769,33,414,6,7
770,33,617,7,8
771,33,829,7,6
772,33,666,5,4
773,33,445,6,7
774,33,101,7,5
775,33,802,3,6
776,33,757,4,5
777,33,152,4,4
778,33,270,5,5
779,33,393,6,6
780,33,124,6,6
781,33,341,6,7
782,33,974,3,3
783,33,439,5,5
784,33,818,6,5
785,33,688,7,7
786,33,807,2,6
787,33,895,7,6
788,33,678,7,8
789,33,32,4,5
790,33,881,7,5
791,33,600,7,5
792,33,285,5,5
793,34,414,8,8
794,34,617,6,7
795,34,829,2,6
796,34,666,5,5
797,34,445,6,6
798,34,101,8,8
799,34,802,3,7
800,34,757,7,8
801,34,152,4,5
802,34,270,7,7
803,34,393,7,6
804,34,124,7,6
805,34,341,9,8
806,34,974,6,5
807,34,439,5,4
808,34,818,5,6
809,34,688,8,7
810,34,807,7,5
811,34,895,6,6
812,34,678,7,6
813,34,32,3,6
814,34,881,4,4
815,34,600,1,2
816,34,285,4,5
817,35,414,6,8
818,35,617,4,7
819,35,829,4,4
820,35,666,7,5
821,35,445,6,7
822,35,101,6,7
823,35,802,4,3
824,35,757,4,2
825,35,152,7,6
826,35,270,5,7
827,35,393,5,7
828,35,124,5,4
829,35,341,5,5
830,35,974,7,6
831,35,439,2,6
832,35,818,5,7
833,35,688,7,7
834,35,807,7,5
835,35,895,5,6
836,35,678,3,5
837,35,32,2,5
838,35,881,5,5
839,35,600,5,4
840,35,285,4,5
841,36,414,8,9
842,36,617,6,7
843,36,829,7,9
844,36,666,9,8
845,36,445,7,9
846,36,101,5,6
847,36,802,4,5
848,36,757,10,9
849,36,152,8,10
850,36,270,6,5
851,36,393,9,7
852,36,124,4,6
853,36,341,10,9
854,36,974,8,8
855,36,439,5,5
856,36,818,8,10
857,36,688,9,9
858,36,807,6,9
859,36,895,9,8
860,36,678,8,10
861,36,32,7,9
862,36,881,7,7
863,36,600,7,7
864,36,285,6,7
865,37,414,6,6
866,37,617,8,9
867,37,829,7,6
868,37,666,9,9
869,37,445,9,7
870,37,101,5,7
871,37,802,7,7
872,37,757,4,7
873,37,152,7,9
874,37,270,8,8
875,37,393,5,5
876,37,124,7,9
877,37,341,10,9
878,37,974,7,7
879,37,439,9,9
880,37,818,10,8
881,37,688,6,6
882,37,807,9,9
883,37,895,7,8
884,37,678,7,7
885,37,32,7,8
886,37,881,7,7
887,37,600,7,7
888,37,285,8,8
889,38,414,3,7
890,38,617,5,6
891,38,829,6,6
892,38,666,3,5
893,38,445,6,7
894,38,101,4,4
895,38,802,6,7
896,38,757,3,5
897,38,152,8,8
898,38,270,8,7
899,38,393,4,5
900,38,124,5,6
901,38,341,7,8
902,38,974,5,6
903,38,439,7,8
904,38,818,2,2
905,38,688,7,6
906,38,807,2,1
907,38,895,3,2
908,38,678,6,8
909,38,32,6,7
910,38,881,6,7
911,38,600,4,5
912,38,285,6,6
913,39,414,8,10
914,39,617,6,7
915,39,829,8,8
916,39,666,9,9
917,39,445,7,8
918,39,101,6,8
919,39,802,8,8
920,39,757,7,9
921,39,152,6,8
922,39,270,7,6
923,39,393,8,8
924,39,124,8,8
925,39,341,8,7
926,39,974,6,7
927,39,439,9,8
928,39,818,9,8
929,39,688,8,7
930,39,807,7,7
931,39,895,10,10
932,39,678,8,9
933,39,32,4,5
934,39,881,10,8
935,39,600,6,6
936,39,285,9,8
937,40,414,9,8
938,40,617,7,9
939,40,829,9,9
940,40,666,7,8
941,40,445,8,8
942,40,101,9,7
943,40,802,4,8
944,40,757,8,8
945,40,152,5,5
946,40,270,4,5
947,40,393,1,2
948,40,124,7,7
949,40,341,10,10
950,40,974,4,8
951,40,439,8,8
952,40,818,9,9
953,40,688,9,8
954,40,807,9,9
955,40,895,8,9
956,40,678,8,10
957,40,32,8,8
958,40,881,6,8
959,40,600,5,8
960,40,285,8,9
961,41,414,9,9
962,41,617,5,8
963,41,829,5,7
964,41,666,9,8
965,41,445,10,10
966,41,101,7,7
967,41,802,6,6
968,41,757,8,9
969,41,152,6,5
970,41,270,5,5
971,41,393,9,9
972,41,124,9,7
973,41,341,7,8
974,41,974,5,9
975,41,439,9,7
976,41,818,8,8
977,41,688,10,9
978,41,807,10,10
979,41,895,8,7
980,41,678,4,8
981,41,32,7,7
982,41,881,8,8
983,41,600,8,8
984,41,285,8,10
985,42,728,7,7
986,42,213,1,3
987,42,610,1,1
988,42,582,6,8
989,42,723,6,6
990,42,689,1,3
991,42,449,5,7
992,42,668,1,2
993,42,176,1,2
994,42,529,1,3
995,42,833,1,2
996,42,571,1,2
997,42,476,7,8
998,42,939,7,8
999,42,434,4,5
1000,42,348,4,7
1001,42,942,9,8
1002,42,748,7,8
1003,42,147,8,8
1004,42,825,8,8
1005,42,212,6,8
1006,42,756,1,3
1007,42,211,3,7
1008,42,827,8,7
1009,42,468,1,1
1010,43,728,9,9
1011,43,213,6,8
1012,43,610,8,8
1013,43,582,8,7
1014,43,723,5,4
1015,43,689,10,8
1016,43,449,7,5
1017,43,668,5,5
1018,43,176,1,2
1019,43,529,8,9
1020,43,833,8,9
1021,43,571,1,2
1022,43,476,5,5
1023,43,939,8,9
1024,43,434,7,8
1025,43,348,4,6
1026,43,942,4,7
1027,43,748,8,7
1028,43,147,8,8
1029,43,825,8,8
1030,43,212,3,7
1031,43,756,9,8
1032,43,211,4,5
1033,43,827,7,6
1034,43,468,1,2
1035,44,728,9,9
1036,44,213,7,8
1037,44,610,8,9
1038,44,582,8,9
1039,44,723,6,6
1040,44,689,5,6
1041,44,449,9,7
1042,44,668,8,8
1043,44,176,2,4
1044,44,529,7,9
1045,44,833,8,10
1046,44,571,7,7
1047,44,476,8,9
1048,44,939,9,7
1049,44,434,8,9
1050,44,348,10,10
1051,44,942,7,9
1052,44,748,5,9
1053,44,147,4,7
1054,44,825,9,9
1055,44,212,8,9
1056,44,756,8,8
1057,44,211,5,7
1058,44,827,10,8
1059,44,468,4,7
1060,45,728,6,9
1061,45,213,9,8
1062,45,610,5,9
1063,45,582,8,9
1064,45,723,6,8
1065,45,689,10,9
1066,45,449,7,8
1067,45,668,8,8
1068,45,176,2,3
1069,45,529,8,8
1070,45,833,8,9
1071,45,571,8,9
1072,45,476,10,10
1073,45,939,5,5
1074,45,434,10,9
1075,45,348,8,9
1076,45,942,8,10
1077,45,748,8,10
1078,45,147,10,8
1079,45,825,9,8
1080,45,212,7,9
1081,45,756,8,9
1082,45,211,9,9
1083,45,827,6,6
1084,45,468,4,8
1085,46,728,4,6
1086,46,213,7,7
1087,46,610,3,6
1088,46,582,5,6
1089,46,723,4,4
1090,46,689,6,7
1091,46,449,6,6
1092,46,668,3,5
1093,46,176,8,7
1094,46,529,7,7
1095,46,833,6,8
1096,46,571,5,7
1097,46,476,6,8
1098,46,939,5,7
1099,46,434,4,4
1100,46,348,7,7
1101,46,942,7,7
1102,46,748,5,5
1103,46,147,7,8
1104,46,825,6,6
1105,46,212,6,6
1106,46,756,8,7
1107,46,211,6,7
1108,46,827,1,4
1109,46,468,4,5
1110,47,728,5,8
1111,47,213,9,10
1112,47,610,9,8
1113,47,582,9,7
1114,47,723,7,7
1115,47,689,8,10
1116,47,449,10,9
1117,47,668,7,5
1118,47,176,9,7
1119,47,529,1,4
1120,47,833,8,9
1121,47,571,7,9
1122,47,476,10,10
1123,47,939,7,8
1124,47,434,9,8
1125,47,348,2,6
1126,47,942,9,9
1127,47,748,8,8
1128,47,147,9,9
1129,47,825,9,8
1130,47,212,6,7
1131,47,756,9,8
1132,47,211,7,9
1133,47,827,6,7
1134,47,468,5,5
1135,48,728,6,8
1136,48,213,8,8
1137,48,610,8,9
1138,48,582,5,8
1139,48,723,4,5
1140,48,689,10,8
1141,48,449,8,9
1142,48,668,7,7
1143,48,176,8,9
1144,48,529,6,6
1145,48,833,7,6
1146,48,571,6,8
1147,48,476,10,8
1148,48,939,9,7
1149,48,434,9,8
1150,48,348,9,7
1151,48,942,8,8
1152,48,748,9,9
1153,48,147,9,9
1154,48,825,8,8
1155,48,212,9,8
1156,48,756,10,7
1157,48,211,5,7
1158,48,827,9,8
1159,48,468,6,7
1160,49,728,6,7
1161,49,213,9,8
1162,49,610,8,7
1163,49,582,5,7
1164,49,723,5,7
1165,49,689,7,7
1166,49,449,5,5
1167,49,668,5,6
1168,49,176,4,5
1169,49,529,8,7
1170,49,833,4,6
1171,49,571,5,6
1172,49,476,7,8
1173,49,939,7,8
1174,49,434,4,5
1175,49,348,3,4
1176,49,942,7,7
1177,49,748,9,8
1178,49,147,6,5
1179,49,825,8,9
1180,49,212,5,4
1181,49,756,9,9
1182,49,211,9,8
1183,49,827,7,9
1184,49,468,6,7
1185,50,728,6,8
1186,50,213,5,7
1187,50,610,4,5
1188,50,582,6,8
1189,50,723,7,6
1190,50,689,5,6
1191,50,449,5,5
1192,50,668,4,3
1193,50,176,6,5
1194,50,529,4,6
1195,50,833,6,5
1196,50,571,2,4
1197,50,476,8,7
1198,50,939,5,5
1199,50,434,3,3
1200,50,348,3,5
1201,50,942,6,8
1202,50,748,8,7
1203,50,147,6,8
1204,50,825,6,5
1205,50,212,5,6
1206,50,756,7,7
1207,50,211,5,6
1208,50,827,2,3
1209,50,468,6,5
1210,51,728,9,10
1211,51,213,4,8
1212,51,610,5,8
1213,51,582,4,8
1214,51,723,7,9
1215,51,689,6,6
1216,51,449,10,8
1217,51,668,6,8
1218,51,176,9,7
1219,51,529,5,7
1220,51,833,7,9
1221,51,571,5,6
1222,51,476,9,8
1223,51,939,9,8
1224,51,434,6,8
1225,51,348,6,8
1226,51,942,10,8
1227,51,748,10,8
1228,51,147,6,4
1229,51,825,9,9
1230,51,212,7,7
1231,51,756,10,8
1232,51,211,5,6
1233,51,827,5,6
1234,51,468,8,9
1235,52,728,9,8
1236,52,213,5,6
1237,52,610,5,5
1238,52,582,4,5
1239,52,723,9,7
1240,52,689,7,7
1241,52,449,10,9
1242,52,668,6,6
1243,52,176,7,6
1244,52,529,8,7
1245,52,833,5,5
1246,52,571,9,8
1247,52,476,8,6
1248,52,939,8,8
1249,52,434,5,4
1250,52,348,8,7
1251,52,942,9,9
1252,52,748,7,9
1253,52,147,5,8
1254,52,825,9,7
1255,52,212,9,7
1256,52,756,9,7
1257,52,211,7,8
1258,52,827,8,6
1259,52,468,6,8
1260,53,728,7,7
1261,53,213,5,6
1262,53,610,2,4
1263,53,582,4,4
1264,53,723,2,4
1265,53,689,6,6
1266,53,449,6,6
1267,53,668,2,5
1268,53,176,2,5
1269,53,529,7,7
1270,53,833,7,8
1271,53,571,8,6
1272,53,476,8,8
1273,53,939,5,6
1274,53,434,5,6
1275,53,348,8,8
1276,53,942,6,6
1277,53,748,7,6
1278,53,147,6,7
1279,53,825,7,6
1280,53,212,7,7
1281,53,756,5,7
1282,53,211,7,7
1283,53,827,5,7
1284,53,468,5,7
1285,54,728,10,9
1286,54,213,6,9
1287,54,610,8,10
1288,54,582,9,10
1289,54,723,5,6
1290,54,689,7,9
1291,54,449,10,9
1292,54,668,7,8
1293,54,176,4,4
1294,54,529,7,9
1295,54,833,10,8
1296,54,571,7,8
1297,54,476,8,10
1298,54,939,6,7
1299,54,434,10,10
1300,54,348,5,4
1301,54,942,7,8
1302,54,748,8,9
1303,54,147,6,8
1304,54,825,10,10
1305,54,212,10,8
1306,54,756,8,10
1307,54,211,5,5
1308,54,827,9,9
1309,54,468,8,7
1310,55,728,5,6
1311,55,213,8,6
1312,55,610,6,7
1313,55,582,6,6
1314,55,723,7,5
1315,55,689,8,7
1316,55,449,6,8
1317,55,668,6,6
1318,55,176,6,5
1319,55,529,7,8
1320,55,833,8,6
1321,55,571,6,7
1322,55,476,2,6
1323,55,939,5,7
1324,55,434,7,7
1325,55,348,7,5
1326,55,942,6,8
1327,55,748,3,5
1328,55,147,4,4
1329,55,825,3,3
1330,55,212,5,5
1331,55,756,7,7
1332,55,211,7,7
1333,55,827,6,5
1334,55,468,6,6
1335,56,728,4,6
1336,56,213,8,7
1337,56,610,7,7
1338,56,582,7,8
1339,56,723,8,8
1340,56,689,8,7
1341,56,449,9,9
1342,56,668,7,7
1343,56,176,7,8
1344,56,529,7,8
1345,56,833,7,7
1346,56,571,4,4
1347,56,476,5,7
1348,56,939,6,7
1349,56,434,8,6
1350,56,348,6,6
1351,56,942,6,5
1352,56,748,6,7
1353,56,147,3,5
1354,56,825,4,7
1355,56,212,7,6
1356,56,756,6,6
1357,56,211,5,6
1358,56,827,6,6
1359,56,468,9,8
1360,57,728,5,5
1361,57,213,4,5
1362,57,610,9,7
1363,57,582,8,6
1364,57,723,1,2
1365,57,689,8,7
1366,57,449,7,8
1367,57,668,8,6
1368,57,176,5,4
1369,57,529,6,7
1370,57,833,8,8
1371,57,571,7,8
1372,57,476,7,7
1373,57,939,8,6
1374,57,434,7,8
1375,57,348,9,9
1376,57,942,5,5
1377,57,748,5,6
1378,57,147,8,8
1379,57,825,7,9
1380,57,212,6,6
1381,57,756,8,8
1382,57,211,6,8
1383,57,827,8,8
1384,57,468,3,3
1385,58,728,3,5
1386,58,213,6,8
1387,58,610,4,4
1388,58,582,6,5
1389,58,723,2,4
1390,58,689,5,7
1391,58,449,8,6
1392,58,668,7,7
1393,58,176,3,2
1394,58,529,6,7
1395,58,833,9,7
1396,58,571,7,5
1397,58,476,7,7
1398,58,939,3,6
1399,58,434,6,7
1400,58,348,5,5
1401,58,942,3,5
1402,58,748,6,8
1403,58,147,6,7
1404,58,825,8,7
1405,58,212,3,6
1406,58,756,7,6
1407,58,211,7,8
1408,58,827,8,6
1409,58,468,2,6
1410,59,728,4,6
1411,59,213,8,8
1412,59,610,8,6
1413,59,582,7,7
1414,59,723,5,6
1415,59,689,5,7
1416,59,449,6,8
1417,59,668,6,6
1418,59,176,6,6
1419,59,529,6,7
1420,59,833,6,6
1421,59,571,7,5
1422,59,476,8,6
1423,59,939,1,2
1424,59,434,5,7
1425,59,348,7,6
1426,59,942,5,6
1427,59,748,5,5
1428,59,147,4,4
1429,59,825,6,7
1430,59,212,7,8
1431,59,756,8,8
1432,59,211,5,7
1433,59,827,6,6
1434,59,468,4,3
1435,60,728,9,7
1436,60,213,9,8
1437,60,610,8,7
1438,60,582,9,8
1439,60,723,5,5
1440,60,689,6,6
1441,60,449,9,8
1442,60,668,6,8
1443,60,176,7,8
1444,60,529,7,8
1445,60,833,7,8
1446,60,571,6,6
1447,60,476,8,9
1448,60,939,4,5
1449,60,434,8,9
1450,60,348,6,7
1451,60,942,5,5
1452,60,748,5,7
1453,60,147,8,8
1454,60,825,9,8
1455,60,212,3,4
1456,60,756,6,6
1457,60,211,6,6
1458,60,827,6,5
1459,60,468,7,9
1460,61,728,4,6
1461,61,213,8,7
1462,61,610,8,7
1463,61,582,6,7
1464,61,723,3,5
1465,61,689,5,7
1466,61,449,8,7
1467,61,668,8,7
1468,61,176,6,6
1469,61,529,6,8
1470,61,833,8,6
1471,61,571,6,8
1472,61,476,9,7
1473,61,939,3,7
1474,61,434,1,3
1475,61,348,7,7
1476,61,942,5,6
1477,61,748,4,6
1478,61,147,8,7
1479,61,825,3,5
1480,61,212,3,6
1481,61,756,5,6
1482,61,211,5,6
1483,61,827,3,7
1484,61,468,5,5
1485,62,728,8,8
1486,62,213,9,9
1487,62,610,6,5
1488,62,582,7,6
1489,62,723,4,7
1490,62,689,6,7
1491,62,449,9,7
1492,62,668,8,6
1493,62,176,3,7
1494,62,529,3,4
1495,62,833,7,7
1496,62,571,7,8
1497,62,476,9,9
1498,62,939,5,8
1499,62,434,8,6
1500,62,348,3,6
1501,62,942,8,8
1502,62,748,6,7
1503,62,147,7,7
1504,62,825,4,6
1505,62,212,5,6
1506,62,756,8,7
1507,62,211,7,7
1508,62,827,7,7
1509,62,468,3,2
1510,63,728,6,8
1511,63,213,9,10
1512,63,610,7,8
1513,63,582,8,8
1514,63,723,6,7
1515,63,689,5,7
1516,63,449,8,7
1517,63,668,8,8
1518,63,176,8,9
1519,63,529,7,9
1520,63,833,9,9
1521,63,571,7,7
1522,63,476,5,9
1523,63,939,6,5
1524,63,434,9,10
1525,63,348,5,5
1526,63,942,9,9
1527,63,748,10,9
1528,63,147,9,10
1529,63,825,6,8
1530,63,212,7,8
1531,63,756,9,8
1532,63,211,8,7
1533,63,827,6,6
1534,63,468,9,8
1535,64,728,5,9
1536,64,213,9,10
1537,64,610,8,9
1538,64,582,9,7
1539,64,723,9,9
1540,64,689,5,5
1541,64,449,10,10
1542,64,668,8,9
1543,64,176,9,7
1544,64,529,4,8
1545,64,833,8,9
1546,64,571,10,8
1547,64,476,6,6
1548,64,939,9,7
1549,64,434,9,7
1550,64,348,7,9
1551,64,942,10,10
1552,64,748,10,9
1553,64,147,8,8
1554,64,825,6,9
1555,64,212,7,7
1556,64,756,5,8
1557,64,211,7,6
1558,64,827,8,8
1559,64,468,9,8
1560,65,728,6,8
1561,65,213,6,6
1562,65,610,4,7
1563,65,582,6,5
1564,65,723,6,5
1565,65,689,8,8
1566,65,449,8,5
1567,65,668,6,6
1568,65,176,3,4
1569,65,529,8,6
1570,65,833,7,8
1571,65,571,7,7
1572,65,476,4,5
1573,65,939,7,7
1574,65,434,3,4
1575,65,348,5,5
1576,65,942,5,5
1577,65,748,8,8
1578,65,147,7,6
1579,65,825,3,7
1580,65,212,5,7
1581,65,756,3,6
1582,65,211,3,7
1583,65,827,7,7
1584,65,468,7,6
1585,66,728,3,7
1586,66,213,6,8
1587,66,610,4,4
1588,66,582,5,6
1589,66,723,5,5
1590,66,689,2,3
1591,66,449,8,8
1592,66,668,1,3
1593,66,176,6,8
1594,66,529,4,4
1595,66,833,5,6
1596,66,571,5,5
1597,66,476,5,6
1598,66,939,8,8
1599,66,434,5,3
1600,66,348,7,8
1601,66,942,3,4
1602,66,748,8,7
1603,66,147,7,6
1604,66,825,3,4
1605,66,212,8,7
1606,66,756,4,6
1607,66,211,5,5
1608,66,827,8,6
1609,66,468,7,6
1610,67,728,6,7
1611,67,213,9,9
1612,67,610,4,6
1613,67,582,7,9
1614,67,723,7,9
1615,67,689,6,6
1616,67,449,9,9
1617,67,668,6,7
1618,67,176,9,8
1619,67,529,7,6
1620,67,833,4,8
1621,67,571,6,6
1622,67,476,5,7
1623,67,939,8,7
1624,67,434,7,7
1625,67,348,8,6
1626,67,942,6,8
1627,67,748,9,8
1628,67,147,5,4
1629,67,825,6,6
1630,67,212,7,6
1631,67,756,4,5
1632,67,211,7,8
1633,67,827,7,8
1634,67,468,7,8
1635,68,728,5,8
1636,68,213,9,8
1637,68,610,8,10
1638,68,582,8,10
1639,68,723,5,6
1640,68,689,9,7
1641,68,449,8,10
1642,68,668,5,9
1643,68,176,5,4
1644,68,529,10,7
1645,68,833,7,7
1646,68,571,4,4
1647,68,476,6,6
1648,68,939,4,5
1649,68,434,10,8
1650,68,348,7,9
1651,68,942,10,10
1652,68,748,6,6
1653,68,147,7,8
1654,68,825,10,8
1655,68,212,5,6
1656,68,756,8,9
1657,68,211,6,5
1658,68,827,8,8
1659,68,468,7,8
1660,69,728,6,6
1661,69,213,6,6
1662,69,610,10,10
1663,69,582,9,10
1664,69,723,5,5
1665,69,689,6,6
1666,69,449,8,10
1667,69,668,7,8
1668,69,176,7,8
1669,69,529,8,7
1670,69,833,6,7
1671,69,571,9,7
1672,69,476,10,9
1673,69,939,10,10
1674,69,434,9,8
1675,69,348,8,8
1676,69,942,7,6
1677,69,748,10,10
1678,69,147,4,6
1679,69,825,8,8
1680,69,212,9,8
1681,69,756,9,9
1682,69,211,7,9
1683,69,827,9,8
1684,69,468,8,8
1685,70,728,5,9
1686,70,213,10,9
1687,70,610,9,9
1688,70,582,9,8
1689,70,723,5,6
1690,70,689,7,8
1691,70,449,10,10
1692,70,668,5,7
1693,70,176,10,8
1694,70,529,8,8
1695,70,833,10,8
1696,70,571,8,7
1697,70,476,6,6
1698,70,939,10,9
1699,70,434,7,7
1700,70,348,9,8
1701,70,942,7,9
1702,70,748,7,7
1703,70,147,8,7
1704,70,825,6,7
1705,70,212,8,10
1706,70,756,7,9
1707,70,211,6,7
1708,70,827,10,10
1709,70,468,7,8
1710,71,728,7,6
1711,71,213,9,10
1712,71,610,9,8
1713,71,582,9,9
1714,71,723,4,5
1715,71,689,8,8
1716,71,449,10,9
1717,71,668,7,8
1718,71,176,9,8
1719,71,529,9,7
1720,71,833,10,9
1721,71,571,7,5
1722,71,476,7,8
1723,71,939,8,10
1724,71,434,5,6
1725,71,348,8,8
1726,71,942,7,9
1727,71,748,6,9
1728,71,147,9,10
1729,71,825,9,8
1730,71,212,7,9
1731,71,756,10,8
1732,71,211,8,10
1733,71,827,7,9
1734,71,468,5,6
1735,72,728,7,9
1736,72,213,8,9
1737,72,610,7,9
1738,72,582,9,7
1739,72,723,7,9
1740,72,689,8,9
1741,72,449,8,10
1742,72,668,8,8
1743,72,176,5,7
1744,72,529,8,8
1745,72,833,7,8
1746,72,571,9,7
1747,72,476,7,6
1748,72,939,9,7
1749,72,434,9,8
1750,72,348,7,9
1751,72,942,9,9
1752,72,748,5,7
1753,72,147,8,8
1754,72,825,8,8
1755,72,212,9,7
1756,72,756,7,6
1757,72,211,7,8
1758,72,827,8,10
1759,72,468,9,10
1760,73,728,8,7
1761,73,213,6,6
1762,73,610,6,5
1763,73,582,4,4
1764,73,723,4,3
1765,73,689,7,7
1766,73,449,8,6
1767,73,668,7,8
1768,73,176,7,7
1769,73,529,6,7
1770,73,833,5,6
1771,73,571,6,7
1772,73,476,8,8
1773,73,939,7,6
1774,73,434,8,8
1775,73,348,3,3
1776,73,942,8,8
1777,73,748,4,4
1778,73,147,7,5
1779,73,825,7,8
1780,73,212,3,5
1781,73,756,8,8
1782,73,211,6,6
1783,73,827,6,6
1784,73,468,3,4
1785,74,728,6,8
1786,74,213,7,7
1787,74,610,8,8
1788,74,582,5,5
1789,74,723,3,5
1790,74,689,5,6
1791,74,449,8,9
1792,74,668,4,6
1793,74,176,7,8
1794,74,529,7,6
1795,74,833,4,5
1796,74,571,8,7
1797,74,476,7,8
1798,74,939,4,6
1799,74,434,8,8
1800,74,348,8,9
1801,74,942,8,8
1802,74,748,7,7
1803,74,147,7,7
1804,74,825,8,9
1805,74,212,9,9
1806,74,756,5,7
1807,74,211,8,6
1808,74,827,8,7
1809,74,468,9,7
1810,75,728,7,9
1811,75,213,10,10
1812,75,610,8,10
1813,75,582,5,6
1814,75,723,8,7
1815,75,689,9,8
1816,75,449,10,8
1817,75,668,9,8
1818,75,176,8,9
1819,75,529,7,9
1820,75,833,7,7
1821,75,571,8,8
1822,75,476,7,7
1823,75,939,8,9
1824,75,434,8,7
1825,75,348,7,8
1826,75,942,8,9
1827,75,748,8,8
1828,75,147,7,9
1829,75,825,9,8
1830,75,212,6,6
1831,75,756,6,7
1832,75,211,9,10
1833,75,827,10,9
1834,75,468,7,7
1835,76,728,7,7
1836,76,213,8,7
1837,76,610,9,9
1838,76,582,6,8
1839,76,723,5,4
1840,76,689,5,4
1841,76,449,8,7
1842,76,668,9,8
1843,76,176,6,6
1844,76,529,6,5
1845,76,833,9,8
1846,76,571,6,5
1847,76,476,4,8
1848,76,939,6,6
1849,76,434,8,8
1850,76,348,6,7
1851,76,942,8,6
1852,76,748,8,8
1853,76,147,7,7
1854,76,825,9,9
1855,76,212,3,7
1856,76,756,6,5
1857,76,211,9,8
1858,76,827,8,8
1859,76,468,4,7
1860,77,728,5,5
1861,77,213,6,7
1862,77,610,8,7
1863,77,582,4,3
1864,77,723,7,6
1865,77,689,7,7
1866,77,449,8,8
1867,77,668,7,7
1868,77,176,9,8
1869,77,529,6,6
1870,77,833,5,6
1871,77,571,2,6
1872,77,476,4,7
1873,77,939,6,5
1874,77,434,7,7
1875,77,348,3,3
1876,77,942,7,8
1877,77,748,6,6
1878,77,147,6,5
1879,77,825,4,5
1880,77,212,5,6
1881,77,756,3,6
1882,77,211,8,6
1883,77,827,5,6
1884,77,468,1,3
1885,78,728,8,7
1886,78,213,6,7
1887,78,610,8,7
1888,78,582,2,6
1889,78,723,8,8
1890,78,689,3,5
1891,78,449,9,8
1892,78,668,3,5
1893,78,176,5,7
1894,78,529,5,5
1895,78,833,7,8
1896,78,571,5,5
1897,78,476,4,4
1898,78,939,8,6
1899,78,434,7,8
1900,78,348,2,3
1901,78,942,8,6
1902,78,748,7,8
1903,78,147,7,5
1904,78,825,3,7
1905,78,212,7,6
1906,78,756,3,7
1907,78,211,4,6
1908,78,827,5,7
1909,78,468,3,3
1910,79,728,8,8
1911,79,213,7,8
1912,79,610,5,5
1913,79,582,8,7
1914,79,723,3,3
1915,79,689,8,7
1916,79,449,5,6
1917,79,668,4,7
1918,79,176,7,7
1919,79,529,8,8
1920,79,833,4,8
1921,79,571,8,8
1922,79,476,8,9
1923,79,939,6,8
1924,79,434,7,8
1925,79,348,8,8
1926,79,942,9,8
1927,79,748,4,5
1928,79,147,6,7
1929,79,825,8,8
1930,79,212,8,8
1931,79,756,7,9
1932,79,211,6,6
1933,79,827,6,5
1934,79,468,8,7
1935,80,728,3,5
1936,80,213,6,7
1937,80,610,6,7
1938,80,582,6,5
1939,80,723,6,7
1940,80,689,3,6
1941,80,449,9,6
1942,80,668,2,6
1943,80,176,5,5
1944,80,529,5,6
1945,80,833,5,4
1946,80,571,7,6
1947,80,476,6,6
1948,80,939,8,8
1949,80,434,5,6
1950,80,348,6,6
1951,80,942,6,5
1952,80,748,8,8
1953,80,147,5,6
1954,80,825,7,6
1955,80,212,6,8
1956,80,756,4,4
1957,80,211,5,7
1958,80,827,5,7
1959,80,468,6,7
1960,81,728,5,6
1961,81,213,8,10
1962,81,610,9,8
1963,81,582,9,9
1964,81,723,4,6
1965,81,689,8,9
1966,81,449,8,8
1967,81,668,7,8
1968,81,176,9,9
1969,81,529,8,9
1970,81,833,8,8
1971,81,571,6,8
1972,81,476,8,10
1973,81,939,9,10
1974,81,434,5,4
1975,81,348,10,8
1976,81,942,10,9
1977,81,748,10,8
1978,81,147,7,8
1979,81,825,4,5
1980,81,212,9,9
1981,81,756,9,10
1982,81,211,5,6
1983,81,827,6,5
1984,81,468,4,5
1985,82,728,7,8
1986,82,213,7,8
1987,82,610,8,6
1988,82,582,5,6
1989,82,723,7,8
1990,82,689,2,2
1991,82,449,4,6
1992,82,668,3,3
1993,82,176,7,8
1994,82,529,4,2
1995,82,833,5,6
1996,82,571,5,7
1997,82,476,7,8
1998,82,939,7,7
1999,82,434,5,7
2000,82,348,7,7
2001,82,942,8,7
2002,82,748,6,7
2003,82,147,2,6
2004,82,825,6,8
2005,82,212,6,5
2006,82,756,3,5
2007,82,211,6,8
2008,82,827,3,5
2009,82,468,5,5
2010,83,728,6,8
2011,83,213,7,6
2012,83,610,8,8
2013,83,582,8,8
2014,83,723,7,7
2015,83,689,7,7
2016,83,449,4,5
2017,83,668,7,7
2018,83,176,6,6
2019,83,529,8,7
2020,83,833,8,8
2021,83,571,6,6
2022,83,476,4,6
2023,83,939,5,7
2024,83,434,7,7
2025,83,348,6,8
2026,83,942,7,7
2027,83,748,8,7
2028,83,147,3,4
2029,83,825,8,8
2030,83,212,3,5
2031,83,756,7,8
2032,83,211,1,3
2033,83,827,4,4
2034,83,468,6,5
2035,84,728,9,10
2036,84,213,10,9
2037,84,610,6,6
2038,84,582,7,7
2039,84,723,9,7
2040,84,689,10,7
2041,84,449,5,8
2042,84,668,5,5
2043,84,176,9,9
2044,84,529,5,6
2045,84,833,8,9
2046,84,571,7,9
2047,84,476,7,6
2048,84,939,9,9
2049,84,434,4,6
2050,84,348,6,6
2051,84,942,10,10
2052,84,748,6,9
2053,84,147,6,8
2054,84,825,9,9
2055,84,212,8,10
2056,84,756,10,10
2057,84,211,8,7
2058,84,827,7,8
2059,84,468,8,7
2060,85,728,6,5
2061,85,213,6,7
2062,85,610,4,6
2063,85,582,5,3
2064,85,723,2,5
2065,85,689,7,6
2066,85,449,5,4
2067,85,668,4,5
2068,85,176,7,5
2069,85,529,7,5
2070,85,833,7,7
2071,85,571,8,7
2072,85,476,6,8
2073,85,939,7,7
2074,85,434,5,7
2075,85,348,5,7
2076,85,942,6,8
2077,85,748,4,4
2078,85,147,4,5
2079,85,825,6,6
2080,85,212,6,6
2081,85,756,4,6
2082,85,211,6,7
2083,85,827,7,6
2084,85,468,5,6
2085,86,728,10,8
2086,86,213,10,8
2087,86,610,10,8
2088,86,582,8,8
2089,86,723,9,7
2090,86,689,8,10
2091,86,449,10,8
2092,86,668,5,6
2093,86,176,4,8
2094,86,529,8,9
2095,86,833,8,7
2096,86,571,7,7
2097,86,476,9,10
2098,86,939,8,9
2099,86,434,8,7
2100,86,348,7,9
2101,86,942,10,10
2102,86,748,6,6
2103,86,147,8,7
2104,86,825,8,10
2105,86,212,7,9
2106,86,756,6,8
2107,86,211,9,7
2108,86,827,9,9
2109,86,468,9,8
2110,87,237,9,9
2111,87,573,7,8
2112,87,886,2,2
2113,87,491,2,3
2114,87,428,2,2
2115,87,774,10,8
2116,87,311,2,3
2117,87,968,8,9
2118,87,204,2,2
2119,87,42,9,7
2120,87,297,6,8
2121,87,669,2,4
2122,87,578,6,7
2123,87,810,9,8
2124,87,162,10,8
2125,87,621,5,6
2126,87,115,10,9
2127,87,98,7,7
2128,87,527,2,4
2129,87,646,2,3
2130,87,793,6,8
2131,87,229,10,8
2132,87,269,2,2
2133,87,359,8,10
2134,87,461,7,6
2135,88,237,8,9
2136,88,573,5,7
2137,88,886,8,10
2138,88,491,2,2
2139,88,428,2,2
2140,88,774,8,8
2141,88,311,9,10
2142,88,968,9,7
2143,88,204,6,4
2144,88,42,6,5
2145,88,297,7,9
2146,88,669,8,7
2147,88,578,9,10
2148,88,810,9,9
2149,88,162,8,7
2150,88,621,5,9
2151,88,115,8,8
2152,88,98,5,8
2153,88,527,2,2
2154,88,646,9,9
2155,88,793,9,9
2156,88,229,6,7
2157,88,269,6,8
2158,88,359,10,8
2159,88,461,8,8
2160,89,237,8,10
2161,89,573,8,10
2162,89,886,6,7
2163,89,491,8,8
2164,89,428,10,9
2165,89,774,9,8
2166,89,311,5,8
2167,89,968,4,6
2168,89,204,7,8
2169,89,42,4,8
2170,89,297,9,8
2171,89,669,8,8
2172,89,578,9,9
2173,89,810,10,9
2174,89,162,8,8
2175,89,621,7,7
2176,89,115,9,7
2177,89,98,5,7
2178,89,527,2,2
2179,89,646,5,7
2180,89,793,10,8
2181,89,229,7,9
2182,89,269,5,7
2183,89,359,8,8
2184,89,461,8,7
2185,90,237,7,7
2186,90,573,9,9
2187,90,886,4,6
2188,90,491,3,5
2189,90,428,8,8
2190,90,774,9,9
2191,90,311,9,9
2192,90,968,8,7
2193,90,204,3,2
2194,90,42,9,9
2195,90,297,6,7
2196,90,669,5,4
2197,90,578,7,8
2198,90,810,6,8
2199,90,162,8,9
2200,90,621,6,7
2201,90,115,9,9
2202,90,98,5,4
2203,90,527,1,2
2204,90,646,5,4
2205,90,793,6,5
2206,90,229,6,5
2207,90,269,6,7
2208,90,359,8,7
2209,90,461,6,8
2210,91,237,7,8
2211,91,573,7,8
2212,91,886,8,9
2213,91,491,4,8
2214,91,428,10,9
2215,91,774,8,6
2216,91,311,8,9
2217,91,968,9,8
2218,91,204,6,8
2219,91,42,8,9
2220,91,297,9,8
2221,91,669,8,9
2222,91,578,7,9
2223,91,810,5,7
2224,91,162,7,7
2225,91,621,5,6
2226,91,115,4,8
2227,91,98,6,7
2228,91,527,2,3
2229,91,646,9,8
2230,91,793,8,10
2231,91,229,5,7
2232,91,269,8,8
2233,91,359,9,9
2234,91,461,10,10
2235,92,237,6,7
2236,92,573,7,9
2237,92,886,8,8
2238,92,491,8,8
2239,92,428,10,7
2240,92,774,10,9
2241,92,311,5,9
2242,92,968,9,10
2243,92,204,9,9
2244,92,42,6,7
2245,92,297,6,5
2246,92,669,8,9
2247,92,578,8,7
2248,92,810,7,9
2249,92,162,9,8
2250,92,621,9,8
2251,92,115,6,8
2252,92,98,6,6
2253,92,527,9,8
2254,92,646,9,9
2255,92,793,9,10
2256,92,229,7,8
2257,92,269,9,8
2258,92,359,7,6
2259,92,461,5,5
2260,93,237,5,7
2261,93,573,5,5
2262,93,886,8,9
2263,93,491,3,4
2264,93,428,6,6
2265,93,774,8,9
2266,93,311,5,5
2267,93,968,7,7
2268,93,204,8,8
2269,93,42,4,6
2270,93,297,7,6
2271,93,669,3,4
2272,93,578,8,7
2273,93,810,6,8
2274,93,162,8,8
2275,93,621,5,5
2276,93,115,8,6
2277,93,98,8,7
2278,93,527,9,7
2279,93,646,7,8
2280,93,793,7,7
2281,93,229,6,8
2282,93,269,9,8
2283,93,359,7,8
2284,93,461,6,8
2285,94,237,5,4
2286,94,573,7,6
2287,94,886,8,7
2288,94,491,1,1
2289,94,428,6,8
2290,94,774,8,8
2291,94,311,6,7
2292,94,968,8,7
2293,94,204,4,6
2294,94,42,3,3
2295,94,297,7,6
2296,94,669,2,6
2297,94,578,5,6
2298,94,810,5,5
2299,94,162,8,8
2300,94,621,6,7
2301,94,115,5,7
2302,94,98,5,6
2303,94,527,6,7
2304,94,646,6,7
2305,94,793,6,5
2306,94,229,7,8
2307,94,269,3,7
2308,94,359,3,6
2309,94,461,5,5
2310,95,237,5,6
2311,95,573,6,7
2312,95,886,8,6
2313,95,491,6,7
2314,95,428,5,6
2315,95,774,6,7
2316,95,311,5,7
2317,95,968,7,6
2318,95,204,3,5
2319,95,42,4,7
2320,95,297,6,7
2321,95,669,2,3
2322,95,578,6,5
2323,95,810,7,7
2324,95,162,7,5
2325,95,621,3,6
2326,95,115,8,7
2327,95,98,7,8
2328,95,527,8,8
2329,95,646,8,8
2330,95,793,6,7
2331,95,229,3,5
2332,95,269,3,5
2333,95,359,7,6
2334,95,461,1,3
2335,96,237,10,9
2336,96,573,6,9
2337,96,886,10,10
2338,96,491,10,8
2339,96,428,5,9
2340,96,774,9,9
2341,96,311,9,9
2342,96,968,4,5
2343,96,204,7,8
2344,96,42,6,5
2345,96,297,7,7
2346,96,669,10,10
2347,96,578,6,7
2348,96,810,7,7
2349,96,162,10,8
2350,96,621,6,7
2351,96,115,7,7
2352,96,98,8,9
2353,96,527,9,8
2354,96,646,7,8
2355,96,793,10,9
2356,96,229,8,9
2357,96,269,4,5
2358,96,359,8,7
2359,96,461,7,9
2360,97,237,6,8
2361,97,573,4,7
2362,97,886,6,6
2363,97,491,7,5
2364,97,428,6,6
2365,97,774,6,7
2366,97,311,4,5
2367,97,968,7,5
2368,97,204,7,7
2369,97,42,1,1
2370,97,297,8,7
2371,97,669,6,6
2372,97,578,1,3
2373,97,810,5,5
2374,97,162,2,4
2375,97,621,4,3
2376,97,115,6,6
2377,97,98,7,7
2378,97,527,3,6
2379,97,646,7,5
2380,97,793,5,5
2381,97,229,3,7
2382,97,269,4,4
2383,97,359,6,6
2384,97,461,7,7
2385,98,237,5,6
2386,98,573,9,10
2387,98,886,8,10
2388,98,491,10,10
2389,98,428,9,9
2390,98,774,8,9
2391,98,311,7,7
2392,98,968,7,7
2393,98,204,10,8
2394,98,42,9,10
2395,98,297,7,9
2396,98,669,10,7
2397,98,578,7,8
2398,98,810,7,8
2399,98,162,5,6
2400,98,621,4,5
2401,98,115,5,6
2402,98,98,10,8
2403,98,527,8,9
2404,98,646,6,8
2405,98,793,10,9
2406,98,229,7,7
2407,98,269,6,6
2408,98,359,10,8
2409,98,461,8,7
2410,99,237,3,5
2411,99,573,6,8
2412,99,886,6,6
2413,99,491,1,3
2414,99,428,9,6
2415,99,774,8,6
2416,99,311,4,4
2417,99,968,3,5
2418,99,204,7,5
2419,99,42,6,5
2420,99,297,7,6
2421,99,669,7,7
2422,99,578,6,5
2423,99,810,2,4
2424,99,162,7,7
2425,99,621,7,6
2426,99,115,4,6
2427,99,98,6,6
2428,99,527,6,6
2429,99,646,3,5
2430,99,793,8,8
2431,99,229,8,7
2432,99,269,7,5
2433,99,359,3,4
2434,99,461,4,2
2435,100,237,7,7
2436,100,573,8,7
2437,100,886,6,7
2438,100,491,4,6
2439,100,428,4,7
2440,100,774,8,7
2441,100,311,3,3
2442,100,968,5,6
2443,100,204,6,6
2444,100,42,3,4
2445,100,297,5,5
2446,100,669,5,7
2447,100,578,4,7
2448,100,810,5,4
2449,100,162,5,7
2450,100,621,5,5
2451,100,115,4,5
2452,100,98,5,6
2453,100,527,3,4
2454,100,646,7,6
2455,100,793,8,7
2456,100,229,6,7
2457,100,269,6,6
2458,100,359,6,8
2459,100,461,5,5
2460,101,237,6,6
2461,101,573,6,7
2462,101,886,8,7
2463,101,491,6,8
2464,101,428,5,4
2465,101,774,7,6
2466,101,311,4,6
2467,101,968,6,6
2468,101,204,8,8
2469,101,42,7,6
2470,101,297,6,6
2471,101,669,7,8
2472,101,578,8,6
2473,101,810,7,5
2474,101,162,3,5
2475,101,621,2,6
2476,101,115,4,3
2477,101,98,2,6
2478,101,527,4,5
2479,101,646,5,6
2480,101,793,6,7
2481,101,229,7,6
2482,101,269,7,8
2483,101,359,6,8
2484,101,461,8,6
2485,102,237,9,9
2486,102,573,9,8
2487,102,886,9,10
2488,102,491,7,9
2489,102,428,7,8
2490,102,774,9,9
2491,102,311,8,8
2492,102,968,8,10
2493,102,204,7,8
2494,102,42,9,10
2495,102,297,7,8
2496,102,669,7,7
2497,102,578,8,7
2498,102,810,9,9
2499,102,162,1,2
2500,102,621,10,10
2501,102,115,4,5
2502,102,98,8,9
2503,102,527,10,8
2504,102,646,7,7
2505,102,793,10,9
2506,102,229,10,10
2507,102,269,9,10
2508,102,359,7,8
2509,102,461,9,8
2510,103,237,4,6
2511,103,573,6,7
2512,103,886,9,9
2513,103,491,9,8
2514,103,428,5,7
2515,103,774,6,5
2516,103,311,8,9
2517,103,968,9,8
2518,103,204,8,7
2519,103,42,7,6
2520,103,297,6,7
2521,103,669,4,5
2522,103,578,5,5
2523,103,810,7,6
2524,103,162,5,6
2525,103,621,8,7
2526,103,115,6,6
2527,103,98,8,7
2528,103,527,7,7
2529,103,646,5,7
2530,103,793,6,7
2531,103,229,8,7
2532,103,269,9,9
2533,103,359,4,8
2534,103,461,6,5
2535,104,237,4,7
2536,104,573,6,8
2537,104,886,8,9
2538,104,491,7,7
2539,104,428,6,8
2540,104,774,4,7
2541,104,311,9,9
2542,104,968,7,6
2543,104,204,7,8
2544,104,42,7,6
2545,104,297,8,7
2546,104,669,4,5
2547,104,578,6,6
2548,104,810,8,7
2549,104,162,8,8
2550,104,621,4,7
2551,104,115,9,9
2552,104,98,7,6
2553,104,527,9,9
2554,104,646,2,2
2555,104,793,8,9
2556,104,229,7,6
2557,104,269,9,8
2558,104,359,6,8
2559,104,461,8,7
2560,105,237,6,9
2561,105,573,5,8
2562,105,886,8,10
2563,105,491,9,7
2564,105,428,5,7
2565,105,774,10,10
2566,105,311,10,10
2567,105,968,9,8
2568,105,204,8,7
2569,105,42,10,10
2570,105,297,7,8
2571,105,669,6,6
2572,105,578,6,9
2573,105,810,10,8
2574,105,162,9,9
2575,105,621,7,8
2576,105,115,7,9
2577,105,98,4,6
2578,105,527,9,9
2579,105,646,5,9
2580,105,793,10,8
2581,105,229,8,8
2582,105,269,10,10
2583,105,359,6,7
2584,105,461,10,9
2585,106,237,10,10
2586,106,573,5,8
2587,106,886,9,10
2588,106,491,9,9
2589,106,428,6,6
2590,106,774,10,10
2591,106,311,5,8
2592,106,968,8,9
2593,106,204,9,9
2594,106,42,7,5
2595,106,297,4,8
2596,106,669,4,8
2597,106,578,8,9
2598,106,810,7,8
2599,106,162,8,8
2600,106,621,8,7
2601,106,115,7,9
2602,106,98,6,6
2603,106,527,10,8
2604,106,646,5,8
2605,106,793,5,6
2606,106,229,7,8
2607,106,269,8,10
2608,106,359,6,9
2609,106,461,9,7
2610,107,237,7,6
2611,107,573,4,4
2612,107,886,3,7
2613,107,491,7,6
2614,107,428,3,5
2615,107,774,8,7
2616,107,311,3,5
2617,107,968,6,7
2618,107,204,6,6
2619,107,42,2,5
2620,107,297,5,6
2621,107,669,8,7
2622,107,578,7,8
2623,107,810,6,7
2624,107,162,7,7
2625,107,621,7,5
2626,107,115,5,7
2627,107,98,4,5
2628,107,527,6,6
2629,107,646,4,6
2630,107,793,8,7
2631,107,229,6,8
2632,107,269,6,8
2633,107,359,4,6
2634,107,461,2,4
2635,108,237,7,8
2636,108,573,5,5
2637,108,886,4,5
2638,108,491,8,8
2639,108,428,6,5
2640,108,774,7,8
2641,108,311,4,8
2642,108,968,8,9
2643,108,204,6,6
2644,108,42,5,7
2645,108,297,8,8
2646,108,669,8,6
2647,108,578,8,9
2648,108,810,4,6
2649,108,162,9,8
2650,108,621,8,8
2651,108,115,4,4
2652,108,98,9,7
2653,108,527,9,8
2654,108,646,3,4
2655,108,793,8,8
2656,108,229,8,8
2657,108,269,9,8
2658,108,359,5,5
2659,108,461,8,7
2660,109,237,5,6
2661,109,573,8,9
2662,109,886,7,9
2663,109,491,5,5
2664,109,428,8,8
2665,109,774,8,8
2666,109,311,7,6
2667,109,968,9,9
2668,109,204,7,8
2669,109,42,4,5
2670,109,297,9,9
2671,109,669,9,9
2672,109,578,10,8
2673,109,810,5,4
2674,109,162,9,8
2675,109,621,5,6
2676,109,115,8,8
2677,109,98,9,10
2678,109,527,10,9
2679,109,646,5,7
2680,109,793,10,8
2681,109,229,10,10
2682,109,269,7,7
2683,109,359,5,6
2684,109,461,8,7
2685,110,237,8,8
2686,110,573,8,8
2687,110,886,5,8
2688,110,491,9,7
2689,110,428,9,9
2690,110,774,5,7
2691,110,311,6,7
2692,110,968,8,8
2693,110,204,7,8
2694,110,42,10,10
2695,110,297,9,9
2696,110,669,9,7
2697,110,578,8,8
2698,110,810,9,9
2699,110,162,8,10
2700,110,621,5,8
2701,110,115,5,5
2702,110,98,9,7
2703,110,527,8,8
2704,110,646,7,7
2705,110,793,10,9
2706,110,229,8,10
2707,110,269,8,9
2708,110,359,7,7
2709,110,461,8,10
2710,111,237,8,6
2711,111,573,8,7
2712,111,886,5,4
2713,111,491,7,6
2714,111,428,3,7
2715,111,774,2,4
2716,111,311,4,6
2717,111,968,7,6
2718,111,204,7,8
2719,111,42,6,7
2720,111,297,7,5
2721,111,669,2,4
2722,111,578,5,7
2723,111,810,6,6
2724,111,162,4,5
2725,111,621,3,3
2726,111,115,1,1
2727,111,98,5,5
2728,111,527,8,7
2729,111,646,4,5
2730,111,793,3,4
2731,111,229,7,7
2732,111,269,8,6
2733,111,359,6,6
2734,111,461,8,8
2735,112,237,4,6
2736,112,573,3,5
2737,112,886,7,7
2738,112,491,7,7
2739,112,428,8,8
2740,112,774,2,5
2741,112,311,8,7
2742,112,968,6,7
2743,112,204,5,5
2744,112,42,7,5
2745,112,297,8,7
2746,112,669,3,6
2747,112,578,5,5
2748,112,810,5,6
2749,112,162,2,6
2750,112,621,3,4
2751,112,115,6,5
2752,112,98,8,7
2753,112,527,8,7
2754,112,646,7,7
2755,112,793,5,5
2756,112,229,3,5
2757,112,269,6,8
2758,112,359,7,6
2759,112,461,6,6
2760,113,237,7,8
2761,113,573,5,7
2762,113,886,9,8
2763,113,491,9,9
2764,113,428,10,9
2765,113,774,7,6
2766,113,311,10,10
2767,113,968,9,7
2768,113,204,7,8
2769,113,42,6,8
2770,113,297,7,9
2771,113,669,5,5
2772,113,578,5,8
2773,113,810,10,9
2774,113,162,6,5
2775,113,621,7,8
2776,113,115,6,6
2777,113,98,7,8
2778,113,527,8,8
2779,113,646,9,9
2780,113,793,9,9
2781,113,229,7,9
2782,113,269,7,8
2783,113,359,9,10
2784,113,461,8,8
2785,114,237,5,6
2786,114,573,8,10
2787,114,886,9,9
2788,114,491,8,9
2789,114,428,7,8
2790,114,774,10,9
2791,114,311,10,8
2792,114,968,8,8
2793,114,204,8,8
2794,114,42,6,6
2795,114,297,9,8
2796,114,669,6,5
2797,114,578,3,3
2798,114,810,6,9
2799,114,162,9,7
2800,114,621,8,9
2801,114,115,9,9
2802,114,98,9,8
2803,114,527,10,10
2804,114,646,10,10
2805,114,793,9,10
2806,114,229,6,8
2807,114,269,7,9
2808,114,359,5,9
2809,114,461,5,5
2810,115,237,6,5
2811,115,573,8,9
2812,115,886,8,9
2813,115,491,4,5
2814,115,428,10,10
2815,115,774,5,6
2816,115,311,8,10
2817,115,968,9,8
2818,115,204,7,6
2819,115,42,9,7
2820,115,297,5,8
2821,115,669,6,7
2822,115,578,9,8
2823,115,810,7,8
2824,115,162,6,8
2825,115,621,5,7
2826,115,115,8,9
2827,115,98,8,8
2828,115,527,8,9
2829,115,646,9,7
2830,115,793,9,10
2831,115,229,10,10
2832,115,269,9,9
2833,115,359,7,8
2834,115,461,4,7
2835,116,237,4,5
2836,116,573,3,4
2837,116,886,7,8
2838,116,491,7,6
2839,116,428,8,8
2840,116,774,7,6
2841,116,311,3,6
2842,116,968,7,5
2843,116,204,4,5
2844,116,42,5,6
2845,116,297,4,3
2846,116,669,2,6
2847,116,578,6,7
2848,116,810,6,7
2849,116,162,2,6
2850,116,621,3,3
2851,116,115,7,8
2852,116,98,8,6
2853,116,527,5,5
2854,116,646,4,3
2855,116,793,7,6
2856,116,229,6,6
2857,116,269,6,7
2858,116,359,7,7
2859,116,461,4,3
2860,117,237,7,6
2861,117,573,10,10
2862,117,886,7,9
2863,117,491,8,8
2864,117,428,10,9
2865,117,774,10,8
2866,117,311,6,6
2867,117,968,8,7
2868,117,204,6,5
2869,117,42,10,10
2870,117,297,4,7
2871,117,669,6,5
2872,117,578,9,10
2873,117,810,7,9
2874,117,162,8,8
2875,117,621,8,10
2876,117,115,10,8
2877,117,98,5,5
2878,117,527,7,7
2879,117,646,8,9
2880,117,793,9,9
2881,117,229,6,6
2882,117,269,9,8
2883,117,359,10,10
2884,117,461,6,7
2885,118,237,5,5
2886,118,573,8,8
2887,118,886,5,5
2888,118,491,4,5
2889,118,428,7,7
2890,118,774,6,7
2891,118,311,7,8
2892,118,968,6,6
2893,118,204,7,6
2894,118,42,3,3
2895,118,297,3,3
2896,118,669,7,5
2897,118,578,9,7
2898,118,810,6,6
2899,118,162,5,4
2900,118,621,6,7
2901,118,115,5,7
2902,118,98,3,4
2903,118,527,8,8
2904,118,646,4,3
2905,118,793,6,7
2906,118,229,3,5
2907,118,269,8,7
2908,118,359,6,6
2909,118,461,2,2
2910,119,237,3,5
2911,119,573,8,8
2912,119,886,8,6
2913,119,491,3,7
2914,119,428,8,6
2915,119,774,4,7
2916,119,311,8,7
2917,119,968,6,5
2918,119,204,7,7
2919,119,42,1,1
2920,119,297,5,5
2921,119,669,7,6
2922,119,578,4,2
2923,119,810,5,7
2924,119,162,3,2
2925,119,621,6,6
2926,119,115,6,6
2927,119,98,2,2
2928,119,527,6,8
2929,119,646,3,5
2930,119,793,7,6
2931,119,229,6,8
2932,119,269,3,4
2933,119,359,5,5
2934,119,461,3,5
2935,120,237,9,8
2936,120,573,10,8
2937,120,886,10,9
2938,120,491,6,7
2939,120,428,10,10
2940,120,774,6,7
2941,120,311,7,8
2942,120,968,7,7
2943,120,204,9,8
2944,120,42,5,5
2945,120,297,8,9
2946,120,669,8,9
2947,120,578,9,8
2948,120,810,6,5
2949,120,162,8,9
2950,120,621,9,10
2951,120,115,7,9
2952,120,98,4,6
2953,120,527,8,8
2954,120,646,9,8
2955,120,793,9,8
2956,120,229,9,9
2957,120,269,7,6
2958,120,359,7,8
2959,120,461,5,7
2960,121,237,8,7
2961,121,573,7,7
2962,121,886,8,8
2963,121,491,4,5
2964,121,428,6,4
2965,121,774,3,4
2966,121,311,5,6
2967,121,968,7,7
2968,121,204,4,5
2969,121,42,3,4
2970,121,297,3,3
2971,121,669,7,7
2972,121,578,5,5
2973,121,810,2,6
2974,121,162,7,5
2975,121,621,7,5
2976,121,115,7,7
2977,121,98,7,6
2978,121,527,6,7
2979,121,646,5,6
2980,121,793,3,4
2981,121,229,6,8
2982,121,269,7,8
2983,121,359,4,4
2984,121,461,8,7
2985,122,237,9,9
2986,122,573,8,7
2987,122,886,7,7
2988,122,491,8,7
2989,122,428,7,8
2990,122,774,5,5
2991,122,311,6,8
2992,122,968,7,7
2993,122,204,3,4
2994,122,42,7,6
2995,122,297,5,6
2996,122,669,6,8
2997,122,578,9,9
2998,122,810,5,4
2999,122,162,6,7
3000,122,621,8,9
3001,122,115,8,7
3002,122,98,6,8
3003,122,527,4,8
3004,122,646,7,7
3005,122,793,9,7
3006,122,229,5,7
3007,122,269,9,8
3008,122,359,9,7
3009,122,461,6,6
3010,123,237,7,7
3011,123,573,10,9
3012,123,886,9,9
3013,123,491,9,8
3014,123,428,10,8
3015,123,774,9,7
3016,123,311,5,9
3017,123,968,9,9
3018,123,204,6,5
3019,123,42,10,8
3020,123,297,10,10
3021,123,669,5,5
3022,123,578,9,9
3023,123,810,7,9
3024,123,162,5,4
3025,123,621,6,7
3026,123,115,9,9
3027,123,98,9,8
3028,123,527,8,7
3029,123,646,8,10
3030,123,793,5,9
3031,123,229,6,8
3032,123,269,10,9
3033,123,359,10,8
3034,123,461,8,9
3035,124,658,9,9
3036,124,697,6,9
3037,124,786,6,6
3038,124,249,9,8
3039,124,893,6,8
3040,124,509,2,2
3041,124,354,10,9
3042,124,205,7,7
3043,124,301,9,9
3044,124,767,9,8
3045,124,219,2,2
3046,124,432,9,7
3047,124,879,2,4
3048,124,164,2,4
3049,124,242,5,4
3050,124,261,7,6
3051,124,811,8,8
3052,124,931,2,2
3053,124,376,2,4
3054,124,680,2,3
3055,124,832,6,8
3056,124,884,2,2
3057,124,93,2,3
3058,124,87,2,3
3059,124,56,9,8
3060,125,658,9,8
3061,125,697,6,6
3062,125,786,8,8
3063,125,249,9,9
3064,125,893,4,5
3065,125,509,10,8
3066,125,354,6,9
3067,125,205,4,2
3068,125,301,7,9
3069,125,767,8,8
3070,125,219,6,7
3071,125,432,10,9
3072,125,879,2,4
3073,125,164,8,9
3074,125,242,8,7
3075,125,261,5,6
3076,125,811,8,7
3077,125,931,10,10
3078,125,376,4,4
3079,125,680,9,7
3080,125,832,6,7
3081,125,884,5,8
3082,125,93,2,2
3083,125,87,9,7
3084,125,56,9,8
3085,126,658,4,4
3086,126,697,5,4
3087,126,786,8,7
3088,126,249,7,6
3089,126,893,7,5
3090,126,509,8,7
3091,126,354,4,7
3092,126,205,7,6
3093,126,301,3,4
3094,126,767,6,6
3095,126,219,7,5
3096,126,432,7,6
3097,126,879,5,7
3098,126,164,7,7
3099,126,242,6,8
3100,126,261,6,7
3101,126,811,6,6
3102,126,931,8,7
3103,126,376,4,4
3104,126,680,3,3
3105,126,832,5,7
3106,126,884,4,3
3107,126,93,4,5
3108,126,87,6,8
3109,126,56,5,6
3110,127,658,6,7
3111,127,697,8,6
3112,127,786,9,8
3113,127,249,8,6
3114,127,893,5,5
3115,127,509,4,7
3116,127,354,10,8
3117,127,205,7,6
3118,127,301,6,8
3119,127,767,7,8
3120,127,219,9,7
3121,127,432,7,7
3122,127,879,8,8
3123,127,164,9,8
3124,127,242,5,4
3125,127,261,8,7
3126,127,811,6,7
3127,127,931,9,7
3128,127,376,6,8
3129,127,680,8,6
3130,127,832,4,7
3131,127,884,5,4
3132,127,93,5,6
3133,127,87,1,2
3134,127,56,7,7
3135,128,658,5,7
3136,128,697,7,6
3137,128,786,8,7
3138,128,249,4,3
3139,128,893,4,4
3140,128,509,2,5
3141,128,354,7,6
3142,128,205,4,6
3143,128,301,7,7
3144,128,767,7,5
3145,128,219,4,3
3146,128,432,7,6
3147,128,879,8,8
3148,128,164,6,6
3149,128,242,7,7
3150,128,261,6,5
3151,128,811,3,6
3152,128,931,7,6
3153,128,376,6,8
3154,128,680,6,5
3155,128,832,4,6
3156,128,884,5,6
3157,128,93,4,6
3158,128,87,5,4
3159,128,56,5,6
3160,129,658,8,9
3161,129,697,9,9
3162,129,786,8,8
3163,129,249,10,10
3164,129,893,5,6
3165,129,509,9,9
3166,129,354,10,9
3167,129,205,9,9
3168,129,301,9,7
3169,129,767,7,9
3170,129,219,9,9
3171,129,432,9,8
3172,129,879,8,6
3173,129,164,7,7
3174,129,242,10,10
3175,129,261,6,7
3176,129,811,4,8
3177,129,931,9,10
3178,129,376,9,7
3179,129,680,8,9
3180,129,832,5,6
3181,129,884,7,9
3182,129,93,6,6
3183,129,87,8,8
3184,129,56,6,7
3185,130,658,7,8
3186,130,697,7,6
3187,130,786,7,7
3188,130,249,5,3
3189,130,893,6,7
3190,130,509,8,6
3191,130,354,6,6
3192,130,205,6,6
3193,130,301,7,5
3194,130,767,2,3
3195,130,219,6,5
3196,130,432,4,6
3197,130,879,7,6
3198,130,164,7,6
3199,130,242,3,6
3200,130,261,7,6
3201,130,811,2,3
3202,130,931,6,7
3203,130,376,7,5
3204,130,680,7,6
3205,130,832,5,5
3206,130,884,2,2
3207,130,93,7,5
3208,130,87,6,7
3209,130,56,1,1
3210,131,658,9,10
3211,131,697,5,7
3212,131,786,8,10
3213,131,249,5,7
3214,131,893,10,7
3215,131,509,8,9
3216,131,354,5,8
3217,131,205,6,5
3218,131,301,8,10
3219,131,767,9,8
3220,131,219,8,9
3221,131,432,7,7
3222,131,879,9,9
3223,131,164,6,7
3224,131,242,7,6
3225,131,261,8,7
3226,131,811,6,7
3227,131,931,10,9
3228,131,376,8,10
3229,131,680,9,9
3230,131,832,5,5
3231,131,884,7,7
3232,131,93,8,7
3233,131,87,6,6
3234,131,56,8,8
3235,132,658,9,9
3236,132,697,7,7
3237,132,786,8,9
3238,132,249,7,8
3239,132,893,9,8
3240,132,509,6,6
3241,132,354,7,8
3242,132,205,8,9
3243,132,301,9,8
3244,132,767,10,8
3245,132,219,7,7
3246,132,432,5,6
3247,132,879,9,9
3248,132,164,8,9
3249,132,242,6,7
3250,132,261,7,9
3251,132,811,4,8
3252,132,931,9,8
3253,132,376,10,8
3254,132,680,3,5
3255,132,832,6,8
3256,132,884,9,9
3257,132,93,9,8
3258,132,87,5,7
3259,132,56,5,8
3260,133,658,7,8
3261,133,697,4,6
3262,133,786,7,7
3263,133,249,5,7
3264,133,893,6,6
3265,133,509,3,3
3266,133,354,5,7
3267,133,205,7,7
3268,133,301,7,6
3269,133,767,3,5
3270,133,219,7,6
3271,133,432,5,6
3272,133,879,6,6
3273,133,164,4,7
3274,133,242,5,5
3275,133,261,6,5
3276,133,811,2,3
3277,133,931,7,6
3278,133,376,5,7
3279,133,680,3,4
3280,133,832,4,4
3281,133,884,7,5
3282,133,93,7,6
3283,133,87,4,5
3284,133,56,5,6
3285,134,658,8,10
3286,134,697,7,8
3287,134,786,7,8
3288,134,249,7,9
3289,134,893,9,10
3290,134,509,9,8
3291,134,354,5,8
3292,134,205,6,7
3293,134,301,6,8
3294,134,767,7,6
3295,134,219,7,6
3296,134,432,9,9
3297,134,879,8,7
3298,134,164,10,10
3299,134,242,7,7
3300,134,261,6,6
3301,134,811,4,6
3302,134,931,9,10
3303,134,376,9,9
3304,134,680,8,7
3305,134,832,7,7
3306,134,884,9,8
3307,134,93,8,9
3308,134,87,5,5
3309,134,56,9,7
3310,135,658,8,6
3311,135,697,4,7
3312,135,786,4,6
3313,135,249,5,7
3314,135,893,5,5
3315,135,509,3,4
3316,135,354,4,4
3317,135,205,4,5
3318,135,301,5,6
3319,135,767,8,6
3320,135,219,6,8
3321,135,432,6,6
3322,135,879,8,8
3323,135,164,7,6
3324,135,242,7,5
3325,135,261,3,6
3326,135,811,4,6
3327,135,931,8,6
3328,135,376,7,5
3329,135,680,6,6
3330,135,832,6,8
3331,135,884,5,7
3332,135,93,7,6
3333,135,87,5,7
3334,135,56,2,6
3335,136,658,7,8
3336,136,697,5,8
3337,136,786,9,10
3338,136,249,5,8
3339,136,893,9,7
3340,136,509,6,4
3341,136,354,10,9
3342,136,205,9,10
3343,136,301,5,6
3344,136,767,8,8
3345,136,219,7,9
3346,136,432,7,9
3347,136,879,6,8
3348,136,164,6,6
3349,136,242,9,9
3350,136,261,7,9
3351,136,811,7,8
3352,136,931,9,8
3353,136,376,8,7
3354,136,680,8,7
3355,136,832,8,7
3356,136,884,8,9
3357,136,93,6,8
3358,136,87,8,8
3359,136,56,6,8
3360,137,658,4,7
3361,137,697,7,8
3362,137,786,7,8
3363,137,249,4,3
3364,137,893,5,6
3365,137,509,7,8
3366,137,354,4,4
3367,137,205,3,3
3368,137,301,4,4
3369,137,767,7,7
3370,137,219,5,5
3371,137,432,6,6
3372,137,879,4,4
3373,137,164,3,4
3374,137,242,7,6
3375,137,261,7,5
3376,137,811,2,5
3377,137,931,7,6
3378,137,376,3,5
3379,137,680,6,5
3380,137,832,3,7
3381,137,884,5,7
3382,137,93,3,6
3383,137,87,3,3
3384,137,56,6,5
3385,138,658,5,4
3386,138,697,3,6
3387,138,786,6,5
3388,138,249,4,3
3389,138,893,6,6
3390,138,509,8,7
3391,138,354,8,7
3392,138,205,7,7
3393,138,301,5,7
3394,138,767,7,6
3395,138,219,6,6
3396,138,432,7,6
3397,138,879,5,5
3398,138,164,3,4
3399,138,242,3,6
3400,138,261,4,3
3401,138,811,2,4
3402,138,931,8,7
3403,138,376,6,5
3404,138,680,2,3
3405,138,832,4,6
3406,138,884,8,8
3407,138,93,1,2
3408,138,87,4,5
3409,138,56,5,5
3410,139,658,9,9
3411,139,697,6,8
3412,139,786,6,5
3413,139,249,6,6
3414,139,893,8,7
3415,139,509,8,6
3416,139,354,9,8
3417,139,205,9,9
3418,139,301,7,9
3419,139,767,8,8
3420,139,219,2,3
3421,139,432,6,6
3422,139,879,9,8
3423,139,164,6,8
3424,139,242,4,7
3425,139,261,5,4
3426,139,811,5,4
3427,139,931,7,8
3428,139,376,8,7
3429,139,680,6,8
3430,139,832,9,8
3431,139,884,8,6
3432,139,93,4,5
3433,139,87,9,8
3434,139,56,2,4
3435,140,658,9,9
3436,140,697,6,7
3437,140,786,5,7
3438,140,249,8,9
3439,140,893,9,8
3440,140,509,5,8
3441,140,354,8,10
3442,140,205,6,7
3443,140,301,7,9
3444,140,767,7,8
3445,140,219,7,6
3446,140,432,9,8
3447,140,879,10,9
3448,140,164,7,9
3449,140,242,8,8
3450,140,261,8,8
3451,140,811,6,6
3452,140,931,10,9
3453,140,376,6,7
3454,140,680,9,8
3455,140,832,9,7
3456,140,884,4,5
3457,140,93,5,5
3458,140,87,7,6
3459,140,56,7,8
3460,141,658,10,8
3461,141,697,5,7
3462,141,786,5,6
3463,141,249,9,9
3464,141,893,6,9
3465,141,509,8,8
3466,141,354,10,8
3467,141,205,8,9
3468,141,301,9,8
3469,141,767,9,9
3470,141,219,6,8
3471,141,432,7,9
3472,141,879,10,9
3473,141,164,9,8
3474,141,242,9,8
3475,141,261,7,9
3476,141,811,7,7
3477,141,931,8,10
3478,141,376,9,8
3479,141,680,10,8
3480,141,832,7,7
3481,141,884,6,8
3482,141,93,8,8
3483,141,87,7,8
3484,141,56,2,4
3485,142,658,6,8
3486,142,697,4,5
3487,142,786,8,8
3488,142,249,7,7
3489,142,893,9,7
3490,142,509,8,7
3491,142,354,8,8
3492,142,205,9,8
3493,142,301,9,9
3494,142,767,6,7
3495,142,219,3,7
3496,142,432,8,8
3497,142,879,6,7
3498,142,164,6,6
3499,142,242,9,8
3500,142,261,8,6
3501,142,811,6,6
3502,142,931,4,5
3503,142,376,4,6
3504,142,680,9,9
3505,142,832,9,8
3506,142,884,8,6
3507,142,93,7,7
3508,142,87,3,4
3509,142,56,7,8
3510,143,658,3,6
3511,143,697,4,5
3512,143,786,8,6
3513,143,249,5,5
3514,143,893,7,8
3515,143,509,6,7
3516,143,354,6,6
3517,143,205,6,8
3518,143,301,6,6
3519,143,767,1,3
3520,143,219,2,4
3521,143,432,5,5
3522,143,879,5,7
3523,143,164,6,6
3524,143,242,7,8
3525,143,261,7,7
3526,143,811,7,6
3527,143,931,6,6
3528,143,376,7,6
3529,143,680,6,5
3530,143,832,6,7
3531,143,884,5,4
3532,143,93,8,7
3533,143,87,2,6
3534,143,56,6,8
3535,144,658,5,6
3536,144,697,4,7
3537,144,786,6,6
3538,144,249,3,4
3539,144,893,8,5
3540,144,509,7,7
3541,144,354,9,8
3542,144,205,5,7
3543,144,301,4,4
3544,144,767,6,7
3545,144,219,5,6
3546,144,432,5,5
3547,144,879,4,4
3548,144,164,6,7
3549,144,242,8,7
3550,144,261,8,7
3551,144,811,3,3
3552,144,931,6,8
3553,144,376,2,5
3554,144,680,5,5
3555,144,832,5,6
3556,144,884,2,3
3557,144,93,6,7
3558,144,87,7,8
3559,144,56,5,6
3560,145,658,8,8
3561,145,697,5,7
3562,145,786,9,8
3563,145,249,4,5
3564,145,893,7,6
3565,145,509,8,7
3566,145,354,8,9
3567,145,205,7,6
3568,145,301,4,5
3569,145,767,7,8
3570,145,219,7,7
3571,145,432,8,7
3572,145,879,8,6
3573,145,164,6,6
3574,145,242,4,5
3575,145,261,8,7
3576,145,811,6,5
3577,145,931,10,9
3578,145,376,5,7
3579,145,680,3,4
3580,145,832,8,6
3581,145,884,7,7
3582,145,93,6,6
3583,145,87,8,7
3584,145,56,3,4
3585,146,658,7,9
3586,146,697,6,5
3587,146,786,8,9
3588,146,249,6,8
3589,146,893,7,7
3590,146,509,4,7
3591,146,354,7,9
3592,146,205,7,6
3593,146,301,7,8
3594,146,767,9,8
3595,146,219,6,7
3596,146,432,8,8
3597,146,879,5,5
3598,146,164,7,7
3599,146,242,6,7
3600,146,261,5,4
3601,146,811,3,5
3602,146,931,8,9
3603,146,376,1,5
3604,146,680,8,8
3605,146,832,5,7
3606,146,884,7,6
3607,146,93,6,6
3608,146,87,9,7
3609,146,56,3,7
3610,147,658,2,3
3611,147,697,8,7
3612,147,786,4,5
3613,147,249,7,6
3614,147,893,7,5
3615,147,509,7,6
3616,147,354,8,7
3617,147,205,8,8
3618,147,301,8,6
3619,147,767,7,6
3620,147,219,5,4
3621,147,432,6,6
3622,147,879,4,5
3623,147,164,7,8
3624,147,242,8,6
3625,147,261,5,6
3626,147,811,4,7
3627,147,931,6,7
3628,147,376,4,6
3629,147,680,3,6
3630,147,832,4,3
3631,147,884,6,6
3632,147,93,5,5
3633,147,87,5,6
3634,147,56,7,6
3635,148,658,5,7
3636,148,697,6,8
3637,148,786,7,8
3638,148,249,5,6
3639,148,893,2,2
3640,148,509,5,8
3641,148,354,8,8
3642,148,205,7,6
3643,148,301,7,8
3644,148,767,8,8
3645,148,219,6,6
3646,148,432,5,8
3647,148,879,10,8
3648,148,164,7,8
3649,148,242,7,9
3650,148,261,8,7
3651,148,811,8,6
3652,148,931,7,8
3653,148,376,7,8
3654,148,680,8,6
3655,148,832,9,9
3656,148,884,6,8
3657,148,93,9,7
3658,148,87,7,9
3659,148,56,9,8
3660,149,658,3,7
3661,149,697,3,7
3662,149,786,7,7
3663,149,249,6,5
3664,149,893,5,7
3665,149,509,5,4
3666,149,354,4,7
3667,149,205,5,5
3668,149,301,3,6
3669,149,767,7,6
3670,149,219,6,7
3671,149,432,5,7
3672,149,879,4,6
3673,149,164,5,5
3674,149,242,6,7
3675,149,261,5,6
3676,149,811,7,6
3677,149,931,6,7
3678,149,376,3,7
3679,149,680,8,7
3680,149,832,5,6
3681,149,884,7,7
3682,149,93,3,2
3683,149,87,6,7
3684,149,56,7,6
3685,150,658,5,5
3686,150,697,7,7
3687,150,786,6,6
3688,150,249,8,7
3689,150,893,4,7
3690,150,509,5,5
3691,150,354,7,7
3692,150,205,9,6
3693,150,301,3,5
3694,150,767,5,5
3695,150,219,6,6
3696,150,432,8,7
3697,150,879,6,7
3698,150,164,4,8
3699,150,242,1,2
3700,150,261,9,9
3701,150,811,7,7
3702,150,931,7,9
3703,150,376,6,7
3704,150,680,5,7
3705,150,832,7,8
3706,150,884,9,8
3707,150,93,9,9
3708,150,87,6,7
3709,150,56,8,6
3710,151,658,5,7
3711,151,697,8,7
3712,151,786,4,4
3713,151,249,9,6
3714,151,893,4,6
3715,151,509,6,6
3716,151,354,7,8
3717,151,205,7,6
3718,151,301,2,2
3719,151,767,3,4
3720,151,219,2,6
3721,151,432,2,3
3722,151,879,6,4
3723,151,164,7,7
3724,151,242,7,5
3725,151,261,5,4
3726,151,811,7,8
3727,151,931,6,8
3728,151,376,6,7
3729,151,680,2,6
3730,151,832,7,7
3731,151,884,3,4
3732,151,93,6,5
3733,151,87,4,3
3734,151,56,6,5
3735,152,658,3,6
3736,152,697,4,5
3737,152,786,7,5
3738,152,249,6,7
3739,152,893,7,5
3740,152,509,5,6
3741,152,354,8,7
3742,152,205,2,3
3743,152,301,4,7
3744,152,767,3,5
3745,152,219,5,6
3746,152,432,3,5
3747,152,879,2,6
3748,152,164,6,7
3749,152,242,7,8
3750,152,261,5,6
3751,152,811,6,8
3752,152,931,8,8
3753,152,376,5,7
3754,152,680,4,6
3755,152,832,8,8
3756,152,884,3,5
3757,152,93,7,8
3758,152,87,6,6
3759,152,56,6,7
3760,153,658,6,6
3761,153,697,8,8
3762,153,786,9,9
3763,153,249,4,8
3764,153,893,9,8
3765,153,509,7,7
3766,153,354,10,10
3767,153,205,7,9
3768,153,301,8,8
3769,153,767,4,4
3770,153,219,8,7
3771,153,432,8,7
3772,153,879,8,7
3773,153,164,5,6
3774,153,242,7,7
3775,153,261,7,8
3776,153,811,7,5
3777,153,931,9,9
3778,153,376,9,7
3779,153,680,4,6
3780,153,832,8,9
3781,153,884,1,4
3782,153,93,10,8
3783,153,87,5,8
3784,153,56,7,4
3785,154,658,6,7
3786,154,697,9,7
3787,154,786,8,10
3788,154,249,7,8
3789,154,893,10,10
3790,154,509,4,5
3791,154,354,10,10
3792,154,205,9,9
3793,154,301,9,7
3794,154,767,7,8
3795,154,219,8,7
3796,154,432,8,9
3797,154,879,9,7
3798,154,164,9,7
3799,154,242,9,7
3800,154,261,7,8
3801,154,811,7,7
3802,154,931,8,9
3803,154,376,7,7
3804,154,680,9,9
3805,154,832,5,7
3806,154,884,5,5
3807,154,93,5,7
3808,154,87,6,6
3809,154,56,8,9
3810,155,658,9,9
3811,155,697,9,10
3812,155,786,7,6
3813,155,249,9,9
3814,155,893,7,9
3815,155,509,7,6
3816,155,354,5,8
3817,155,205,5,9
3818,155,301,10,8
3819,155,767,8,7
3820,155,219,8,9
3821,155,432,8,7
3822,155,879,8,8
3823,155,164,8,8
3824,155,242,6,6
3825,155,261,5,6
3826,155,811,4,7
3827,155,931,9,9
3828,155,376,6,5
3829,155,680,8,9
3830,155,832,9,10
3831,155,884,8,8
3832,155,93,8,8
3833,155,87,4,8
3834,155,56,9,8
3835,156,658,5,7
3836,156,697,7,7
3837,156,786,3,7
3838,156,249,5,7
3839,156,893,8,6
3840,156,509,3,6
3841,156,354,4,6
3842,156,205,7,6
3843,156,301,7,7
3844,156,767,7,5
3845,156,219,5,6
3846,156,432,7,7
3847,156,879,6,6
3848,156,164,8,8
3849,156,242,4,5
3850,156,261,7,6
3851,156,811,5,4
3852,156,931,7,8
3853,156,376,5,5
3854,156,680,1,1
3855,156,832,7,7
3856,156,884,3,4
3857,156,93,2,4
3858,156,87,8,8
3859,156,56,9,8
3860,157,658,4,5
3861,157,697,7,8
3862,157,786,3,7
3863,157,249,4,6
3864,157,893,1,1
3865,157,509,7,7
3866,157,354,4,4
3867,157,205,5,6
3868,157,301,7,7
3869,157,767,6,7
3870,157,219,8,8
3871,157,432,6,7
3872,157,879,5,6
3873,157,164,4,5
3874,157,242,7,6
3875,157,261,6,7
3876,157,811,5,6
3877,157,931,7,7
3878,157,376,4,3
3879,157,680,4,6
3880,157,832,5,5
3881,157,884,4,5
3882,157,93,4,3
3883,157,87,6,8
3884,157,56,7,8
3885,158,658,6,9
3886,158,697,9,9
3887,158,786,7,8
3888,158,249,8,7
3889,158,893,5,6
3890,158,509,8,8
3891,158,354,7,7
3892,158,205,8,8
3893,158,301,8,8
3894,158,767,8,7
3895,158,219,4,6
3896,158,432,7,6
3897,158,879,9,8
3898,158,164,7,8
3899,158,242,8,9
3900,158,261,7,8
3901,158,811,9,9
3902,158,931,10,8
3903,158,376,8,8
3904,158,680,4,5
3905,158,832,8,8
3906,158,884,6,6
3907,158,93,7,9
3908,158,87,7,7
3909,158,56,8,7
3910,159,658,4,6
3911,159,697,8,8
3912,159,786,10,8
3913,159,249,7,8
3914,159,893,9,9
3915,159,509,9,7
3916,159,354,6,7
3917,159,205,9,9
3918,159,301,6,7
3919,159,767,7,8
3920,159,219,7,9
3921,159,432,7,9
3922,159,879,8,8
3923,159,164,9,8
3924,159,242,7,7
3925,159,261,8,8
3926,159,811,8,8
3927,159,931,10,9
3928,159,376,7,4
3929,159,680,5,7
3930,159,832,9,8
3931,159,884,5,6
3932,159,93,5,6
3933,159,87,6,5
3934,159,56,8,7
3935,160,658,8,6
3936,160,697,4,6
3937,160,786,7,7
3938,160,249,6,7
3939,160,893,2,6
3940,160,509,5,6
3941,160,354,3,5
3942,160,205,1,2
3943,160,301,7,6
3944,160,767,5,5
3945,160,219,7,6
3946,160,432,7,7
3947,160,879,6,7
3948,160,164,6,7
3949,160,242,6,7
3950,160,261,6,7
3951,160,811,3,5
3952,160,931,7,7
3953,160,376,7,5
3954,160,680,1,1
3955,160,832,7,5
3956,160,884,4,4
3957,160,93,8,6
3958,160,87,2,4
3959,160,56,3,3
3960,161,658,8,7
3961,161,697,4,5
3962,161,786,8,6
3963,161,249,6,5
3964,161,893,4,6
3965,161,509,3,4
3966,161,354,5,5
3967,161,205,4,4
3968,161,301,6,8
3969,161,767,2,2
3970,161,219,3,4
3971,161,432,2,3
3972,161,879,6,6
3973,161,164,6,7
3974,161,242,2,4
3975,161,261,3,4
3976,161,811,4,4
3977,161,931,6,6
3978,161,376,5,5
3979,161,680,4,2
3980,161,832,7,8
3981,161,884,7,5
3982,161,93,6,6
3983,161,87,8,8
3984,161,56,3,7
3985,162,658,9,10
3986,162,697,5,7
3987,162,786,7,7
3988,162,249,9,9
3989,162,893,7,9
3990,162,509,5,4
3991,162,354,8,10
3992,162,205,5,4
3993,162,301,9,8
3994,162,767,8,9
3995,162,219,8,8
3996,162,432,6,4
3997,162,879,6,9
3998,162,164,9,10
3999,162,242,8,7
4000,162,261,6,8
4001,162,811,6,8
4002,162,931,8,8
4003,162,376,10,9
4004,162,680,8,8
4005,162,832,8,9
4006,162,884,6,5
4007,162,93,6,7
4008,162,87,8,8
4009,162,56,8,7
4010,163,658,8,8
4011,163,697,5,9
4012,163,786,6,7
4013,163,249,8,9
4014,163,893,9,9
4015,163,509,6,5
4016,163,354,9,8
4017,163,205,8,8
4018,163,301,9,8
4019,163,767,7,8
4020,163,219,9,9
4021,163,432,1,4
4022,163,879,9,8
4023,163,164,8,9
4024,163,242,6,6
4025,163,261,6,9
4026,163,811,6,9
4027,163,931,10,8
4028,163,376,9,8
4029,163,680,4,8
4030,163,832,8,8
4031,163,884,8,9
4032,163,93,8,10
4033,163,87,10,9
4034,163,56,7,7
4035,164,658,3,4
4036,164,697,4,4
4037,164,786,7,7
4038,164,249,6,6
4039,164,893,3,3
4040,164,509,1,1
4041,164,354,6,8
4042,164,205,5,5
4043,164,301,5,7
4044,164,767,7,7
4045,164,219,3,4
4046,164,432,7,5
4047,164,879,6,8
4048,164,164,7,7
4049,164,242,4,5
4050,164,261,1,1
4051,164,811,6,6
4052,164,931,8,6
4053,164,376,6,5
4054,164,680,2,3
4055,164,832,7,8
4056,164,884,7,6
4057,164,93,7,7
4058,164,87,6,6
4059,164,56,5,5
4060,165,658,7,7
4061,165,697,9,7
4062,165,786,7,6
4063,165,249,9,7
4064,165,893,4,6
4065,165,509,5,6
4066,165,354,10,9
4067,165,205,5,8
4068,165,301,9,9
4069,165,767,6,5
4070,165,219,8,10
4071,165,432,5,6
4072,165,879,10,8
4073,165,164,6,6
4074,165,242,5,6
4075,165,261,5,7
4076,165,811,10,10
4077,165,931,9,9
4078,165,376,8,9
4079,165,680,6,8
4080,165,832,10,9
4081,165,884,8,8
4082,165,93,5,5
4083,165,87,7,7
4084,165,56,8,8
4085,166,658,5,7
4086,166,697,8,8
4087,166,786,7,9
4088,166,249,9,9
4089,166,893,4,6
4090,166,509,4,5
4091,166,354,9,10
4092,166,205,10,7
4093,166,301,9,7
4094,166,767,8,7
4095,166,219,9,8
4096,166,432,4,4
4097,166,879,9,9
4098,166,164,8,7
4099,166,242,10,10
4100,166,261,4,8
4101,166,811,8,7
4102,166,931,9,10
4103,166,376,6,6
4104,166,680,9,8
4105,166,832,9,7
4106,166,884,5,8
4107,166,93,1,5
4108,166,87,6,5
4109,166,56,7,7
4110,167,658,4,7
4111,167,697,8,8
4112,167,786,5,8
4113,167,249,8,8
4114,167,893,4,5
4115,167,509,5,6
4116,167,354,9,7
4117,167,205,8,8
4118,167,301,8,7
4119,167,767,8,7
4120,167,219,9,8
4121,167,432,4,6
4122,167,879,9,8
4123,167,164,7,7
4124,167,242,5,4
4125,167,261,6,5
4126,167,811,6,7
4127,167,931,6,6
4128,167,376,7,7
4129,167,680,6,7
4130,167,832,8,6
4131,167,884,6,6
4132,167,93,7,7
4133,167,87,8,6
4134,167,56,3,4
4135,168,658,4,5
4136,168,697,7,6
4137,168,786,3,4
4138,168,249,4,6
4139,168,893,8,7
4140,168,509,3,5
4141,168,354,6,6
4142,168,205,7,6
4143,168,301,6,6
4144,168,767,2,4
4145,168,219,4,4
4146,168,432,4,3
4147,168,879,7,6
4148,168,164,5,5
4149,168,242,2,5
4150,168,261,4,5
4151,168,811,6,5
4152,168,931,5,4
4153,168,376,7,6
4154,168,680,7,6
4155,168,832,5,6
4156,168,884,3,6
4157,168,93,6,8
4158,168,87,8,7
4159,168,56,5,7
4160,169,97,2,3
4161,169,489,8,7
4162,169,567,5,8
4163,169,188,9,8
4164,169,286,8,10
4165,169,628,9,10
4166,169,313,9,8
4167,169,588,8,10
4168,169,145,2,3
4169,169,654,2,2
4170,169,236,2,3
4171,169,917,6,8
4172,169,79,2,2
4173,169,316,9,9
4174,169,565,10,9
4175,169,260,2,2
4176,169,550,9,10
4177,169,104,2,3
4178,169,472,2,4
4179,169,906,2,3
4180,169,469,8,8
4181,169,47,2,3
4182,169,871,5,5
4183,169,561,6,5
4184,169,657,6,6
4185,170,97,2,4
4186,170,489,9,7
4187,170,567,6,7
4188,170,188,9,9
4189,170,286,8,10
4190,170,628,8,7
4191,170,313,10,8
4192,170,588,7,7
4193,170,145,2,4
4194,170,654,6,8
4195,170,236,6,8
4196,170,917,8,9
4197,170,79,10,10
4198,170,316,9,8
4199,170,565,10,9
4200,170,260,2,4
4201,170,550,9,9
4202,170,104,2,4
4203,170,472,10,9
4204,170,906,10,8
4205,170,469,7,8
4206,170,47,2,2
4207,170,871,5,5
4208,170,561,9,10
4209,170,657,4,6
4210,171,97,9,7
4211,171,489,6,6
4212,171,567,4,8
4213,171,188,8,9
4214,171,286,6,7
4215,171,628,7,7
4216,171,313,8,7
4217,171,588,8,6
4218,171,145,8,9
4219,171,654,8,8
4220,171,236,4,7
4221,171,917,5,7
4222,171,79,8,7
4223,171,316,6,6
4224,171,565,7,9
4225,171,260,1,2
4226,171,550,8,8
4227,171,104,1,1
4228,171,472,9,7
4229,171,906,9,9
4230,171,469,8,8
4231,171,47,9,7
4232,171,871,4,4
4233,171,561,4,8
4234,171,657,6,8
4235,172,97,9,9
4236,172,489,6,6
4237,172,567,6,9
4238,172,188,10,8
4239,172,286,9,8
4240,172,628,8,8
4241,172,313,6,7
4242,172,588,8,9
4243,172,145,10,8
4244,172,654,10,10
4245,172,236,9,7
4246,172,917,6,7
4247,172,79,6,5
4248,172,316,6,4
4249,172,565,8,8
4250,172,260,10,10
4251,172,550,8,8
4252,172,104,6,6
4253,172,472,8,9
4254,172,906,6,7
4255,172,469,8,8
4256,172,47,6,7
4257,172,871,7,7
4258,172,561,5,5
4259,172,657,9,8
4260,173,97,8,6
4261,173,489,4,6
4262,173,567,6,8
4263,173,188,9,7
4264,173,286,6,8
4265,173,628,3,4
4266,173,313,5,3
4267,173,588,6,7
4268,173,145,7,8
4269,173,654,6,7
4270,173,236,5,7
4271,173,917,6,7
4272,173,79,4,2
4273,173,316,3,5
4274,173,565,5,6
4275,173,260,8,8
4276,173,550,5,6
4277,173,104,6,5
4278,173,472,6,6
4279,173,906,3,5
4280,173,469,2,4
4281,173,47,4,5
4282,173,871,5,6
4283,173,561,3,7
4284,173,657,7,6
4285,174,97,9,9
4286,174,489,6,7
4287,174,567,10,8
4288,174,188,10,10
4289,174,286,10,10
4290,174,628,7,9
4291,174,313,5,5
4292,174,588,10,10
4293,174,145,9,9
4294,174,654,8,10
4295,174,236,7,7
4296,174,917,7,8
4297,174,79,7,7
4298,174,316,7,9
4299,174,565,5,5
4300,174,260,10,10
4301,174,550,8,8
4302,174,104,4,4
4303,174,472,6,8
4304,174,906,4,5
4305,174,469,4,6
4306,174,47,7,7
4307,174,871,8,9
4308,174,561,3,4
4309,174,657,7,7
4310,175,97,10,9
4311,175,489,8,10
4312,175,567,10,9
4313,175,188,7,7
4314,175,286,9,9
4315,175,628,10,8
4316,175,313,3,4
4317,175,588,10,9
4318,175,145,9,8
4319,175,654,9,8
4320,175,236,9,7
4321,175,917,8,8
4322,175,79,8,9
4323,175,316,9,9
4324,175,565,9,10
4325,175,260,8,9
4326,175,550,5,8
4327,175,104,8,9
4328,175,472,7,7
4329,175,906,7,8
4330,175,469,9,9
4331,175,47,10,10
4332,175,871,8,8
4333,175,561,6,6
4334,175,657,8,7
4335,176,97,6,9
4336,176,489,8,10
4337,176,567,9,8
4338,176,188,9,8
4339,176,286,8,10
4340,176,628,6,6
4341,176,313,4,7
4342,176,588,8,9
4343,176,145,10,9
4344,176,654,9,8
4345,176,236,6,6
4346,176,917,7,8
4347,176,79,7,7
4348,176,316,7,8
4349,176,565,9,10
4350,176,260,7,9
4351,176,550,10,8
4352,176,104,5,7
4353,176,472,8,10
4354,176,906,8,10
4355,176,469,10,8
4356,176,47,9,7
4357,176,871,9,7
4358,176,561,9,10
4359,176,657,7,7
4360,177,97,5,6
4361,177,489,10,10
4362,177,567,8,9
4363,177,188,9,8
4364,177,286,7,8
4365,177,628,6,9
4366,177,313,5,7
4367,177,588,6,8
4368,177,145,10,8
4369,177,654,9,10
4370,177,236,5,5
4371,177,917,8,8
4372,177,79,4,8
4373,177,316,9,9
4374,177,565,9,8
4375,177,260,10,8
4376,177,550,8,7
4377,177,104,7,8
4378,177,472,8,10
4379,177,906,5,6
4380,177,469,6,9
4381,177,47,9,8
4382,177,871,8,8
4383,177,561,10,8
4384,177,657,8,10
4385,178,97,7,8
4386,178,489,5,9
4387,178,567,8,8
4388,178,188,8,10
4389,178,286,7,9
4390,178,628,6,5
4391,178,313,4,4
4392,178,588,6,9
4393,178,145,8,7
4394,178,654,8,9
4395,178,236,10,9
4396,178,917,4,8
4397,178,79,6,7
4398,178,316,9,9
4399,178,565,9,8
4400,178,260,9,9
4401,178,550,9,10
4402,178,104,10,8
4403,178,472,10,10
4404,178,906,8,7
4405,178,469,5,7
4406,178,47,9,8
4407,178,871,4,8
4408,178,561,7,9
4409,178,657,8,8
4410,179,97,8,7
4411,179,489,5,5
4412,179,567,8,8
4413,179,188,7,5
4414,179,286,6,5
4415,179,628,6,8
4416,179,313,1,3
4417,179,588,4,6
4418,179,145,7,6
4419,179,654,7,6
4420,179,236,2,2
4421,179,917,3,4
4422,179,79,3,4
4423,179,316,5,5
4424,179,565,5,6
4425,179,260,6,8
4426,179,550,8,6
4427,179,104,6,6
4428,179,472,5,4
4429,179,906,1,2
4430,179,469,4,3
4431,179,47,8,6
4432,179,871,3,4
4433,179,561,6,6
4434,179,657,4,2
4435,180,97,9,10
4436,180,489,4,7
4437,180,567,10,8
4438,180,188,10,9
4439,180,286,7,7
4440,180,628,7,7
4441,180,313,6,7
4442,180,588,7,9
4443,180,145,10,10
4444,180,654,7,6
4445,180,236,4,6
4446,180,917,6,6
4447,180,79,4,8
4448,180,316,7,7
4449,180,565,5,9
4450,180,260,9,8
4451,180,550,8,9
4452,180,104,7,7
4453,180,472,7,6
4454,180,906,7,7
4455,180,469,8,8
4456,180,47,4,7
4457,180,871,5,8
4458,180,561,9,8
4459,180,657,9,10
4460,181,97,9,10
4461,181,489,5,8
4462,181,567,10,8
4463,181,188,10,9
4464,181,286,5,7
4465,181,628,8,8
4466,181,313,5,9
4467,181,588,6,7
4468,181,145,9,9
4469,181,654,6,6
4470,181,236,5,6
4471,181,917,4,8
4472,181,79,7,8
4473,181,316,10,9
4474,181,565,8,7
4475,181,260,8,8
4476,181,550,9,7
4477,181,104,10,8
4478,181,472,9,8
4479,181,906,10,9
4480,181,469,9,7
4481,181,47,6,7
4482,181,871,8,7
4483,181,561,3,4
4484,181,657,5,6
4485,182,97,8,6
4486,182,489,8,8
4487,182,567,7,6
4488,182,188,6,7
4489,182,286,4,7
4490,182,628,2,4
4491,182,313,7,6
4492,182,588,7,6
4493,182,145,7,7
4494,182,654,3,4
4495,182,236,4,4
4496,182,917,8,8
4497,182,79,7,7
4498,182,316,4,6
4499,182,565,3,4
4500,182,260,7,7
4501,182,550,6,7
4502,182,104,5,7
4503,182,472,8,6
4504,182,906,8,6
4505,182,469,6,5
4506,182,47,7,6
4507,182,871,6,6
4508,182,561,4,3
4509,182,657,6,8
4510,183,97,7,6
4511,183,489,7,8
4512,183,567,7,6
4513,183,188,7,6
4514,183,286,5,4
4515,183,628,5,6
4516,183,313,2,3
4517,183,588,8,8
4518,183,145,8,7
4519,183,654,8,6
4520,183,236,1,3
4521,183,917,6,6
4522,183,79,6,6
4523,183,316,4,2
4524,183,565,4,4
4525,183,260,3,7
4526,183,550,7,5
4527,183,104,6,8
4528,183,472,4,6
4529,183,906,7,7
4530,183,469,7,6
4531,183,47,7,5
4532,183,871,5,5
4533,183,561,2,4
4534,183,657,5,6
4535,184,97,8,10
4536,184,489,9,10
4537,184,567,10,10
4538,184,188,6,6
4539,184,286,6,4
4540,184,628,5,5
4541,184,313,8,7
4542,184,588,8,6
4543,184,145,7,9
4544,184,654,10,9
4545,184,236,9,10
4546,184,917,9,7
4547,184,79,8,10
4548,184,316,8,8
4549,184,565,6,6
4550,184,260,5,8
4551,184,550,7,7
4552,184,104,9,10
4553,184,472,9,9
4554,184,906,7,7
4555,184,469,8,8
4556,184,47,10,10
4557,184,871,7,8
4558,184,561,10,8
4559,184,657,3,4
4560,185,97,9,7
4561,185,489,7,8
4562,185,567,6,7
4563,185,188,4,6
4564,185,286,4,3
4565,185,628,8,8
4566,185,313,4,4
4567,185,588,5,8
4568,185,145,5,7
4569,185,654,9,8
4570,185,236,9,9
4571,185,917,8,8
4572,185,79,4,3
4573,185,316,6,5
4574,185,565,5,5
4575,185,260,6,6
4576,185,550,8,8
4577,185,104,7,8
4578,185,472,8,9
4579,185,906,3,3
4580,185,469,3,5
4581,185,47,3,6
4582,185,871,7,7
4583,185,561,9,7
4584,185,657,4,8
4585,186,97,5,7
4586,186,489,10,10
4587,186,567,5,7
4588,186,188,5,8
4589,186,286,10,8
4590,186,628,8,8
4591,186,313,3,4
4592,186,588,9,9
4593,186,145,7,8
4594,186,654,9,8
4595,186,236,9,10
4596,186,917,7,7
4597,186,79,8,8
4598,186,316,8,9
4599,186,565,8,10
4600,186,260,10,10
4601,186,550,8,10
4602,186,104,8,9
4603,186,472,10,9
4604,186,906,7,9
4605,186,469,8,8
4606,186,47,7,8
4607,186,871,7,8
4608,186,561,9,9
4609,186,657,4,6
4610,187,97,4,6
4611,187,489,8,6
4612,187,567,5,6
4613,187,188,3,5
4614,187,286,7,6
4615,187,628,3,4
4616,187,313,2,4
4617,187,588,8,8
4618,187,145,5,5
4619,187,654,7,6
4620,187,236,7,8
4621,187,917,3,5
4622,187,79,5,3
4623,187,316,2,4
4624,187,565,7,7
4625,187,260,8,6
4626,187,550,6,7
4627,187,104,7,7
4628,187,472,8,6
4629,187,906,4,5
4630,187,469,6,6
4631,187,47,4,4
4632,187,871,6,6
4633,187,561,4,6
4634,187,657,7,7
4635,188,97,3,5
4636,188,489,7,8
4637,188,567,3,6
4638,188,188,6,6
4639,188,286,6,6
4640,188,628,5,6
4641,188,313,4,4
4642,188,588,9,6
4643,188,145,7,8
4644,188,654,7,6
4645,188,236,8,7
4646,188,917,6,7
4647,188,79,3,5
4648,188,316,2,3
4649,188,565,3,7
4650,188,260,6,8
4651,188,550,5,7
4652,188,104,7,7
4653,188,472,7,6
4654,188,906,2,3
4655,188,469,4,4
4656,188,47,4,4
4657,188,871,7,6
4658,188,561,3,4
4659,188,657,4,2
4660,189,97,4,6
4661,189,489,10,8
4662,189,567,10,8
4663,189,188,7,9
4664,189,286,9,9
4665,189,628,4,7
4666,189,313,10,10
4667,189,588,10,9
4668,189,145,10,8
4669,189,654,9,8
4670,189,236,9,8
4671,189,917,9,8
4672,189,79,8,10
4673,189,316,5,6
4674,189,565,5,7
4675,189,260,9,8
4676,189,550,6,6
4677,189,104,9,7
4678,189,472,10,9
4679,189,906,9,8
4680,189,469,8,9
4681,189,47,5,8
4682,189,871,8,7
4683,189,561,5,7
4684,189,657,5,9
4685,190,97,8,9
4686,190,489,10,8
4687,190,567,6,9
4688,190,188,7,8
4689,190,286,9,9
4690,190,628,5,8
4691,190,313,6,6
4692,190,588,8,9
4693,190,145,7,7
4694,190,654,8,9
4695,190,236,8,9
4696,190,917,8,7
4697,190,79,8,7
4698,190,316,7,7
4699,190,565,9,8
4700,190,260,5,8
4701,190,550,7,9
4702,190,104,10,9
4703,190,472,9,10
4704,190,906,8,8
4705,190,469,7,7
4706,190,47,6,7
4707,190,871,5,6
4708,190,561,8,8
4709,190,657,7,8
4710,191,97,6,6
4711,191,489,8,9
4712,191,567,7,7
4713,191,188,8,9
4714,191,286,5,7
4715,191,628,1,2
4716,191,313,6,6
4717,191,588,9,8
4718,191,145,10,9
4719,191,654,8,7
4720,191,236,8,8
4721,191,917,7,9
4722,191,79,7,7
4723,191,316,9,8
4724,191,565,8,9
4725,191,260,9,9
4726,191,550,8,10
4727,191,104,8,9
4728,191,472,10,9
4729,191,906,4,8
4730,191,469,10,8
4731,191,47,7,8
4732,191,871,7,9
4733,191,561,9,9
4734,191,657,9,8
4735,192,97,10,8
4736,192,489,5,6
4737,192,567,7,6
4738,192,188,10,9
4739,192,286,8,9
4740,192,628,7,9
4741,192,313,6,9
4742,192,588,9,8
4743,192,145,10,8
4744,192,654,8,9
4745,192,236,5,6
4746,192,917,7,9
4747,192,79,8,9
4748,192,316,10,7
4749,192,565,8,10
4750,192,260,7,7
4751,192,550,8,9
4752,192,104,6,5
4753,192,472,10,9
4754,192,906,8,8
4755,192,469,1,3
4756,192,47,6,7
4757,192,871,9,9
4758,192,561,10,8
4759,192,657,7,9
4760,193,97,7,9
4761,193,489,6,7
4762,193,567,6,6
4763,193,188,9,10
4764,193,286,10,10
4765,193,628,10,9
4766,193,313,8,10
4767,193,588,9,8
4768,193,145,6,7
4769,193,654,8,8
4770,193,236,3,6
4771,193,917,7,8
4772,193,79,5,8
4773,193,316,8,9
4774,193,565,9,10
4775,193,260,9,9
4776,193,550,9,8
4777,193,104,5,9
4778,193,472,9,9
4779,193,906,7,9
4780,193,469,6,6
4781,193,47,8,9
4782,193,871,5,5
4783,193,561,9,7
4784,193,657,9,8
4785,194,97,7,9
4786,194,489,9,10
4787,194,567,6,6
4788,194,188,10,9
4789,194,286,9,8
4790,194,628,9,8
4791,194,313,8,8
4792,194,588,8,8
4793,194,145,7,6
4794,194,654,10,8
4795,194,236,6,8
4796,194,917,7,5
4797,194,79,4,5
4798,194,316,6,6
4799,194,565,10,10
4800,194,260,9,8
4801,194,550,7,9
4802,194,104,7,8
4803,194,472,10,8
4804,194,906,10,8
4805,194,469,6,5
4806,194,47,8,8
4807,194,871,7,8
4808,194,561,9,9
4809,194,657,9,7
4810,195,97,3,5
4811,195,489,3,6
4812,195,567,6,8
4813,195,188,6,7
4814,195,286,6,7
4815,195,628,6,7
4816,195,313,3,4
4817,195,588,8,6
4818,195,145,4,4
4819,195,654,6,7
4820,195,236,2,5
4821,195,917,8,6
4822,195,79,2,3
4823,195,316,3,3
4824,195,565,7,8
4825,195,260,7,7
4826,195,550,7,6
4827,195,104,8,6
4828,195,472,8,7
4829,195,906,2,6
4830,195,469,1,2
4831,195,47,1,1
4832,195,871,3,5
4833,195,561,7,5
4834,195,657,7,8
4835,196,97,6,7
4836,196,489,7,9
4837,196,567,10,8
4838,196,188,10,10
4839,196,286,9,9
4840,196,628,10,9
4841,196,313,5,5
4842,196,588,10,10
4843,196,145,8,9
4844,196,654,10,9
4845,196,236,6,8
4846,196,917,7,9
4847,196,79,7,7
4848,196,316,8,8
4849,196,565,10,8
4850,196,260,6,7
4851,196,550,7,7
4852,196,104,7,9
4853,196,472,8,8
4854,196,906,4,6
4855,196,469,5,7
4856,196,47,5,6
4857,196,871,7,8
4858,196,561,4,7
4859,196,657,8,9
4860,197,97,3,4
4861,197,489,8,7
4862,197,567,3,7
4863,197,188,7,5
4864,197,286,8,6
4865,197,628,7,6
4866,197,313,7,8
4867,197,588,7,7
4868,197,145,7,8
4869,197,654,7,7
4870,197,236,3,3
4871,197,917,8,7
4872,197,79,4,5
4873,197,316,7,6
4874,197,565,6,7
4875,197,260,2,4
4876,197,550,5,6
4877,197,104,2,4
4878,197,472,7,7
4879,197,906,2,3
4880,197,469,2,6
4881,197,47,4,5
4882,197,871,2,6
4883,197,561,3,5
4884,197,657,2,3
4885,198,97,4,7
4886,198,489,8,7
4887,198,567,3,4
4888,198,188,8,7
4889,198,286,7,6
4890,198,628,6,6
4891,198,313,7,7
4892,198,588,8,8
4893,198,145,7,6
4894,198,654,4,6
4895,198,236,3,5
4896,198,917,6,5
4897,198,79,3,5
4898,198,316,4,3
4899,198,565,7,6
4900,198,260,8,7
4901,198,550,7,7
4902,198,104,3,4
4903,198,472,4,4
4904,198,906,6,6
4905,198,469,4,4
4906,198,47,7,5
4907,198,871,7,8
4908,198,561,7,5
4909,198,657,8,8
4910,199,97,6,8
4911,199,489,10,10
4912,199,567,5,7
4913,199,188,10,8
4914,199,286,4,7
4915,199,628,9,8
4916,199,313,7,9
4917,199,588,6,7
4918,199,145,5,6
4919,199,654,10,10
4920,199,236,1,3
4921,199,917,6,8
4922,199,79,5,9
4923,199,316,7,7
4924,199,565,9,10
4925,199,260,9,8
4926,199,550,8,7
4927,199,104,8,7
4928,199,472,7,8
4929,199,906,8,9
4930,199,469,6,8
4931,199,47,9,8
4932,199,871,8,10
4933,199,561,8,9
4934,199,657,10,9
4935,200,97,6,7
4936,200,489,10,8
4937,200,567,7,6
4938,200,188,10,8
4939,200,286,7,8
4940,200,628,8,9
4941,200,313,9,9
4942,200,588,8,8
4943,200,145,10,8
4944,200,654,10,10
4945,200,236,6,6
4946,200,917,6,7
4947,200,79,9,7
4948,200,316,8,9
4949,200,565,8,10
4950,200,260,9,9
4951,200,550,4,6
4952,200,104,9,8
4953,200,472,6,6
4954,200,906,7,8
4955,200,469,6,6
4956,200,47,9,9
4957,200,871,7,7
4958,200,561,7,9
4959,200,657,8,8
4960,201,97,8,8
4961,201,489,5,9
4962,201,567,5,9
4963,201,188,9,9
4964,201,286,5,6
4965,201,628,7,9
4966,201,313,8,7
4967,201,588,9,9
4968,201,145,10,8
4969,201,654,10,9
4970,201,236,6,8
4971,201,917,4,6
4972,201,79,8,8
4973,201,316,7,9
4974,201,565,7,8
4975,201,260,7,7
4976,201,550,6,6
4977,201,104,7,9
4978,201,472,7,7
4979,201,906,10,9
4980,201,469,8,9
4981,201,47,9,9
4982,201,871,4,6
4983,201,561,7,9
4984,201,657,5,5
4985,202,97,3,4
4986,202,489,5,4
4987,202,567,6,5
4988,202,188,10,8
4989,202,286,8,6
4990,202,628,6,5
4991,202,313,3,4
4992,202,588,3,5
4993,202,145,7,8
4994,202,654,3,4
4995,202,236,6,7
4996,202,917,3,4
4997,202,79,5,7
4998,202,316,7,7
4999,202,565,7,6
5000,202,260,7,7
5001,202,550,6,7
5002,202,104,6,8
5003,202,472,3,5
5004,202,906,2,3
5005,202,469,6,5
5006,202,47,2,4
5007,202,871,2,4
5008,202,561,7,8
5009,202,657,3,4
5010,203,97,4,7
5011,203,489,7,7
5012,203,567,9,9
5013,203,188,10,10
5014,203,286,7,8
5015,203,628,8,8
5016,203,313,7,9
5017,203,588,10,9
5018,203,145,7,7
5019,203,654,7,6
5020,203,236,9,7
5021,203,917,5,6
5022,203,79,8,9
5023,203,316,10,9
5024,203,565,8,8
5025,203,260,6,9
5026,203,550,9,9
5027,203,104,9,8
5028,203,472,6,5
5029,203,906,7,8
5030,203,469,8,8
5031,203,47,5,5
5032,203,871,7,9
5033,203,561,9,7
5034,203,657,10,9
5035,204,97,5,6
5036,204,489,9,8
5037,204,567,8,8
5038,204,188,10,9
5039,204,286,9,8
5040,204,628,5,4
5041,204,313,3,4
5042,204,588,7,7
5043,204,145,4,7
5044,204,654,5,5
5045,204,236,7,7
5046,204,917,9,8
5047,204,79,7,6
5048,204,316,7,7
5049,204,565,6,8
5050,204,260,5,6
5051,204,550,5,7
5052,204,104,7,6
5053,204,472,7,7
5054,204,906,6,7
5055,204,469,6,7
5056,204,47,5,5
5057,204,871,3,5
5058,204,561,8,8
5059,204,657,8,7
5060,205,97,8,7
5061,205,489,4,6
5062,205,567,4,8
5063,205,188,8,8
5064,205,286,8,6
5065,205,628,8,8
5066,205,313,4,4
5067,205,588,8,7
5068,205,145,5,6
5069,205,654,6,8
5070,205,236,7,8
5071,205,917,8,8
5072,205,79,5,4
5073,205,316,6,6
5074,205,565,8,7
5075,205,260,5,5
5076,205,550,7,6
5077,205,104,8,6
5078,205,472,8,8
5079,205,906,3,4
5080,205,469,6,7
5081,205,47,3,6
5082,205,871,5,4
5083,205,561,8,7
5084,205,657,9,8
5085,206,944,4,4
5086,206,843,1,1
5087,206,168,6,8
5088,206,409,10,6
5089,206,982,5,5
5090,206,587,8,6
5091,206,275,1,1
5092,206,862,7,7
5093,206,753,5,6
5094,206,826,8,8
5095,206,11,4,6
5096,206,215,7,7
5097,206,892,6,7
5098,206,914,2,5
5099,206,180,5,5
5100,206,607,5,4
5101,206,107,1,1
5102,206,836,6,6
5103,206,88,1,2
5104,206,718,1,1
5105,207,944,5,9
5106,207,843,5,7
5107,207,168,9,9
5108,207,409,10,8
5109,207,982,7,8
5110,207,587,5,6
5111,207,275,6,8
5112,207,862,9,9
5113,207,753,9,8
5114,207,826,9,9
5115,207,11,7,8
5116,207,215,9,9
5117,207,892,9,10
5118,207,914,4,5
5119,207,180,6,5
5120,207,607,8,9
5121,207,107,2,2
5122,207,836,10,8
5123,207,88,10,9
5124,207,718,6,8
5125,208,944,5,4
5126,208,843,4,4
5127,208,168,8,6
5128,208,409,8,7
5129,208,982,4,4
5130,208,587,2,5
5131,208,275,3,5
5132,208,862,5,6
5133,208,753,5,7
5134,208,826,8,6
5135,208,11,6,7
5136,208,215,5,5
5137,208,892,3,4
5138,208,914,6,5
5139,208,180,4,7
5140,208,607,7,7
5141,208,107,3,3
5142,208,836,8,7
5143,208,88,6,6
5144,208,718,7,7
5145,209,944,3,4
5146,209,843,7,6
5147,209,168,4,4
5148,209,409,6,5
5149,209,982,3,4
5150,209,587,7,7
5151,209,275,7,8
5152,209,862,8,6
5153,209,753,2,3
5154,209,826,8,7
5155,209,11,6,6
5156,209,215,7,6
5157,209,892,4,3
5158,209,914,8,7
5159,209,180,4,5
5160,209,607,8,7
5161,209,107,4,5
5162,209,836,8,6
5163,209,88,7,7
5164,209,718,6,6
5165,210,944,5,8
5166,210,843,6,6
5167,210,168,6,5
5168,210,409,10,7
5169,210,982,5,5
5170,210,587,5,5
5171,210,275,6,7
5172,210,862,7,9
5173,210,753,8,6
5174,210,826,6,8
5175,210,11,6,8
5176,210,215,9,9
5177,210,892,7,9
5178,210,914,7,7
5179,210,180,9,7
5180,210,607,7,8
5181,210,107,1,4
5182,210,836,4,6
5183,210,88,7,7
5184,210,718,8,7
5185,211,944,5,4
5186,211,843,4,6
5187,211,168,8,8
5188,211,409,6,6
5189,211,982,6,7
5190,211,587,7,6
5191,211,275,7,8
5192,211,862,7,7
5193,211,753,6,5
5194,211,826,8,7
5195,211,11,1,3
5196,211,215,6,6
5197,211,892,6,5
5198,211,914,4,3
5199,211,180,2,6
5200,211,607,4,3
5201,211,107,3,5
5202,211,836,3,4
5203,211,88,7,7
5204,211,718,8,8
5205,212,944,4,5
5206,212,843,10,10
5207,212,168,8,8
5208,212,409,8,10
5209,212,982,6,7
5210,212,587,6,7
5211,212,275,8,9
5212,212,862,9,10
5213,212,753,5,7
5214,212,826,10,9
5215,212,11,5,8
5216,212,215,8,8
5217,212,892,8,8
5218,212,914,10,9
5219,212,180,4,6
5220,212,607,9,9
5221,212,107,9,8
5222,212,836,7,8
5223,212,88,9,8
5224,212,718,10,10
5225,213,944,5,7
5226,213,843,4,4
5227,213,168,6,8
5228,213,409,10,6
5229,213,982,3,4
5230,213,587,8,8
5231,213,275,7,6
5232,213,862,6,6
5233,213,753,6,8
5234,213,826,4,6
5235,213,11,1,1
5236,213,215,5,5
5237,213,892,4,7
5238,213,914,6,5
5239,213,180,7,5
5240,213,607,7,5
5241,213,107,6,6
5242,213,836,5,4
5243,213,88,8,8
5244,213,718,7,8
5245,214,944,5,5
5246,214,843,6,8
5247,214,168,9,7
5248,214,409,10,7
5249,214,982,7,8
5250,214,587,7,9
5251,214,275,3,5
5252,214,862,10,8
5253,214,753,6,6
5254,214,826,10,7
5255,214,11,5,7
5256,214,215,4,8
5257,214,892,7,6
5258,214,914,7,9
5259,214,180,6,7
5260,214,607,8,6
5261,214,107,7,6
5262,214,836,8,9
5263,214,88,7,9
5264,214,718,9,9
5265,215,944,4,6
5266,215,843,7,5
5267,215,168,8,7
5268,215,409,7,8
5269,215,982,4,6
5270,215,587,8,7
5271,215,275,6,5
5272,215,862,7,7
5273,215,753,3,3
5274,215,826,8,7
5275,215,11,3,3
5276,215,215,4,4
5277,215,892,3,3
5278,215,914,8,7
5279,215,180,4,5
5280,215,607,4,6
5281,215,107,6,6
5282,215,836,6,8
5283,215,88,8,7
5284,215,718,5,6
5285,216,944,8,8
5286,216,843,9,8
5287,216,168,9,8
5288,216,409,10,10
5289,216,982,8,8
5290,216,587,10,10
5291,216,275,5,8
5292,216,862,8,7
5293,216,753,9,8
5294,216,826,10,8
5295,216,11,9,7
5296,216,215,8,8
5297,216,892,9,9
5298,216,914,6,6
5299,216,180,8,9
5300,216,607,4,8
5301,216,107,9,10
5302,216,836,8,10
5303,216,88,9,8
5304,216,718,9,9
5305,217,944,8,6
5306,217,843,7,8
5307,217,168,6,6
5308,217,409,5,5
5309,217,982,7,6
5310,217,587,7,5
5311,217,275,4,3
5312,217,862,3,3
5313,217,753,3,4
5314,217,826,10,6
5315,217,11,5,5
5316,217,215,7,6
5317,217,892,4,4
5318,217,914,5,4
5319,217,180,4,3
5320,217,607,6,5
5321,217,107,6,7
5322,217,836,6,7
5323,217,88,7,6
5324,217,718,8,8
5325,218,944,8,7
5326,218,843,7,8
5327,218,168,4,5
5328,218,409,5,4
5329,218,982,6,7
5330,218,587,3,4
5331,218,275,2,4
5332,218,862,4,6
5333,218,753,6,5
5334,218,826,10,7
5335,218,11,7,6
5336,218,215,7,7
5337,218,892,5,6
5338,218,914,6,5
5339,218,180,2,4
5340,218,607,6,7
5341,218,107,7,5
5342,218,836,6,8
5343,218,88,7,6
5344,218,718,2,4
5345,219,944,8,10
5346,219,843,7,8
5347,219,168,7,7
5348,219,409,5,5
5349,219,982,8,9
5350,219,587,6,7
5351,219,275,8,9
5352,219,862,10,8
5353,219,753,8,9
5354,219,826,8,9
5355,219,11,8,10
5356,219,215,10,9
5357,219,892,5,7
5358,219,914,8,10
5359,219,180,5,5
5360,219,607,9,9
5361,219,107,8,8
5362,219,836,6,8
5363,219,88,10,8
5364,219,718,8,8
5365,220,944,9,9
5366,220,843,5,6
5367,220,168,6,7
5368,220,409,9,9
5369,220,982,9,7
5370,220,587,9,8
5371,220,275,7,8
5372,220,862,9,7
5373,220,753,7,8
5374,220,826,6,9
5375,220,11,4,7
5376,220,215,10,8
5377,220,892,9,9
5378,220,914,9,10
5379,220,180,4,5
5380,220,607,8,8
5381,220,107,9,8
5382,220,836,10,9
5383,220,88,9,8
5384,220,718,10,9
5385,221,944,9,10
5386,221,843,5,7
5387,221,168,6,9
5388,221,409,9,8
5389,221,982,9,9
5390,221,587,8,9
5391,221,275,8,9
5392,221,862,10,10
5393,221,753,6,8
5394,221,826,6,7
5395,221,11,8,8
5396,221,215,9,9
5397,221,892,7,7
5398,221,914,5,7
5399,221,180,8,7
5400,221,607,8,9
5401,221,107,5,6
5402,221,836,5,7
5403,221,88,10,9
5404,221,718,8,9
5405,222,944,8,6
5406,222,843,6,6
5407,222,168,2,4
5408,222,409,6,4
5409,222,982,3,6
5410,222,587,6,7
5411,222,275,4,3
5412,222,862,5,5
5413,222,753,4,3
5414,222,826,7,8
5415,222,11,7,7
5416,222,215,6,6
5417,222,892,5,7
5418,222,914,7,6
5419,222,180,3,4
5420,222,607,6,8
5421,222,107,1,3
5422,222,836,8,7
5423,222,88,7,7
5424,222,718,2,5
5425,223,944,8,8
5426,223,843,6,5
5427,223,168,9,9
5428,223,409,7,8
5429,223,982,3,6
5430,223,587,7,7
5431,223,275,8,9
5432,223,862,8,9
5433,223,753,7,7
5434,223,826,8,8
5435,223,11,5,7
5436,223,215,8,9
5437,223,892,8,8
5438,223,914,6,7
5439,223,180,9,9
5440,223,607,7,7
5441,223,107,7,7
5442,223,836,7,7
5443,223,88,8,8
5444,223,718,4,5
5445,224,944,10,10
5446,224,843,6,6
5447,224,168,8,9
5448,224,409,10,10
5449,224,982,8,9
5450,224,587,4,8
5451,224,275,6,8
5452,224,862,8,10
5453,224,753,9,7
5454,224,826,8,10
5455,224,11,7,8
5456,224,215,7,8
5457,224,892,6,7
5458,224,914,4,7
5459,224,180,9,9
5460,224,607,8,7
5461,224,107,8,7
5462,224,836,10,9
5463,224,88,9,10
5464,224,718,9,9
5465,225,944,8,6
5466,225,843,4,6
5467,225,168,5,5
5468,225,409,8,7
5469,225,982,7,5
5470,225,587,5,7
5471,225,275,6,6
5472,225,862,3,7
5473,225,753,7,5
5474,225,826,6,5
5475,225,11,6,6
5476,225,215,3,4
5477,225,892,5,7
5478,225,914,3,5
5479,225,180,7,6
5480,225,607,7,8
5481,225,107,6,8
5482,225,836,7,6
5483,225,88,6,7
5484,225,718,4,4
5485,226,944,5,4
5486,226,843,7,7
5487,226,168,6,6
5488,226,409,9,7
5489,226,982,8,7
5490,226,587,6,6
5491,226,275,5,4
5492,226,862,4,6
5493,226,753,3,4
5494,226,826,9,8
5495,226,11,7,8
5496,226,215,8,8
5497,226,892,4,4
5498,226,914,5,7
5499,226,180,8,9
5500,226,607,7,9
5501,226,107,6,8
5502,226,836,5,7
5503,226,88,9,9
5504,226,718,4,6
5505,227,944,8,6
5506,227,843,5,6
5507,227,168,4,7
5508,227,409,4,7
5509,227,982,7,7
5510,227,587,6,7
5511,227,275,6,6
5512,227,862,10,7
5513,227,753,5,4
5514,227,826,3,4
5515,227,11,7,6
5516,227,215,6,8
5517,227,892,7,5
5518,227,914,6,6
5519,227,180,2,5
5520,227,607,1,1
5521,227,107,7,5
5522,227,836,4,5
5523,227,88,7,8
5524,227,718,6,8
5525,228,944,8,9
5526,228,843,10,10
5527,228,168,6,8
5528,228,409,5,5
5529,228,982,5,7
5530,228,587,4,5
5531,228,275,9,8
5532,228,862,9,9
5533,228,753,8,8
5534,228,826,8,9
5535,228,11,10,8
5536,228,215,10,10
5537,228,892,4,5
5538,228,914,7,8
5539,228,180,4,8
5540,228,607,6,6
5541,228,107,7,9
5542,228,836,5,8
5543,228,88,10,8
5544,228,718,5,9
5545,229,944,7,7
5546,229,843,5,6
5547,229,168,3,5
5548,229,409,7,8
5549,229,982,4,7
5550,229,587,7,5
5551,229,275,8,6
5552,229,862,8,6
5553,229,753,3,5
5554,229,826,8,7
5555,229,11,8,8
5556,229,215,5,5
5557,229,892,7,7
5558,229,914,6,7
5559,229,180,6,6
5560,229,607,7,6
5561,229,107,2,4
5562,229,836,8,7
5563,229,88,3,5
5564,229,718,6,8
5565,230,944,3,6
5566,230,843,6,6
5567,230,168,8,8
5568,230,409,6,6
5569,230,982,7,7
5570,230,587,8,8
5571,230,275,7,6
5572,230,862,7,7
5573,230,753,6,7
5574,230,826,6,6
5575,230,11,8,7
5576,230,215,3,7
5577,230,892,4,4
5578,230,914,4,4
5579,230,180,7,7
5580,230,607,7,7
5581,230,107,6,5
5582,230,836,8,8
5583,230,88,3,7
5584,230,718,3,6
5585,231,944,6,7
5586,231,843,10,8
5587,231,168,9,9
5588,231,409,9,10
5589,231,982,5,7
5590,231,587,10,10
5591,231,275,8,7
5592,231,862,10,9
5593,231,753,7,7
5594,231,826,7,9
5595,231,11,5,5
5596,231,215,7,6
5597,231,892,6,5
5598,231,914,8,9
5599,231,180,6,5
5600,231,607,7,8
5601,231,107,7,9
5602,231,836,10,10
5603,231,88,10,8
5604,231,718,10,8
5605,232,944,10,9
5606,232,843,6,8
5607,232,168,9,10
5608,232,409,10,10
5609,232,982,6,5
5610,232,587,8,7
5611,232,275,9,7
5612,232,862,9,9
5613,232,753,7,8
5614,232,826,4,7
5615,232,11,8,8
5616,232,215,6,9
5617,232,892,5,6
5618,232,914,4,8
5619,232,180,6,9
5620,232,607,10,8
5621,232,107,6,8
5622,232,836,9,8
5623,232,88,10,8
5624,232,718,10,9
5625,233,944,7,8
5626,233,843,10,9
5627,233,168,8,9
5628,233,409,9,8
5629,233,982,6,7
5630,233,587,9,7
5631,233,275,5,5
5632,233,862,9,9
5633,233,753,8,8
5634,233,826,10,10
5635,233,11,7,8
5636,233,215,10,10
5637,233,892,6,9
5638,233,914,4,7
5639,233,180,7,7
5640,233,607,8,7
5641,233,107,9,9
5642,233,836,7,8
5643,233,88,9,9
5644,233,718,8,9
5645,234,944,4,8
5646,234,843,7,7
5647,234,168,9,9
5648,234,409,9,8
5649,234,982,4,5
5650,234,587,8,7
5651,234,275,8,6
5652,234,862,9,7
5653,234,753,6,6
5654,234,826,10,8
5655,234,11,3,5
5656,234,215,8,9
5657,234,892,5,7
5658,234,914,5,6
5659,234,180,5,5
5660,234,607,7,8
5661,234,107,7,6
5662,234,836,4,6
5663,234,88,5,8
5664,234,718,8,7
5665,235,944,6,8
5666,235,843,4,4
5667,235,168,7,7
5668,235,409,8,6
5669,235,982,6,5
5670,235,587,6,5
5671,235,275,2,6
5672,235,862,8,7
5673,235,753,3,4
5674,235,826,6,7
5675,235,11,6,7
5676,235,215,5,6
5677,235,892,6,8
5678,235,914,5,6
5679,235,180,4,5
5680,235,607,7,8
5681,235,107,3,6
5682,235,836,7,8
5683,235,88,4,5
5684,235,718,8,6
5685,236,944,9,8
5686,236,843,6,7
5687,236,168,9,8
5688,236,409,9,8
5689,236,982,7,9
5690,236,587,8,10
5691,236,275,8,7
5692,236,862,9,10
5693,236,753,7,8
5694,236,826,8,8
5695,236,11,2,6
5696,236,215,8,10
5697,236,892,7,8
5698,236,914,6,5
5699,236,180,6,6
5700,236,607,10,10
5701,236,107,4,7
5702,236,836,8,8
5703,236,88,6,7
5704,236,718,9,8
5705,237,944,5,7
5706,237,843,5,8
5707,237,168,8,10
5708,237,409,8,9
5709,237,982,6,6
5710,237,587,8,8
5711,237,275,7,7
5712,237,862,9,9
5713,237,753,9,9
5714,237,826,7,9
5715,237,11,9,10
5716,237,215,10,8
5717,237,892,7,7
5718,237,914,7,8
5719,237,180,5,4
5720,237,607,5,6
5721,237,107,4,8
5722,237,836,9,9
5723,237,88,9,10
5724,237,718,10,8
5725,238,944,4,6
5726,238,843,7,8
5727,238,168,8,8
5728,238,409,6,6
5729,238,982,5,6
5730,238,587,3,2
5731,238,275,3,4
5732,238,862,9,7
5733,238,753,2,3
5734,238,826,6,6
5735,238,11,2,4
5736,238,215,6,8
5737,238,892,7,8
5738,238,914,5,6
5739,238,180,8,8
5740,238,607,2,5
5741,238,107,7,6
5742,238,836,8,7
5743,238,88,4,7
5744,238,718,5,7
5745,239,944,8,8
5746,239,843,8,10
5747,239,168,7,9
5748,239,409,8,10
5749,239,982,8,8
5750,239,587,8,8
5751,239,275,9,8
5752,239,862,10,10
5753,239,753,4,8
5754,239,826,7,9
5755,239,11,8,7
5756,239,215,8,8
5757,239,892,7,6
5758,239,914,7,8
5759,239,180,9,7
5760,239,607,8,9
5761,239,107,9,7
5762,239,836,10,8
5763,239,88,10,10
5764,239,718,5,9
5765,240,944,3,5
5766,240,843,6,7
5767,240,168,5,4
5768,240,409,6,7
5769,240,982,6,6
5770,240,587,4,6
5771,240,275,3,4
5772,240,862,7,6
5773,240,753,7,5
5774,240,826,5,7
5775,240,11,7,7
5776,240,215,7,7
5777,240,892,8,8
5778,240,914,8,7
5779,240,180,1,1
5780,240,607,6,6
5781,240,107,7,6
5782,240,836,8,8
5783,240,88,8,8
5784,240,718,8,6
5785,241,944,6,6
5786,241,843,4,7
5787,241,168,8,9
5788,241,409,7,9
5789,241,982,5,5
5790,241,587,8,8
5791,241,275,6,8
5792,241,862,9,8
5793,241,753,3,7
5794,241,826,8,9
5795,241,11,6,8
5796,241,215,9,9
5797,241,892,7,7
5798,241,914,7,8
5799,241,180,7,7
5800,241,607,6,5
5801,241,107,4,6
5802,241,836,9,9
5803,241,88,7,9
5804,241,718,7,7
5805,242,944,3,4
5806,242,843,8,7
5807,242,168,6,7
5808,242,409,6,7
5809,242,982,7,5
5810,242,587,6,5
5811,242,275,3,3
5812,242,862,5,5
5813,242,753,1,2
5814,242,826,8,8
5815,242,11,3,6
5816,242,215,8,6
5817,242,892,7,7
5818,242,914,7,5
5819,242,180,7,7
5820,242,607,4,3
5821,242,107,4,7
5822,242,836,7,6
5823,242,88,8,6
5824,242,718,8,8
5825,243,944,7,6
5826,243,843,3,7
5827,243,168,4,5
5828,243,409,7,6
5829,243,982,3,4
5830,243,587,8,7
5831,243,275,6,5
5832,243,862,7,7
5833,243,753,4,5
5834,243,826,8,6
5835,243,11,5,7
5836,243,215,6,7
5837,243,892,6,6
5838,243,914,6,7
5839,243,180,7,5
5840,243,607,3,5
5841,243,107,2,3
5842,243,836,7,6
5843,243,88,4,5
5844,243,718,6,7
5845,244,944,7,7
5846,244,843,5,5
5847,244,168,3,5
5848,244,409,4,5
5849,244,982,2,5
5850,244,587,7,7
5851,244,275,2,2
5852,244,862,6,8
5853,244,753,2,6
5854,244,826,7,6
5855,244,11,6,7
5856,244,215,7,8
5857,244,892,6,5
5858,244,914,7,5
5859,244,180,7,7
5860,244,607,4,3
5861,244,107,5,4
5862,244,836,7,7
5863,244,88,6,8
5864,244,718,6,8
5865,245,944,10,10
5866,245,843,7,6
5867,245,168,10,9
5868,245,409,10,8
5869,245,982,9,8
5870,245,587,8,8
5871,245,275,9,9
5872,245,862,9,8
5873,245,753,8,9
5874,245,826,9,8
5875,245,11,7,7
5876,245,215,7,6
5877,245,892,7,8
5878,245,914,5,5
5879,245,180,7,9
5880,245,607,10,10
5881,245,107,6,8
5882,245,836,10,9
5883,245,88,10,10
5884,245,718,9,8
5885,246,944,8,8
5886,246,843,4,5
5887,246,168,7,8
5888,246,409,5,5
5889,246,982,7,6
5890,246,587,6,7
5891,246,275,3,2
5892,246,862,4,4
5893,246,753,7,8
5894,246,826,8,7
5895,246,11,6,5
5896,246,215,6,6
5897,246,892,7,7
5898,246,914,4,3
5899,246,180,6,7
5900,246,607,6,5
5901,246,107,4,6
5902,246,836,7,6
5903,246,88,5,6
5904,246,718,6,6
5905,247,944,8,8
5906,247,843,9,9
5907,247,168,9,8
5908,247,409,9,9
5909,247,982,6,8
5910,247,587,8,7
5911,247,275,6,8
5912,247,862,10,9
5913,247,753,8,9
5914,247,826,8,10
5915,247,11,9,10
5916,247,215,7,8
5917,247,892,8,10
5918,247,914,8,9
5919,247,180,10,9
5920,247,607,9,9
5921,247,107,8,9
5922,247,836,5,7
5923,247,88,9,10
5924,247,718,5,6
5925,248,944,6,7
5926,248,843,6,8
5927,248,168,6,7
5928,248,409,3,7
5929,248,982,3,5
5930,248,587,7,8
5931,248,275,7,7
5932,248,862,7,6
5933,248,753,4,3
5934,248,826,8,6
5935,248,11,7,5
5936,248,215,3,7
5937,248,892,8,8
5938,248,914,8,7
5939,248,180,2,4
5940,248,607,7,6
5941,248,107,5,7
5942,248,836,5,7
5943,248,88,6,6
5944,248,718,7,8
5945,249,944,4,6
5946,249,843,6,5
5947,249,168,6,7
5948,249,409,7,7
5949,249,982,7,6
5950,249,587,8,6
5951,249,275,6,7
5952,249,862,7,8
5953,249,753,2,3
5954,249,826,7,6
5955,249,11,6,7
5956,249,215,5,4
5957,249,892,8,6
5958,249,914,7,7
5959,249,180,7,5
5960,249,607,8,6
5961,249,107,1,3
5962,249,836,7,8
5963,249,88,8,6
5964,249,718,7,6
5965,250,944,7,6
5966,250,843,8,7
5967,250,168,3,6
5968,250,409,6,7
5969,250,982,5,6
5970,250,587,4,5
5971,250,275,6,7
5972,250,862,8,8
5973,250,753,4,6
5974,250,826,9,6
5975,250,11,2,3
5976,250,215,7,6
5977,250,892,4,4
5978,250,914,7,8
5979,250,180,3,3
5980,250,607,6,8
5981,250,107,4,6
5982,250,836,7,8
5983,250,88,7,7
5984,250,718,3,4
5985,251,866,6,8
5986,251,406,2,4
5987,251,731,9,9
5988,251,380,2,3
5989,251,976,10,9
5990,251,590,8,9
5991,251,715,7,9
5992,251,342,9,8
5993,251,258,8,8
5994,251,18,5,9
5995,251,943,5,8
5996,251,996,2,4
5997,251,38,2,2
5998,251,206,8,7
5999,251,100,2,2
6000,251,831,6,7
6001,251,664,1,3
6002,251,66,2,2
6003,251,77,2,4
6004,251,89,9,9
6005,251,897,10,9
6006,251,726,2,4
6007,251,849,2,2
6008,251,30,10,8
6009,251,809,2,2
6010,252,866,9,10
6011,252,406,5,9
6012,252,731,6,8
6013,252,380,9,8
6014,252,976,10,8
6015,252,590,9,8
6016,252,715,9,7
6017,252,342,10,8
6018,252,258,8,9
6019,252,18,7,7
6020,252,943,6,6
6021,252,996,2,3
6022,252,38,9,9
6023,252,206,5,6
6024,252,100,8,10
6025,252,831,5,7
6026,252,664,8,9
6027,252,66,2,3
6028,252,77,10,9
6029,252,89,9,8
6030,252,897,9,10
6031,252,726,5,7
6032,252,849,2,3
6033,252,30,5,8
6034,252,809,8,8
6035,253,866,5,7
6036,253,406,8,8
6037,253,731,3,4
6038,253,380,6,7
6039,253,976,5,6
6040,253,590,7,6
6041,253,715,6,6
6042,253,342,5,6
6043,253,258,8,7
6044,253,18,7,7
6045,253,943,8,7
6046,253,996,1,2
6047,253,38,7,7
6048,253,206,3,6
6049,253,100,7,8
6050,253,831,7,7
6051,253,664,7,5
6052,253,66,1,1
6053,253,77,4,4
6054,253,89,4,5
6055,253,897,6,6
6056,253,726,7,6
6057,253,849,1,1
6058,253,30,5,6
6059,253,809,8,7
6060,254,866,9,7
6061,254,406,6,8
6062,254,731,6,5
6063,254,380,8,6
6064,254,976,5,6
6065,254,590,9,7
6066,254,715,9,9
6067,254,342,5,7
6068,254,258,7,7
6069,254,18,4,6
6070,254,943,8,7
6071,254,996,8,7
6072,254,38,7,7
6073,254,206,3,7
6074,254,100,7,6
6075,254,831,4,5
6076,254,664,8,8
6077,254,66,7,9
6078,254,77,9,8
6079,254,89,8,9
6080,254,897,8,9
6081,254,726,1,2
6082,254,849,1,1
6083,254,30,5,7
6084,254,809,9,8
6085,255,866,9,8
6086,255,406,5,6
6087,255,731,6,9
6088,255,380,9,9
6089,255,976,7,7
6090,255,590,9,8
6091,255,715,8,8
6092,255,342,7,8
6093,255,258,5,4
6094,255,18,9,8
6095,255,943,10,8
6096,255,996,10,10
6097,255,38,6,5
6098,255,206,6,7
6099,255,100,10,10
6100,255,831,5,8
6101,255,664,6,9
6102,255,66,9,9
6103,255,77,9,9
6104,255,89,9,10
6105,255,897,7,6
6106,255,726,3,3
6107,255,849,9,9
6108,255,30,9,10
6109,255,809,8,9
6110,256,866,9,9
6111,256,406,5,5
6112,256,731,5,6
6113,256,380,9,8
6114,256,976,4,7
6115,256,590,7,8
6116,256,715,7,6
6117,256,342,7,8
6118,256,258,8,9
6119,256,18,6,5
6120,256,943,8,7
6121,256,996,5,7
6122,256,38,7,8
6123,256,206,5,4
6124,256,100,8,8
6125,256,831,2,4
6126,256,664,2,2
6127,256,66,9,8
6128,256,77,8,8
6129,256,89,5,7
6130,256,897,7,8
6131,256,726,5,4
6132,256,849,8,6
6133,256,30,10,9
6134,256,809,8,8
6135,257,866,6,8
6136,257,406,4,4
6137,257,731,7,7
6138,257,380,7,5
6139,257,976,4,4
6140,257,590,2,3
6141,257,715,3,4
6142,257,342,6,8
6143,257,258,2,5
6144,257,18,4,5
6145,257,943,8,6
6146,257,996,7,7
6147,257,38,6,6
6148,257,206,5,7
6149,257,100,6,5
6150,257,831,6,7
6151,257,664,7,5
6152,257,66,7,6
6153,257,77,6,7
6154,257,89,5,7
6155,257,897,6,8
6156,257,726,2,4
6157,257,849,7,7
6158,257,30,8,6
6159,257,809,8,7
6160,258,866,6,8
6161,258,406,5,8
6162,258,731,9,7
6163,258,380,8,7
6164,258,976,8,7
6165,258,590,6,8
6166,258,715,8,8
6167,258,342,6,7
6168,258,258,3,5
6169,258,18,4,6
6170,258,943,9,7
6171,258,996,3,4
6172,258,38,8,8
6173,258,206,1,1
6174,258,100,7,8
6175,258,831,6,8
6176,258,664,8,8
6177,258,66,4,6
6178,258,77,5,4
6179,258,89,6,6
6180,258,897,8,7
6181,258,726,6,7
6182,258,849,8,9
6183,258,30,5,4
6184,258,809,7,8
6185,259,866,6,7
6186,259,406,6,6
6187,259,731,9,8
6188,259,380,6,8
6189,259,976,8,7
6190,259,590,7,7
6191,259,715,5,6
6192,259,342,8,8
6193,259,258,6,6
6194,259,18,7,8
6195,259,943,8,7
6196,259,996,3,2
6197,259,38,3,6
6198,259,206,3,5
6199,259,100,9,7
6200,259,831,5,7
6201,259,664,7,7
6202,259,66,4,8
6203,259,77,3,6
6204,259,89,4,7
6205,259,897,8,8
6206,259,726,7,7
6207,259,849,4,6
6208,259,30,4,7
6209,259,809,7,7
6210,260,866,3,5
6211,260,406,3,5
6212,260,731,8,8
6213,260,380,4,6
6214,260,976,8,7
6215,260,590,7,6
6216,260,715,7,5
6217,260,342,5,5
6218,260,258,6,7
6219,260,18,7,6
6220,260,943,6,6
6221,260,996,2,3
6222,260,38,6,6
6223,260,206,3,3
6224,260,100,2,5
6225,260,831,3,4
6226,260,664,7,6
6227,260,66,3,4
6228,260,77,2,6
6229,260,89,5,7
6230,260,897,7,7
6231,260,726,6,6
6232,260,849,1,1
6233,260,30,5,4
6234,260,809,5,5
6235,261,866,9,9
6236,261,406,6,6
6237,261,731,10,8
6238,261,380,5,6
6239,261,976,8,8
6240,261,590,10,9
6241,261,715,9,7
6242,261,342,9,9
6243,261,258,10,10
6244,261,18,10,10
6245,261,943,10,9
6246,261,996,7,9
6247,261,38,9,10
6248,261,206,6,6
6249,261,100,6,8
6250,261,831,8,9
6251,261,664,10,9
6252,261,66,9,10
6253,261,77,6,5
6254,261,89,8,9
6255,261,897,10,10
6256,261,726,9,7
6257,261,849,7,9
6258,261,30,7,8
6259,261,809,10,8
6260,262,866,8,9
6261,262,406,4,5
6262,262,731,9,7
6263,262,380,8,10
6264,262,976,8,8
6265,262,590,8,8
6266,262,715,8,9
6267,262,342,9,8
6268,262,258,8,9
6269,262,18,8,8
6270,262,943,9,10
6271,262,996,5,5
6272,262,38,8,7
6273,262,206,7,8
6274,262,100,6,8
6275,262,831,6,7
6276,262,664,5,9
6277,262,66,9,10
6278,262,77,7,6
6279,262,89,10,10
6280,262,897,5,6
6281,262,726,9,9
6282,262,849,6,8
6283,262,30,9,10
6284,262,809,8,10
6285,263,866,10,9
6286,263,406,6,9
6287,263,731,9,9
6288,263,380,6,5
6289,263,976,8,9
6290,263,590,6,8
6291,263,715,8,9
6292,263,342,9,7
6293,263,258,8,9
6294,263,18,10,8
6295,263,943,10,8
6296,263,996,8,8
6297,263,38,6,8
6298,263,206,9,9
6299,263,100,9,9
6300,263,831,4,8
6301,263,664,9,10
6302,263,66,8,8
6303,263,77,4,5
6304,263,89,8,9
6305,263,897,5,6
6306,263,726,10,10
6307,263,849,1,3
6308,263,30,5,8
6309,263,809,10,10
6310,264,866,8,9
6311,264,406,6,8
6312,264,731,9,8
6313,264,380,7,9
6314,264,976,7,6
6315,264,590,3,5
6316,264,715,9,8
6317,264,342,3,7
6318,264,258,7,8
6319,264,18,7,8
6320,264,943,4,6
6321,264,996,8,7
6322,264,38,6,6
6323,264,206,8,9
6324,264,100,9,8
6325,264,831,7,8
6326,264,664,7,7
6327,264,66,8,8
6328,264,77,6,6
6329,264,89,8,8
6330,264,897,4,5
6331,264,726,4,5
6332,264,849,4,7
6333,264,30,7,8
6334,264,809,4,8
6335,265,866,5,5
6336,265,406,7,9
6337,265,731,9,8
6338,265,380,6,6
6339,265,976,3,4
6340,265,590,8,8
6341,265,715,8,6
6342,265,342,5,5
6343,265,258,2,4
6344,265,18,9,7
6345,265,943,4,5
6346,265,996,7,7
6347,265,38,6,5
6348,265,206,5,7
6349,265,100,5,3
6350,265,831,8,7
6351,265,664,8,7
6352,265,66,9,8
6353,265,77,6,8
6354,265,89,9,8
6355,265,897,4,7
6356,265,726,1,3
6357,265,849,6,5
6358,265,30,6,6
6359,265,809,6,6
6360,266,866,3,6
6361,266,406,8,7
6362,266,731,7,7
6363,266,380,7,7
6364,266,976,4,7
6365,266,590,7,6
6366,266,715,8,7
6367,266,342,8,8
6368,266,258,4,5
6369,266,18,8,8
6370,266,943,6,7
6371,266,996,4,3
6372,266,38,6,5
6373,266,206,4,4
6374,266,100,5,7
6375,266,831,4,5
6376,266,664,5,5
6377,266,66,7,8
6378,266,77,6,8
6379,266,89,7,7
6380,266,897,8,6
6381,266,726,2,6
6382,266,849,5,7
6383,266,30,3,4
6384,266,809,7,8
6385,267,866,6,8
6386,267,406,10,10
6387,267,731,8,10
6388,267,380,8,7
6389,267,976,7,5
6390,267,590,7,5
6391,267,715,9,9
6392,267,342,9,9
6393,267,258,6,5
6394,267,18,7,6
6395,267,943,10,9
6396,267,996,9,10
6397,267,38,9,9
6398,267,206,8,8
6399,267,100,9,9
6400,267,831,7,8
6401,267,664,9,9
6402,267,66,9,9
6403,267,77,4,7
6404,267,89,10,10
6405,267,897,8,8
6406,267,726,8,7
6407,267,849,8,9
6408,267,30,6,8
6409,267,809,10,10
6410,268,866,9,9
6411,268,406,10,8
6412,268,731,8,9
6413,268,380,5,7
6414,268,976,5,7
6415,268,590,1,2
6416,268,715,9,8
6417,268,342,7,8
6418,268,258,7,9
6419,268,18,8,9
6420,268,943,10,8
6421,268,996,5,6
6422,268,38,7,7
6423,268,206,9,7
6424,268,100,10,9
6425,268,831,9,9
6426,268,664,9,9
6427,268,66,9,8
6428,268,77,9,9
6429,268,89,9,9
6430,268,897,9,10
6431,268,726,9,8
6432,268,849,7,7
6433,268,30,6,7
6434,268,809,8,10
6435,269,866,9,9
6436,269,406,8,9
6437,269,731,9,9
6438,269,380,9,7
6439,269,976,6,9
6440,269,590,9,7
6441,269,715,9,8
6442,269,342,7,7
6443,269,258,8,7
6444,269,18,6,8
6445,269,943,10,9
6446,269,996,6,6
6447,269,38,4,5
6448,269,206,10,8
6449,269,100,5,5
6450,269,831,5,8
6451,269,664,8,8
6452,269,66,10,9
6453,269,77,10,9
6454,269,89,8,8
6455,269,897,9,9
6456,269,726,5,5
6457,269,849,8,8
6458,269,30,6,7
6459,269,809,10,9
6460,270,866,6,5
6461,270,406,9,8
6462,270,731,9,7
6463,270,380,5,6
6464,270,976,6,6
6465,270,590,9,7
6466,270,715,8,7
6467,270,342,8,6
6468,270,258,9,7
6469,270,18,10,7
6470,270,943,5,5
6471,270,996,5,6
6472,270,38,9,8
6473,270,206,7,7
6474,270,100,9,7
6475,270,831,9,8
6476,270,664,4,7
6477,270,66,7,8
6478,270,77,7,7
6479,270,89,8,7
6480,270,897,7,7
6481,270,726,7,7
6482,270,849,8,9
6483,270,30,7,9
6484,270,809,9,8
6485,271,866,5,9
6486,271,406,9,9
6487,271,731,8,9
6488,271,380,6,7
6489,271,976,5,8
6490,271,590,7,9
6491,271,715,9,8
6492,271,342,4,6
6493,271,258,10,8
6494,271,18,10,10
6495,271,943,9,9
6496,271,996,8,9
6497,271,38,9,9
6498,271,206,5,6
6499,271,100,8,7
6500,271,831,7,5
6501,271,664,4,5
6502,271,66,8,10
6503,271,77,7,7
6504,271,89,10,9
6505,271,897,8,10
6506,271,726,8,8
6507,271,849,9,9
6508,271,30,9,10
6509,271,809,8,10
6510,272,866,6,6
6511,272,406,10,9
6512,272,731,10,8
6513,272,380,10,9
6514,272,976,7,9
6515,272,590,9,10
6516,272,715,9,8
6517,272,342,7,9
6518,272,258,10,8
6519,272,18,10,10
6520,272,943,6,9
6521,272,996,8,7
6522,272,38,2,3
6523,272,206,9,7
6524,272,100,7,8
6525,272,831,5,4
6526,272,664,9,8
6527,272,66,9,10
6528,272,77,8,7
6529,272,89,9,9
6530,272,897,9,10
6531,272,726,8,9
6532,272,849,9,7
6533,272,30,5,6
6534,272,809,9,9
6535,273,866,4,8
6536,273,406,8,7
6537,273,731,8,7
6538,273,380,8,7
6539,273,976,6,5
6540,273,590,5,4
6541,273,715,7,7
6542,273,342,8,7
6543,273,258,3,6
6544,273,18,8,7
6545,273,943,7,7
6546,273,996,8,7
6547,273,38,9,8
6548,273,206,6,7
6549,273,100,6,7
6550,273,831,8,7
6551,273,664,7,6
6552,273,66,7,7
6553,273,77,5,6
6554,273,89,9,7
6555,273,897,7,7
6556,273,726,4,6
6557,273,849,7,6
6558,273,30,8,7
6559,273,809,7,6
6560,274,866,7,7
6561,274,406,6,6
6562,274,731,10,8
6563,274,380,8,8
6564,274,976,5,7
6565,274,590,1,3
6566,274,715,8,7
6567,274,342,7,8
6568,274,258,6,9
6569,274,18,10,10
6570,274,943,8,8
6571,274,996,8,9
6572,274,38,7,8
6573,274,206,7,9
6574,274,100,8,8
6575,274,831,7,8
6576,274,664,9,9
6577,274,66,7,7
6578,274,77,4,3
6579,274,89,10,8
6580,274,897,6,9
6581,274,726,10,10
6582,274,849,7,9
6583,274,30,8,10
6584,274,809,10,9
6585,275,866,6,9
6586,275,406,6,9
6587,275,731,8,8
6588,275,380,10,10
6589,275,976,9,10
6590,275,590,5,8
6591,275,715,9,7
6592,275,342,4,6
6593,275,258,6,7
6594,275,18,9,8
6595,275,943,10,10
6596,275,996,10,10
6597,275,38,9,9
6598,275,206,8,9
6599,275,100,8,8
6600,275,831,9,8
6601,275,664,4,6
6602,275,66,10,8
6603,275,77,5,6
6604,275,89,7,7
6605,275,897,10,8
6606,275,726,7,9
6607,275,849,9,8
6608,275,30,7,9
6609,275,809,9,8
6610,276,866,7,9
6611,276,406,5,9
6612,276,731,9,9
6613,276,380,7,8
6614,276,976,10,8
6615,276,590,6,7
6616,276,715,10,8
6617,276,342,9,8
6618,276,258,1,4
6619,276,18,8,10
6620,276,943,5,8
6621,276,996,9,9
6622,276,38,4,7
6623,276,206,4,7
6624,276,100,8,8
6625,276,831,8,8
6626,276,664,10,8
6627,276,66,9,9
6628,276,77,10,8
6629,276,89,6,8
6630,276,897,8,8
6631,276,726,8,7
6632,276,849,5,6
6633,276,30,9,9
6634,276,809,10,10
6635,277,866,9,8
6636,277,406,6,7
6637,277,731,8,7
6638,277,380,7,7
6639,277,976,9,8
6640,277,590,6,7
6641,277,715,8,7
6642,277,342,8,8
6643,277,258,5,8
6644,277,18,10,8
6645,277,943,7,9
6646,277,996,6,8
6647,277,38,6,8
6648,277,206,4,5
6649,277,100,6,8
6650,277,831,7,6
6651,277,664,6,7
6652,277,66,8,8
6653,277,77,7,8
6654,277,89,5,5
6655,277,897,9,7
6656,277,726,5,4
6657,277,849,5,7
6658,277,30,5,7
6659,277,809,8,7
6660,278,866,8,8
6661,278,406,6,7
6662,278,731,9,9
6663,278,380,8,8
6664,278,976,10,10
6665,278,590,9,9
6666,278,715,8,9
6667,278,342,5,5
6668,278,258,9,7
6669,278,18,9,10
6670,278,943,7,8
6671,278,996,9,7
6672,278,38,9,9
6673,278,206,9,7
6674,278,100,8,9
6675,278,831,8,9
6676,278,664,7,9
6677,278,66,10,8
6678,278,77,7,8
6679,278,89,7,7
6680,278,897,5,8
6681,278,726,5,7
6682,278,849,6,9
6683,278,30,9,8
6684,278,809,7,8
6685,279,866,6,6
6686,279,406,9,9
6687,279,731,4,5
6688,279,380,5,6
6689,279,976,8,8
6690,279,590,8,8
6691,279,715,2,3
6692,279,342,8,8
6693,279,258,9,7
6694,279,18,9,7
6695,279,943,8,9
6696,279,996,7,6
6697,279,38,5,4
6698,279,206,8,8
6699,279,100,5,7
6700,279,831,8,7
6701,279,664,9,8
6702,279,66,9,8
6703,279,77,6,5
6704,279,89,3,5
6705,279,897,8,8
6706,279,726,8,7
6707,279,849,6,4
6708,279,30,8,7
6709,279,809,5,8
6710,280,866,6,7
6711,280,406,8,8
6712,280,731,7,6
6713,280,380,8,8
6714,280,976,10,10
6715,280,590,7,7
6716,280,715,5,6
6717,280,342,10,9
6718,280,258,4,6
6719,280,18,9,8
6720,280,943,10,9
6721,280,996,10,10
6722,280,38,4,6
6723,280,206,6,7
6724,280,100,5,8
6725,280,831,9,9
6726,280,664,7,9
6727,280,66,8,8
6728,280,77,7,8
6729,280,89,5,9
6730,280,897,6,5
6731,280,726,7,8
6732,280,849,7,6
6733,280,30,10,8
6734,280,809,9,7
6735,281,866,6,5
6736,281,406,8,8
6737,281,731,5,5
6738,281,380,8,7
6739,281,976,8,7
6740,281,590,4,6
6741,281,715,6,7
6742,281,342,8,7
6743,281,258,8,8
6744,281,18,6,8
6745,281,943,9,7
6746,281,996,9,8
6747,281,38,7,6
6748,281,206,7,8
6749,281,100,7,8
6750,281,831,8,8
6751,281,664,1,2
6752,281,66,7,8
6753,281,77,4,4
6754,281,89,9,9
6755,281,897,5,6
6756,281,726,9,8
6757,281,849,8,7
6758,281,30,9,7
6759,281,809,5,8
6760,282,866,4,8
6761,282,406,7,7
6762,282,731,5,7
6763,282,380,8,7
6764,282,976,10,7
6765,282,590,8,6
6766,282,715,8,7
6767,282,342,9,8
6768,282,258,6,8
6769,282,18,10,8
6770,282,943,8,5
6771,282,996,5,4
6772,282,38,2,3
6773,282,206,8,7
6774,282,100,6,7
6775,282,831,6,6
6776,282,664,4,7
6777,282,66,8,7
6778,282,77,8,7
6779,282,89,8,7
6780,282,897,6,8
6781,282,726,7,8
6782,282,849,8,9
6783,282,30,8,7
6784,282,809,5,5
6785,283,866,7,8
6786,283,406,5,5
6787,283,731,5,5
6788,283,380,2,3
6789,283,976,7,6
6790,283,590,5,6
6791,283,715,5,5
6792,283,342,7,6
6793,283,258,7,6
6794,283,18,7,8
6795,283,943,8,8
6796,283,996,5,5
6797,283,38,6,5
6798,283,206,5,7
6799,283,100,5,5
6800,283,831,1,3
6801,283,664,6,6
6802,283,66,5,6
6803,283,77,6,7
6804,283,89,5,4
6805,283,897,5,6
6806,283,726,7,7
6807,283,849,7,6
6808,283,30,7,6
6809,283,809,3,7
6810,284,866,9,8
6811,284,406,5,7
6812,284,731,7,9
6813,284,380,5,7
6814,284,976,5,5
6815,284,590,8,6
6816,284,715,9,7
6817,284,342,7,8
6818,284,258,7,7
6819,284,18,7,9
6820,284,943,6,8
6821,284,996,7,6
6822,284,38,9,9
6823,284,206,7,8
6824,284,100,9,9
6825,284,831,4,7
6826,284,664,7,8
6827,284,66,4,8
6828,284,77,8,7
6829,284,89,10,8
6830,284,897,9,9
6831,284,726,8,6
6832,284,849,4,8
6833,284,30,7,8
6834,284,809,9,9
6835,285,866,9,9
6836,285,406,7,7
6837,285,731,9,8
6838,285,380,9,9
6839,285,976,6,9
6840,285,590,9,8
6841,285,715,8,7
6842,285,342,9,8
6843,285,258,8,7
6844,285,18,10,9
6845,285,943,10,9
6846,285,996,10,9
6847,285,38,8,8
6848,285,206,6,7
6849,285,100,6,9
6850,285,831,4,6
6851,285,664,9,8
6852,285,66,9,9
6853,285,77,8,9
6854,285,89,8,10
6855,285,897,5,6
6856,285,726,9,10
6857,285,849,9,8
6858,285,30,8,9
6859,285,809,10,10
6860,286,866,4,5
6861,286,406,3,4
6862,286,731,8,6
6863,286,380,5,6
6864,286,976,7,7
6865,286,590,5,7
6866,286,715,6,6
6867,286,342,8,6
6868,286,258,7,6
6869,286,18,7,8
6870,286,943,6,8
6871,286,996,1,4
6872,286,38,5,3
6873,286,206,3,3
6874,286,100,3,6
6875,286,831,2,6
6876,286,664,6,7
6877,286,66,8,6
6878,286,77,2,5
6879,286,89,6,6
6880,286,897,3,6
6881,286,726,7,7
6882,286,849,7,6
6883,286,30,8,6
6884,286,809,6,8
6885,287,866,4,5
6886,287,406,8,7
6887,287,731,9,9
6888,287,380,10,7
6889,287,976,6,8
6890,287,590,5,5
6891,287,715,4,7
6892,287,342,6,8
6893,287,258,7,8
6894,287,18,9,7
6895,287,943,9,8
6896,287,996,3,6
6897,287,38,6,6
6898,287,206,6,7
6899,287,100,4,7
6900,287,831,8,8
6901,287,664,7,9
6902,287,66,8,8
6903,287,77,8,8
6904,287,89,8,7
6905,287,897,4,5
6906,287,726,5,5
6907,287,849,3,4
6908,287,30,7,7
6909,287,809,5,7
6910,288,866,3,4
6911,288,406,7,6
6912,288,731,6,7
6913,288,380,7,6
6914,288,976,7,7
6915,288,590,7,8
6916,288,715,4,3
6917,288,342,6,8
6918,288,258,4,4
6919,288,18,8,7
6920,288,943,8,8
6921,288,996,4,4
6922,288,38,7,6
6923,288,206,7,6
6924,288,100,3,5
6925,288,831,2,4
6926,288,664,5,6
6927,288,66,6,8
6928,288,77,2,3
6929,288,89,4,6
6930,288,897,8,6
6931,288,726,8,7
6932,288,849,6,6
6933,288,30,3,3
6934,288,809,5,7
6935,289,866,3,6
6936,289,406,6,6
6937,289,731,8,6
6938,289,380,3,4
6939,289,976,3,5
6940,289,590,6,6
6941,289,715,6,5
6942,289,342,4,5
6943,289,258,1,2
6944,289,18,7,7
6945,289,943,5,6
6946,289,996,5,7
6947,289,38,2,5
6948,289,206,6,6
6949,289,100,7,8
6950,289,831,3,3
6951,289,664,4,3
6952,289,66,8,6
6953,289,77,6,6
6954,289,89,4,4
6955,289,897,7,7
6956,289,726,6,7
6957,289,849,5,7
6958,289,30,5,7
6959,289,809,8,6
6960,290,866,7,9
6961,290,406,9,10
6962,290,731,9,8
6963,290,380,3,3
6964,290,976,9,7
6965,290,590,5,6
6966,290,715,9,8
6967,290,342,5,7
6968,290,258,7,7
6969,290,18,10,10
6970,290,943,10,9
6971,290,996,10,10
6972,290,38,5,8
6973,290,206,8,8
6974,290,100,7,7
6975,290,831,4,8
6976,290,664,8,7
6977,290,66,8,10
6978,290,77,9,8
6979,290,89,7,8
6980,290,897,8,9
6981,290,726,4,8
6982,290,849,9,9
6983,290,30,10,8
6984,290,809,9,8
6985,291,866,6,8
6986,291,406,8,7
6987,291,731,5,5
6988,291,380,9,9
6989,291,976,7,5
6990,291,590,8,9
6991,291,715,5,3
6992,291,342,7,8
6993,291,258,8,9
6994,291,18,10,7
6995,291,943,8,9
6996,291,996,6,8
6997,291,38,5,4
6998,291,206,9,9
6999,291,100,5,5
7000,291,831,6,8
7001,291,664,7,8
7002,291,66,7,9
7003,291,77,6,6
7004,291,89,9,8
7005,291,897,9,8
7006,291,726,7,8
7007,291,849,3,7
7008,291,30,6,6
7009,291,809,6,6
7010,292,414,1,2
7011,292,617,4,8
7012,292,829,8,8
7013,292,666,8,7
7014,292,445,8,7
7015,292,101,1,3
7016,292,802,4,5
7017,292,757,6,7
7018,292,152,10,8
7019,292,270,4,6
7020,292,393,4,7
7021,292,124,8,6
7022,292,341,8,7
7023,292,974,1,2
7024,292,439,1,2
7025,292,818,1,2
7026,292,688,1,3
7027,292,807,8,9
7028,292,895,8,6
7029,292,678,4,5
7030,292,32,1,3
7031,292,881,8,8
7032,292,600,4,8
7033,292,285,1,1
7034,293,414,7,9
7035,293,617,5,7
7036,293,829,8,8
7037,293,666,5,7
7038,293,445,10,10
7039,293,101,2,3
7040,293,802,9,8
7041,293,757,4,6
7042,293,152,9,8
7043,293,270,5,5
7044,293,393,4,5
7045,293,124,7,9
7046,293,341,7,8
7047,293,974,9,9
7048,293,439,7,7
7049,293,818,8,8
7050,293,688,9,9
7051,293,807,6,7
7052,293,895,8,9
7053,293,678,8,9
7054,293,32,2,2
7055,293,881,7,7
7056,293,600,4,6
7057,293,285,10,8
7058,294,414,6,7
7059,294,617,7,7
7060,294,829,5,8
7061,294,666,8,9
7062,294,445,4,4
7063,294,101,7,8
7064,294,802,5,4
7065,294,757,7,6
7066,294,152,4,4
7067,294,270,7,7
7068,294,393,7,8
7069,294,124,9,7
7070,294,341,8,7
7071,294,974,1,1
7072,294,439,6,7
7073,294,818,7,6
7074,294,688,6,7
7075,294,807,4,6
7076,294,895,6,6
7077,294,678,7,8
7078,294,32,1,1
7079,294,881,7,7
7080,294,600,3,5
7081,294,285,9,9
7082,295,414,3,4
7083,295,617,7,7
7084,295,829,4,6
7085,295,666,2,2
7086,295,445,7,6
7087,295,101,5,5
7088,295,802,7,5
7089,295,757,5,6
7090,295,152,2,6
7091,295,270,6,5
7092,295,393,7,7
7093,295,124,6,6
7094,295,341,6,8
7095,295,974,5,6
7096,295,439,6,7
7097,295,818,5,4
7098,295,688,6,7
7099,295,807,5,7
7100,295,895,5,5
7101,295,678,2,3
7102,295,32,6,5
7103,295,881,8,8
7104,295,600,6,8
7105,295,285,7,6
7106,296,414,8,8
7107,296,617,8,7
7108,296,829,4,4
7109,296,666,7,7
7110,296,445,4,6
7111,296,101,6,5
7112,296,802,4,7
7113,296,757,1,1
7114,296,152,6,8
7115,296,270,5,5
7116,296,393,7,6
7117,296,124,8,6
7118,296,341,6,6
7119,296,974,7,6
7120,296,439,5,6
7121,296,818,6,7
7122,296,688,7,5
7123,296,807,3,6
7124,296,895,8,8
7125,296,678,7,6
7126,296,32,5,4
7127,296,881,7,7
7128,296,600,8,8
7129,296,285,3,4
7130,297,414,6,6
7131,297,617,8,10
7132,297,829,5,8
7133,297,666,9,9
7134,297,445,5,5
7135,297,101,5,4
7136,297,802,5,6
7137,297,757,4,5
7138,297,152,1,2
7139,297,270,5,6
7140,297,393,5,8
7141,297,124,10,9
7142,297,341,9,8
7143,297,974,7,6
7144,297,439,2,4
7145,297,818,9,7
7146,297,688,8,9
7147,297,807,4,5
7148,297,895,7,5
7149,297,678,9,10
7150,297,32,5,5
7151,297,881,8,8
7152,297,600,9,7
7153,297,285,8,9
7154,298,414,7,6
7155,298,617,9,9
7156,298,829,7,9
7157,298,666,9,8
7158,298,445,8,8
7159,298,101,8,9
7160,298,802,5,5
7161,298,757,7,9
7162,298,152,9,8
7163,298,270,7,8
7164,298,393,6,6
7165,298,124,9,8
7166,298,341,8,10
7167,298,974,2,5
7168,298,439,5,8
7169,298,818,10,9
7170,298,688,10,10
7171,298,807,8,9
7172,298,895,4,7
7173,298,678,9,9
7174,298,32,9,8
7175,298,881,9,8
7176,298,600,9,8
7177,298,285,6,5
7178,299,414,10,10
7179,299,617,8,10
7180,299,829,7,9
7181,299,666,6,5
7182,299,445,10,8
7183,299,101,10,9
7184,299,802,8,8
7185,299,757,5,6
7186,299,152,9,9
7187,299,270,5,8
7188,299,393,6,6
7189,299,124,9,9
7190,299,341,9,8
7191,299,974,7,9
7192,299,439,5,5
7193,299,818,7,9
7194,299,688,8,7
7195,299,807,9,8
7196,299,895,9,9
7197,299,678,6,8
7198,299,32,8,9
7199,299,881,8,9
7200,299,600,9,8
7201,299,285,10,8
7202,300,414,9,8
7203,300,617,10,10
7204,300,829,6,6
7205,300,666,9,8
7206,300,445,4,5
7207,300,101,9,7
7208,300,802,7,8
7209,300,757,7,6
7210,300,152,8,9
7211,300,270,9,8
7212,300,393,9,8
7213,300,124,10,8
7214,300,341,10,9
7215,300,974,10,10
7216,300,439,4,8
7217,300,818,4,6
7218,300,688,7,9
7219,300,807,10,10
7220,300,895,9,10
7221,300,678,3,2
7222,300,32,8,10
7223,300,881,8,9
7224,300,600,7,9
7225,300,285,9,10
7226,301,414,8,6
7227,301,617,7,7
7228,301,829,5,5
7229,301,666,6,7
7230,301,445,7,8
7231,301,101,5,7
7232,301,802,4,3
7233,301,757,6,7
7234,301,152,5,5
7235,301,270,7,8
7236,301,393,2,3
7237,301,124,7,7
7238,301,341,9,8
7239,301,974,7,7
7240,301,439,2,3
7241,301,818,4,6
7242,301,688,1,3
7243,301,807,6,6
7244,301,895,5,7
7245,301,678,5,5
7246,301,32,6,7
7247,301,881,7,6
7248,301,600,3,4
7249,301,285,7,6
7250,302,414,8,8
7251,302,617,8,10
7252,302,829,6,8
7253,302,666,8,8
7254,302,445,6,9
7255,302,101,4,6
7256,302,802,6,5
7257,302,757,9,9
7258,302,152,6,6
7259,302,270,4,6
7260,302,393,5,8
7261,302,124,7,8
7262,302,341,10,9
7263,302,974,10,10
7264,302,439,7,6
7265,302,818,7,9
7266,302,688,6,9
7267,302,807,4,5
7268,302,895,6,6
7269,302,678,4,2
7270,302,32,4,6
7271,302,881,9,8
7272,302,600,7,8
7273,302,285,8,8
7274,303,414,6,6
7275,303,617,8,6
7276,303,829,4,7
7277,303,666,3,3
7278,303,445,2,5
7279,303,101,5,5
7280,303,802,7,5
7281,303,757,7,6
7282,303,152,8,6
7283,303,270,1,3
7284,303,393,6,5
7285,303,124,6,7
7286,303,341,5,4
7287,303,974,6,5
7288,303,439,5,5
7289,303,818,5,5
7290,303,688,8,7
7291,303,807,5,5
7292,303,895,2,5
7293,303,678,3,6
7294,303,32,6,5
7295,303,881,7,7
7296,303,600,7,5
7297,303,285,6,7
7298,304,414,8,9
7299,304,617,10,10
7300,304,829,6,9
7301,304,666,6,8
7302,304,445,6,6
7303,304,101,4,5
7304,304,802,5,6
7305,304,757,9,8
7306,304,152,9,7
7307,304,270,9,9
7308,304,393,9,7
7309,304,124,9,9
7310,304,341,7,8
7311,304,974,6,6
7312,304,439,9,9
7313,304,818,7,7
7314,304,688,4,4
7315,304,807,4,4
7316,304,895,6,7
7317,304,678,7,8
7318,304,32,4,5
7319,304,881,10,9
7320,304,600,7,8
7321,304,285,8,9
7322,305,414,8,7
7323,305,617,6,7
7324,305,829,4,8
7325,305,666,9,6
7326,305,445,7,6
7327,305,101,6,8
7328,305,802,6,6
7329,305,757,5,6
7330,305,152,8,7
7331,305,270,7,8
7332,305,393,7,7
7333,305,124,4,7
7334,305,341,9,9
7335,305,974,7,6
7336,305,439,7,8
7337,305,818,6,5
7338,305,688,5,4
7339,305,807,8,7
7340,305,895,3,7
7341,305,678,6,8
7342,305,32,6,8
7343,305,881,8,7
7344,305,600,3,3
7345,305,285,8,7
7346,306,414,6,8
7347,306,617,7,8
7348,306,829,4,5
7349,306,666,3,4
7350,306,445,5,5
7351,306,101,6,5
7352,306,802,7,7
7353,306,757,3,6
7354,306,152,4,6
7355,306,270,4,5
7356,306,393,5,7
7357,306,124,3,5
7358,306,341,8,8
7359,306,974,7,7
7360,306,439,6,6
7361,306,818,4,5
7362,306,688,7,6
7363,306,807,7,7
7364,306,895,3,6
7365,306,678,7,6
7366,306,32,6,6
7367,306,881,8,6
7368,306,600,6,6
7369,306,285,6,8
7370,307,414,5,7
7371,307,617,7,6
7372,307,829,8,7
7373,307,666,5,7
7374,307,445,5,5
7375,307,101,3,6
7376,307,802,5,6
7377,307,757,7,6
7378,307,152,7,5
7379,307,270,6,5
7380,307,393,6,8
7381,307,124,2,3
7382,307,341,5,7
7383,307,974,5,7
7384,307,439,3,3
7385,307,818,7,6
7386,307,688,7,6
7387,307,807,6,6
7388,307,895,2,6
7389,307,678,6,7
7390,307,32,8,5
7391,307,881,5,5
7392,307,600,7,5
7393,307,285,5,6
7394,308,414,6,6
7395,308,617,6,7
7396,308,829,8,8
7397,308,666,7,8
7398,308,445,6,8
7399,308,101,5,8
7400,308,802,8,8
7401,308,757,8,7
7402,308,152,9,9
7403,308,270,8,9
7404,308,393,8,9
7405,308,124,9,8
7406,308,341,9,10
7407,308,974,5,7
7408,308,439,9,9
7409,308,818,10,10
7410,308,688,7,8
7411,308,807,7,7
7412,308,895,4,7
7413,308,678,8,9
7414,308,32,10,9
7415,308,881,8,8
7416,308,600,6,7
7417,308,285,9,8
7418,309,414,5,5
7419,309,617,5,7
7420,309,829,6,7
7421,309,666,4,2
7422,309,445,6,6
7423,309,101,3,5
7424,309,802,2,2
7425,309,757,7,7
7426,309,152,2,6
7427,309,270,3,3
7428,309,393,5,7
7429,309,124,2,5
7430,309,341,7,6
7431,309,974,4,6
7432,309,439,6,8
7433,309,818,7,7
7434,309,688,7,6
7435,309,807,4,6
7436,309,895,5,7
7437,309,678,7,6
7438,309,32,3,4
7439,309,881,6,6
7440,309,600,5,5
7441,309,285,6,7
7442,310,414,8,8
7443,310,617,4,7
7444,310,829,3,3
7445,310,666,6,6
7446,310,445,2,4
7447,310,101,6,8
7448,310,802,5,7
7449,310,757,2,2
7450,310,152,5,5
7451,310,270,5,5
7452,310,393,7,6
7453,310,124,4,4
7454,310,341,3,4
7455,310,974,5,7
7456,310,439,6,7
7457,310,818,8,8
7458,310,688,7,7
7459,310,807,3,6
7460,310,895,8,5
7461,310,678,5,7
7462,310,32,6,7
7463,310,881,6,5
7464,310,600,5,5
7465,310,285,8,6
7466,311,414,9,8
7467,311,617,7,8
7468,311,829,4,5
7469,311,666,6,8
7470,311,445,7,6
7471,311,101,9,8
7472,311,802,5,5
7473,311,757,8,7
7474,311,152,8,8
7475,311,270,7,6
7476,311,393,5,5
7477,311,124,6,7
7478,311,341,8,8
7479,311,974,6,6
7480,311,439,7,8
7481,311,818,4,6
7482,311,688,8,8
7483,311,807,4,5
7484,311,895,5,6
7485,311,678,5,4
7486,311,32,6,6
7487,311,881,8,6
7488,311,600,8,8
7489,311,285,7,9
7490,312,414,5,7
7491,312,617,8,9
7492,312,829,6,7
7493,312,666,5,6
7494,312,445,8,8
7495,312,101,7,8
7496,312,802,9,8
7497,312,757,10,7
7498,312,152,4,6
7499,312,270,9,9
7500,312,393,6,6
7501,312,124,7,7
7502,312,341,6,7
7503,312,974,6,7
7504,312,439,9,9
7505,312,818,6,8
7506,312,688,3,6
7507,312,807,5,6
7508,312,895,7,6
7509,312,678,9,7
7510,312,32,7,6
7511,312,881,9,9
7512,312,600,8,6
7513,312,285,7,7
7514,313,414,5,6
7515,313,617,8,7
7516,313,829,6,6
7517,313,666,8,8
7518,313,445,4,4
7519,313,101,7,8
7520,313,802,2,6
7521,313,757,5,5
7522,313,152,3,6
7523,313,270,6,6
7524,313,393,6,7
7525,313,124,7,6
7526,313,341,8,8
7527,313,974,3,6
7528,313,439,5,6
7529,313,818,6,7
7530,313,688,1,1
7531,313,807,7,6
7532,313,895,4,4
7533,313,678,8,8
7534,313,32,7,5
7535,313,881,7,6
7536,313,600,3,3
7537,313,285,5,6
7538,314,414,7,7
7539,314,617,6,6
7540,314,829,5,7
7541,314,666,5,5
7542,314,445,6,6
7543,314,101,6,7
7544,314,802,7,6
7545,314,757,4,5
7546,314,152,6,4
7547,314,270,9,7
7548,314,393,7,7
7549,314,124,3,4
7550,314,341,8,9
7551,314,974,8,6
7552,314,439,6,7
7553,314,818,9,9
7554,314,688,6,8
7555,314,807,4,4
7556,314,895,8,7
7557,314,678,4,6
7558,314,32,5,3
7559,314,881,7,7
7560,314,600,8,8
7561,314,285,6,5
7562,315,414,7,6
7563,315,617,5,5
7564,315,829,4,5
7565,315,666,3,6
7566,315,445,7,6
7567,315,101,8,7
7568,315,802,7,8
7569,315,757,2,3
7570,315,152,7,6
7571,315,270,5,6
7572,315,393,5,5
7573,315,124,6,7
7574,315,341,7,8
7575,315,974,5,6
7576,315,439,8,7
7577,315,818,2,3
7578,315,688,5,4
7579,315,807,6,5
7580,315,895,5,5
7581,315,678,2,6
7582,315,32,4,6
7583,315,881,3,4
7584,315,600,6,8
7585,315,285,6,7
7586,316,414,7,8
7587,316,617,5,5
7588,316,829,5,6
7589,316,666,7,8
7590,316,445,8,7
7591,316,101,7,7
7592,316,802,5,6
7593,316,757,4,4
7594,316,152,3,4
7595,316,270,3,6
7596,316,393,8,7
7597,316,124,5,6
7598,316,341,9,8
7599,316,974,7,7
7600,316,439,6,7
7601,316,818,8,8
7602,316,688,5,4
7603,316,807,6,6
7604,316,895,7,8
7605,316,678,4,4
7606,316,32,3,6
7607,316,881,5,6
7608,316,600,7,7
7609,316,285,4,5
7610,317,414,7,6
7611,317,617,5,7
7612,317,829,3,4
7613,317,666,7,6
7614,317,445,7,6
7615,317,101,7,6
7616,317,802,8,7
7617,317,757,2,4
7618,317,152,6,7
7619,317,270,4,3
7620,317,393,6,8
7621,317,124,5,3
7622,317,341,8,6
7623,317,974,7,7
7624,317,439,6,6
7625,317,818,8,8
7626,317,688,2,5
7627,317,807,7,5
7628,317,895,5,4
7629,317,678,3,5
7630,317,32,7,6
7631,317,881,7,7
7632,317,600,6,8
7633,317,285,7,8
7634,318,414,10,9
7635,318,617,6,7
7636,318,829,9,9
7637,318,666,9,8
7638,318,445,6,7
7639,318,101,4,6
7640,318,802,9,8
7641,318,757,1,3
7642,318,152,8,9
7643,318,270,9,9
7644,318,393,8,9
7645,318,124,6,8
7646,318,341,10,10
7647,318,974,9,7
7648,318,439,5,7
7649,318,818,8,7
7650,318,688,6,9
7651,318,807,8,7
7652,318,895,7,7
7653,318,678,9,7
7654,318,32,5,6
7655,318,881,8,8
7656,318,600,9,9
7657,318,285,9,10
7658,319,414,7,8
7659,319,617,7,8
7660,319,829,4,5
7661,319,666,3,6
7662,319,445,3,5
7663,319,101,2,3
7664,319,802,7,6
7665,319,757,4,7
7666,319,152,5,6
7667,319,270,6,7
7668,319,393,7,5
7669,319,124,5,6
7670,319,341,8,6
7671,319,974,2,5
7672,319,439,6,6
7673,319,818,7,5
7674,319,688,6,7
7675,319,807,6,6
7676,319,895,6,6
7677,319,678,6,7
7678,319,32,6,6
7679,319,881,6,5
7680,319,600,6,7
7681,319,285,5,5
7682,320,414,3,7
7683,320,617,8,8
7684,320,829,7,6
7685,320,666,3,5
7686,320,445,6,8
7687,320,101,3,4
7688,320,802,5,6
7689,320,757,5,5
7690,320,152,7,5
7691,320,270,5,5
7692,320,393,6,6
7693,320,124,6,5
7694,320,341,6,8
7695,320,974,3,3
7696,320,439,6,6
7697,320,818,4,5
7698,320,688,7,8
7699,320,807,7,5
7700,320,895,4,3
7701,320,678,6,5
7702,320,32,7,6
7703,320,881,3,5
7704,320,600,4,5
7705,320,285,6,8
7706,321,414,9,7
7707,321,617,8,8
7708,321,829,4,5
7709,321,666,8,8
7710,321,445,7,7
7711,321,101,7,7
7712,321,802,9,7
7713,321,757,6,7
7714,321,152,8,8
7715,321,270,6,6
7716,321,393,7,7
7717,321,124,4,4
7718,321,341,4,7
7719,321,974,3,4
7720,321,439,8,6
7721,321,818,9,9
7722,321,688,4,4
7723,321,807,7,8
7724,321,895,3,5
7725,321,678,8,8
7726,321,32,6,7
7727,321,881,7,6
7728,321,600,8,8
7729,321,285,9,9
7730,322,414,8,7
7731,322,617,5,7
7732,322,829,5,6
7733,322,666,10,8
7734,322,445,6,5
7735,322,101,5,7
7736,322,802,7,6
7737,322,757,10,8
7738,322,152,9,7
7739,322,270,9,8
7740,322,393,10,9
7741,322,124,7,8
7742,322,341,6,7
7743,322,974,5,6
7744,322,439,6,6
7745,322,818,4,6
7746,322,688,8,7
7747,322,807,9,10
7748,322,895,2,2
7749,322,678,10,9
7750,322,32,7,9
7751,322,881,9,9
7752,322,600,8,10
7753,322,285,10,10
7754,323,414,7,7
7755,323,617,4,7
7756,323,829,6,6
7757,323,666,8,8
7758,323,445,9,9
7759,323,101,6,8
7760,323,802,3,6
7761,323,757,8,8
7762,323,152,8,6
7763,323,270,6,7
7764,323,393,5,6
7765,323,124,2,5
7766,323,341,8,8
7767,323,974,5,7
7768,323,439,7,9
7769,323,818,3,5
7770,323,688,6,7
7771,323,807,9,9
7772,323,895,6,8
7773,323,678,2,2
7774,323,32,7,9
7775,323,881,7,8
7776,323,600,8,8
7777,323,285,8,7
7778,324,414,4,5
7779,324,617,6,5
7780,324,829,7,8
7781,324,666,3,4
7782,324,445,4,4
7783,324,101,8,6
7784,324,802,4,4
7785,324,757,5,5
7786,324,152,9,7
7787,324,270,7,8
7788,324,393,6,6
7789,324,124,5,4
7790,324,341,8,9
7791,324,974,3,4
7792,324,439,8,9
7793,324,818,7,8
7794,324,688,6,6
7795,324,807,7,6
7796,324,895,7,8
7797,324,678,6,8
7798,324,32,2,4
7799,324,881,7,8
7800,324,600,6,8
7801,324,285,7,8
7802,325,414,7,8
7803,325,617,5,4
7804,325,829,6,6
7805,325,666,7,7
7806,325,445,7,5
7807,325,101,3,6
7808,325,802,5,6
7809,325,757,3,7
7810,325,152,6,7
7811,325,270,5,7
7812,325,393,4,4
7813,325,124,5,5
7814,325,341,6,6
7815,325,974,6,6
7816,325,439,3,6
7817,325,818,4,5
7818,325,688,5,5
7819,325,807,6,6
7820,325,895,6,8
7821,325,678,3,2
7822,325,32,7,8
7823,325,881,6,6
7824,325,600,6,5
7825,325,285,7,8
7826,326,414,7,8
7827,326,617,5,5
7828,326,829,9,9
7829,326,666,6,8
7830,326,445,6,6
7831,326,101,7,8
7832,326,802,3,6
7833,326,757,4,7
7834,326,152,8,7
7835,326,270,4,4
7836,326,393,5,6
7837,326,124,4,5
7838,326,341,10,8
7839,326,974,8,6
7840,326,439,9,7
7841,326,818,8,8
7842,326,688,6,7
7843,326,807,7,8
7844,326,895,6,7
7845,326,678,5,5
7846,326,32,5,7
7847,326,881,8,7
7848,326,600,7,8
7849,326,285,9,7
7850,327,414,10,9
7851,327,617,7,8
7852,327,829,10,8
7853,327,666,8,7
7854,327,445,5,4
7855,327,101,7,7
7856,327,802,7,9
7857,327,757,10,8
7858,327,152,7,7
7859,327,270,4,6
7860,327,393,4,7
7861,327,124,8,8
7862,327,341,8,10
7863,327,974,6,6
7864,327,439,7,8
7865,327,818,4,6
7866,327,688,9,9
7867,327,807,4,7
7868,327,895,5,5
7869,327,678,6,8
7870,327,32,5,5
7871,327,881,7,8
7872,327,600,9,8
7873,327,285,8,9
7874,328,414,5,9
7875,328,617,7,6
7876,328,829,10,8
7877,328,666,9,9
7878,328,445,6,7
7879,328,101,9,8
7880,328,802,9,9
7881,328,757,8,8
7882,328,152,10,9
7883,328,270,9,8
7884,328,393,10,9
7885,328,124,9,8
7886,328,341,10,10
7887,328,974,10,7
7888,328,439,6,7
7889,328,818,6,5
7890,328,688,4,6
7891,328,807,8,7
7892,328,895,7,9
7893,328,678,10,9
7894,328,32,6,6
7895,328,881,8,7
7896,328,600,10,10
7897,328,285,8,8
7898,329,414,5,5
7899,329,617,3,6
7900,329,829,7,8
7901,329,666,6,6
7902,329,445,2,4
7903,329,101,7,7
7904,329,802,3,4
7905,329,757,8,7
7906,329,152,7,6
7907,329,270,5,4
7908,329,393,7,5
7909,329,124,5,4
7910,329,341,8,8
7911,329,974,3,5
7912,329,439,7,5
7913,329,818,3,4
7914,329,688,6,5
7915,329,807,7,7
7916,329,895,7,7
7917,329,678,8,6
7918,329,32,5,5
7919,329,881,8,7
7920,329,600,6,7
7921,329,285,6,7
7922,330,414,6,6
7923,330,617,4,5
7924,330,829,4,5
7925,330,666,6,8
7926,330,445,8,8
7927,330,101,6,6
7928,330,802,4,4
7929,330,757,5,3
7930,330,152,4,5
7931,330,270,6,6
7932,330,393,7,5
7933,330,124,2,5
7934,330,341,6,6
7935,330,974,4,4
7936,330,439,8,7
7937,330,818,6,7
7938,330,688,7,7
7939,330,807,6,7
7940,330,895,6,5
7941,330,678,8,7
7942,330,32,6,7
7943,330,881,6,6
7944,330,600,6,6
7945,330,285,7,7
7946,331,414,7,7
7947,331,617,3,6
7948,331,829,7,8
7949,331,666,7,5
7950,331,445,2,3
7951,331,101,7,5
7952,331,802,8,6
7953,331,757,6,7
7954,331,152,6,6
7955,331,270,2,3
7956,331,393,6,5
7957,331,124,7,7
7958,331,341,8,7
7959,331,974,3,4
7960,331,439,7,6
7961,331,818,5,6
7962,331,688,6,8
7963,331,807,7,8
7964,331,895,8,7
7965,331,678,3,3
7966,331,32,4,6
7967,331,881,8,6
7968,331,600,7,7
7969,331,285,8,7
7970,332,414,6,9
7971,332,617,9,9
7972,332,829,8,8
7973,332,666,7,8
7974,332,445,8,8
7975,332,101,7,7
7976,332,802,7,8
7977,332,757,7,9
7978,332,152,7,9
7979,332,270,2,3
7980,332,393,9,8
7981,332,124,4,4
7982,332,341,8,7
7983,332,974,8,9
7984,332,439,4,8
7985,332,818,10,7
7986,332,688,8,9
7987,332,807,7,9
7988,332,895,6,8
7989,332,678,7,9
7990,332,32,6,8
7991,332,881,9,9
7992,332,600,7,9
7993,332,285,9,10
7994,333,728,1,3
7995,333,213,1,3
7996,333,610,8,9
7997,333,582,1,2
7998,333,723,7,7
7999,333,689,1,3
8000,333,449,9,8
8001,333,668,7,9
8002,333,176,6,7
8003,333,529,1,3
8004,333,833,1,1
8005,333,571,6,8
8006,333,476,6,5
8007,333,939,6,6
8008,333,434,1,1
8009,333,348,4,6
8010,333,942,9,9
8011,333,748,1,2
8012,333,147,6,8
8013,333,825,1,1
8014,333,212,6,7
8015,333,756,9,8
8016,333,211,9,8
8017,333,827,1,3
8018,333,468,6,7
8019,334,728,6,8
8020,334,213,1,1
8021,334,610,7,6
8022,334,582,4,5
8023,334,723,2,5
8024,334,689,1,1
8025,334,449,8,7
8026,334,668,7,7
8027,334,176,7,7
8028,334,529,6,6
8029,334,833,4,4
8030,334,571,7,6
8031,334,476,5,4
8032,334,939,5,7
8033,334,434,7,5
8034,334,348,2,4
8035,334,942,8,7
8036,334,748,4,5
8037,334,147,5,3
8038,334,825,5,6
8039,334,212,8,6
8040,334,756,6,8
8041,334,211,7,6
8042,334,827,7,6
8043,334,468,7,6
8044,335,728,7,7
8045,335,213,1,1
8046,335,610,8,7
8047,335,582,2,5
8048,335,723,4,6
8049,335,689,5,7
8050,335,449,6,8
8051,335,668,2,5
8052,335,176,8,7
8053,335,529,4,3
8054,335,833,3,6
8055,335,571,7,7
8056,335,476,7,6
8057,335,939,5,6
8058,335,434,3,4
8059,335,348,5,7
8060,335,942,6,8
8061,335,748,8,7
8062,335,147,4,5
8063,335,825,4,4
8064,335,212,8,8
8065,335,756,4,4
8066,335,211,7,6
8067,335,827,6,5
8068,335,468,6,7
8069,336,728,9,8
8070,336,213,2,2
8071,336,610,10,8
8072,336,582,9,8
8073,336,723,9,8
8074,336,689,4,5
8075,336,449,10,10
8076,336,668,7,5
8077,336,176,5,8
8078,336,529,4,5
8079,336,833,10,9
8080,336,571,6,8
8081,336,476,9,9
8082,336,939,6,5
8083,336,434,6,7
8084,336,348,9,8
8085,336,942,8,9
8086,336,748,10,8
8087,336,147,6,7
8088,336,825,6,7
8089,336,212,4,6
8090,336,756,8,10
8091,336,211,9,7
8092,336,827,8,9
8093,336,468,10,9
8094,337,728,3,6
8095,337,213,1,1
8096,337,610,7,8
8097,337,582,7,5
8098,337,723,7,8
8099,337,689,3,4
8100,337,449,8,7
8101,337,668,7,7
8102,337,176,4,7
8103,337,529,4,3
8104,337,833,6,7
8105,337,571,5,4
8106,337,476,9,6
8107,337,939,4,5
8108,337,434,3,3
8109,337,348,7,6
8110,337,942,8,7
8111,337,748,7,8
8112,337,147,8,7
8113,337,825,3,4
8114,337,212,3,6
8115,337,756,7,8
8116,337,211,7,5
8117,337,827,3,3
8118,337,468,7,7
8119,338,728,9,8
8120,338,213,1,1
8121,338,610,6,8
8122,338,582,7,8
8123,338,723,6,7
8124,338,689,6,8
8125,338,449,6,5
8126,338,668,8,7
8127,338,176,5,5
8128,338,529,6,7
8129,338,833,9,8
8130,338,571,3,4
8131,338,476,9,8
8132,338,939,4,5
8133,338,434,4,7
8134,338,348,4,6
8135,338,942,7,7
8136,338,748,7,7
8137,338,147,4,6
8138,338,825,4,8
8139,338,212,7,7
8140,338,756,8,8
8141,338,211,7,8
8142,338,827,8,8
8143,338,468,4,4
8144,339,728,4,5
8145,339,213,9,9
8146,339,610,8,8
8147,339,582,6,8
8148,339,723,7,6
8149,339,689,8,8
8150,339,449,7,8
8151,339,668,6,7
8152,339,176,6,6
8153,339,529,8,8
8154,339,833,8,7
8155,339,571,6,6
8156,339,476,9,7
8157,339,939,5,6
8158,339,434,7,6
8159,339,348,8,8
8160,339,942,4,5
8161,339,748,7,8
8162,339,147,6,7
8163,339,825,6,7
8164,339,212,6,8
8165,339,756,9,7
8166,339,211,8,6
8167,339,827,6,8
8168,339,468,6,7
8169,340,728,7,8
8170,340,213,6,8
8171,340,610,8,7
8172,340,582,6,7
8173,340,723,6,5
8174,340,689,5,6
8175,340,449,3,5
8176,340,668,6,6
8177,340,176,7,8
8178,340,529,7,6
8179,340,833,9,7
8180,340,571,7,8
8181,340,476,3,6
8182,340,939,8,8
8183,340,434,8,7
8184,340,348,5,4
8185,340,942,7,8
8186,340,748,4,4
8187,340,147,6,7
8188,340,825,8,6
8189,340,212,3,6
8190,340,756,7,6
8191,340,211,7,5
8192,340,827,8,6
8193,340,468,2,5
8194,341,728,6,6
8195,341,213,4,6
8196,341,610,3,7
8197,341,582,5,5
8198,341,723,4,3
8199,341,689,6,8
8200,341,449,4,6
8201,341,668,8,8
8202,341,176,7,8
8203,341,529,6,5
8204,341,833,3,6
8205,341,571,6,6
8206,341,476,7,6
8207,341,939,7,7
8208,341,434,7,6
8209,341,348,1,1
8210,341,942,8,6
8211,341,748,8,8
8212,341,147,3,5
8213,341,825,5,6
8214,341,212,3,5
8215,341,756,6,7
8216,341,211,6,7
8217,341,827,7,5
8218,341,468,5,7
8219,342,728,9,7
8220,342,213,6,5
8221,342,610,4,6
8222,342,582,7,6
8223,342,723,8,8
8224,342,689,8,9
8225,342,449,5,5
8226,342,668,9,9
8227,342,176,1,4
8228,342,529,8,7
8229,342,833,8,9
8230,342,571,8,7
8231,342,476,9,7
8232,342,939,7,9
8233,342,434,8,8
8234,342,348,4,4
8235,342,942,6,5
8236,342,748,7,7
8237,342,147,7,9
8238,342,825,8,7
8239,342,212,4,5
8240,342,756,7,8
8241,342,211,8,6
8242,342,827,6,6
8243,342,468,7,6
8244,343,728,7,8
8245,343,213,5,5
8246,343,610,3,6
8247,343,582,6,6
8248,343,723,8,6
8249,343,689,6,7
8250,343,449,5,7
8251,343,668,4,5
8252,343,176,8,8
8253,343,529,6,7
8254,343,833,8,7
8255,343,571,4,3
8256,343,476,6,5
8257,343,939,3,7
8258,343,434,6,5
8259,343,348,6,5
8260,343,942,3,4
8261,343,748,6,7
8262,343,147,6,6
8263,343,825,7,7
8264,343,212,4,6
8265,343,756,7,7
8266,343,211,5,6
8267,343,827,7,7
8268,343,468,6,6
8269,344,728,10,9
8270,344,213,6,6
8271,344,610,6,9
8272,344,582,7,7
8273,344,723,9,9
8274,344,689,7,6
8275,344,449,8,8
8276,344,668,4,7
8277,344,176,7,8
8278,344,529,7,9
8279,344,833,5,9
8280,344,571,6,5
8281,344,476,10,9
8282,344,939,9,10
8283,344,434,6,8
8284,344,348,9,7
8285,344,942,8,7
8286,344,748,9,8
8287,344,147,9,8
8288,344,825,5,8
8289,344,212,9,7
8290,344,756,8,8
8291,344,211,8,8
8292,344,827,8,10
8293,344,468,8,8
8294,345,728,7,7
8295,345,213,7,6
8296,345,610,3,7
8297,345,582,5,6
8298,345,723,3,4
8299,345,689,5,6
8300,345,449,9,6
8301,345,668,3,5
8302,345,176,5,7
8303,345,529,7,6
8304,345,833,3,5
8305,345,571,6,6
8306,345,476,8,6
8307,345,939,8,7
8308,345,434,5,4
8309,345,348,7,5
8310,345,942,8,8
8311,345,748,7,8
8312,345,147,6,5
8313,345,825,8,6
8314,345,212,2,6
8315,345,756,7,7
8316,345,211,4,3
8317,345,827,4,5
8318,345,468,5,6
8319,346,728,7,6
8320,346,213,6,8
8321,346,610,4,4
8322,346,582,5,7
8323,346,723,5,6
8324,346,689,5,6
8325,346,449,8,6
8326,346,668,4,5
8327,346,176,6,6
8328,346,529,7,5
8329,346,833,2,4
8330,346,571,3,3
8331,346,476,2,3
8332,346,939,3,5
8333,346,434,7,7
8334,346,348,6,7
8335,346,942,6,8
8336,346,748,3,6
8337,346,147,8,6
8338,346,825,6,8
8339,346,212,7,5
8340,346,756,3,4
8341,346,211,8,7
8342,346,827,7,7
8343,346,468,7,7
8344,347,728,6,9
8345,347,213,10,9
8346,347,610,6,7
8347,347,582,2,2
8348,347,723,5,7
8349,347,689,8,7
8350,347,449,6,6
8351,347,668,8,8
8352,347,176,8,8
8353,347,529,9,9
8354,347,833,9,8
8355,347,571,9,9
8356,347,476,5,8
8357,347,939,5,8
8358,347,434,8,7
8359,347,348,9,9
8360,347,942,9,8
8361,347,748,10,8
8362,347,147,8,7
8363,347,825,7,8
8364,347,212,7,7
8365,347,756,9,9
8366,347,211,7,7
8367,347,827,10,9
8368,347,468,9,8
8369,348,728,4,8
8370,348,213,8,10
8371,348,610,8,8
8372,348,582,5,7
8373,348,723,9,9
8374,348,689,7,7
8375,348,449,10,10
8376,348,668,9,9
8377,348,176,7,7
8378,348,529,4,5
8379,348,833,10,10
8380,348,571,10,8
8381,348,476,10,8
8382,348,939,10,8
8383,348,434,6,7
8384,348,348,6,6
8385,348,942,8,9
8386,348,748,8,6
8387,348,147,5,5
8388,348,825,10,9
8389,348,212,7,8
8390,348,756,10,10
8391,348,211,6,6
8392,348,827,5,6
8393,348,468,9,8
8394,349,728,4,5
8395,349,213,9,8
8396,349,610,7,8
8397,349,582,9,6
8398,349,723,7,7
8399,349,689,6,7
8400,349,449,6,7
8401,349,668,7,8
8402,349,176,8,8
8403,349,529,8,8
8404,349,833,6,6
8405,349,571,5,8
8406,349,476,9,7
8407,349,939,4,5
8408,349,434,8,7
8409,349,348,8,7
8410,349,942,8,7
8411,349,748,4,7
8412,349,147,7,8
8413,349,825,7,7
8414,349,212,3,4
8415,349,756,8,9
8416,349,211,6,7
8417,349,827,6,5
8418,349,468,3,7
8419,350,728,10,10
8420,350,213,5,6
8421,350,610,10,8
8422,350,582,8,9
8423,350,723,9,7
8424,350,689,8,9
8425,350,449,9,8
8426,350,668,8,9
8427,350,176,8,9
8428,350,529,9,8
8429,350,833,9,8
8430,350,571,9,9
8431,350,476,8,10
8432,350,939,6,6
8433,350,434,10,10
8434,350,348,8,8
8435,350,942,8,10
8436,350,748,7,8
8437,350,147,4,5
8438,350,825,9,9
8439,350,212,1,4
8440,350,756,8,7
8441,350,211,5,6
8442,350,827,7,7
8443,350,468,8,6
8444,351,728,7,6
8445,351,213,4,4
8446,351,610,6,6
8447,351,582,6,5
8448,351,723,7,5
8449,351,689,8,8
8450,351,449,5,5
8451,351,668,6,5
8452,351,176,5,7
8453,351,529,6,6
8454,351,833,6,6
8455,351,571,4,5
8456,351,476,8,7
8457,351,939,6,5
8458,351,434,6,6
8459,351,348,5,7
8460,351,942,6,5
8461,351,748,5,5
8462,351,147,4,4
8463,351,825,7,8
8464,351,212,4,5
8465,351,756,6,6
8466,351,211,3,7
8467,351,827,5,6
8468,351,468,2,3
8469,352,728,7,8
8470,352,213,5,7
8471,352,610,8,7
8472,352,582,8,8
8473,352,723,8,7
8474,352,689,7,7
8475,352,449,5,5
8476,352,668,8,7
8477,352,176,4,4
8478,352,529,5,4
8479,352,833,6,8
8480,352,571,4,5
8481,352,476,8,8
8482,352,939,7,6
8483,352,434,5,8
8484,352,348,7,7
8485,352,942,7,9
8486,352,748,8,7
8487,352,147,4,6
8488,352,825,7,8
8489,352,212,4,4
8490,352,756,8,7
8491,352,211,3,4
8492,352,827,8,7
8493,352,468,5,5
8494,353,728,9,8
8495,353,213,8,8
8496,353,610,5,9
8497,353,582,8,8
8498,353,723,7,6
8499,353,689,9,8
8500,353,449,9,9
8501,353,668,3,4
8502,353,176,10,8
8503,353,529,9,7
8504,353,833,9,9
8505,353,571,5,5
8506,353,476,7,7
8507,353,939,4,6
8508,353,434,4,4
8509,353,348,7,8
8510,353,942,9,8
8511,353,748,9,9
8512,353,147,5,6
8513,353,825,10,9
8514,353,212,6,5
8515,353,756,8,10
8516,353,211,10,8
8517,353,827,9,8
8518,353,468,7,9
8519,354,728,6,7
8520,354,213,7,8
8521,354,610,5,7
8522,354,582,6,7
8523,354,723,2,2
8524,354,689,5,7
8525,354,449,8,6
8526,354,668,3,3
8527,354,176,2,4
8528,354,529,8,7
8529,354,833,7,8
8530,354,571,4,4
8531,354,476,3,3
8532,354,939,3,7
8533,354,434,7,5
8534,354,348,7,7
8535,354,942,3,6
8536,354,748,6,6
8537,354,147,8,6
8538,354,825,6,7
8539,354,212,1,2
8540,354,756,6,8
8541,354,211,1,1
8542,354,827,5,7
8543,354,468,4,3
8544,355,728,6,6
8545,355,213,8,8
8546,355,610,6,7
8547,355,582,5,6
8548,355,723,5,4
8549,355,689,6,6
8550,355,449,8,6
8551,355,668,1,3
8552,355,176,6,7
8553,355,529,5,7
8554,355,833,8,7
8555,355,571,8,8
8556,355,476,5,6
8557,355,939,2,4
8558,355,434,8,6
8559,355,348,8,7
8560,355,942,8,7
8561,355,748,8,6
8562,355,147,2,5
8563,355,825,3,6
8564,355,212,4,6
8565,355,756,7,6
8566,355,211,6,6
8567,355,827,6,8
8568,355,468,8,7
8569,356,728,8,9
8570,356,213,10,8
8571,356,610,8,9
8572,356,582,6,6
8573,356,723,4,5
8574,356,689,7,7
8575,356,449,8,9
8576,356,668,7,7
8577,356,176,6,6
8578,356,529,7,7
8579,356,833,10,8
8580,356,571,7,8
8581,356,476,5,7
8582,356,939,6,5
8583,356,434,9,8
8584,356,348,9,8
8585,356,942,6,8
8586,356,748,6,9
8587,356,147,7,8
8588,356,825,10,9
8589,356,212,9,8
8590,356,756,9,10
8591,356,211,7,9
8592,356,827,9,7
8593,356,468,5,6
8594,357,728,3,4
8595,357,213,8,6
8596,357,610,6,8
8597,357,582,6,6
8598,357,723,3,4
8599,357,689,6,6
8600,357,449,5,5
8601,357,668,7,5
8602,357,176,3,5
8603,357,529,7,7
8604,357,833,4,5
8605,357,571,7,5
8606,357,476,5,6
8607,357,939,6,5
8608,357,434,7,6
8609,357,348,7,7
8610,357,942,8,6
8611,357,748,3,6
8612,357,147,2,4
8613,357,825,7,8
8614,357,212,6,6
8615,357,756,3,7
8616,357,211,7,5
8617,357,827,6,7
8618,357,468,6,5
8619,358,728,5,6
8620,358,213,8,8
8621,358,610,5,6
8622,358,582,8,7
8623,358,723,7,7
8624,358,689,8,8
8625,358,449,9,8
8626,358,668,8,8
8627,358,176,4,6
8628,358,529,6,8
8629,358,833,7,7
8630,358,571,7,6
8631,358,476,10,9
8632,358,939,8,6
8633,358,434,6,7
8634,358,348,3,5
8635,358,942,8,9
8636,358,748,4,7
8637,358,147,4,6
8638,358,825,8,9
8639,358,212,8,8
8640,358,756,8,7
8641,358,211,6,6
8642,358,827,5,6
8643,358,468,3,7
8644,359,728,6,6
8645,359,213,8,9
8646,359,610,6,8
8647,359,582,5,7
8648,359,723,5,6
8649,359,689,8,9
8650,359,449,10,8
8651,359,668,7,7
8652,359,176,8,10
8653,359,529,7,7
8654,359,833,10,10
8655,359,571,9,7
8656,359,476,10,10
8657,359,939,10,10
8658,359,434,10,9
8659,359,348,5,6
8660,359,942,10,10
8661,359,748,5,5
8662,359,147,8,8
8663,359,825,9,10
8664,359,212,7,7
8665,359,756,9,9
8666,359,211,9,8
8667,359,827,7,9
8668,359,468,6,7
8669,360,728,4,7
8670,360,213,5,7
8671,360,610,3,7
8672,360,582,7,7
8673,360,723,7,5
8674,360,689,6,6
8675,360,449,4,6
8676,360,668,7,7
8677,360,176,5,5
8678,360,529,4,3
8679,360,833,8,6
8680,360,571,8,7
8681,360,476,4,5
8682,360,939,7,7
8683,360,434,6,7
8684,360,348,5,6
8685,360,942,7,5
8686,360,748,4,4
8687,360,147,7,6
8688,360,825,7,8
8689,360,212,3,2
8690,360,756,8,8
8691,360,211,7,6
8692,360,827,6,5
8693,360,468,8,6
8694,361,728,6,6
8695,361,213,7,6
8696,361,610,5,4
8697,361,582,5,6
8698,361,723,6,6
8699,361,689,7,6
8700,361,449,8,6
8701,361,668,5,5
8702,361,176,6,6
8703,361,529,4,4
8704,361,833,8,8
8705,361,571,5,5
8706,361,476,4,4
8707,361,939,4,5
8708,361,434,8,6
8709,361,348,5,7
8710,361,942,3,4
8711,361,748,5,5
8712,361,147,7,7
8713,361,825,6,6
8714,361,212,2,3
8715,361,756,5,6
8716,361,211,6,7
8717,361,827,5,6
8718,361,468,8,8
8719,362,728,8,7
8720,362,213,6,8
8721,362,610,3,5
8722,362,582,6,5
8723,362,723,7,8
8724,362,689,5,5
8725,362,449,5,6
8726,362,668,3,4
8727,362,176,3,6
8728,362,529,2,3
8729,362,833,8,6
8730,362,571,7,7
8731,362,476,2,4
8732,362,939,3,5
8733,362,434,5,7
8734,362,348,2,5
8735,362,942,9,8
8736,362,748,7,8
8737,362,147,7,5
8738,362,825,8,6
8739,362,212,6,7
8740,362,756,5,6
8741,362,211,5,6
8742,362,827,7,7
8743,362,468,4,4
8744,363,728,10,9
8745,363,213,8,8
8746,363,610,9,10
8747,363,582,9,8
8748,363,723,7,7
8749,363,689,5,8
8750,363,449,5,6
8751,363,668,9,7
8752,363,176,7,9
8753,363,529,9,9
8754,363,833,8,10
8755,363,571,10,8
8756,363,476,7,9
8757,363,939,9,9
8758,363,434,7,9
8759,363,348,7,8
8760,363,942,9,10
8761,363,748,9,8
8762,363,147,8,10
8763,363,825,10,10
8764,363,212,10,7
8765,363,756,8,10
8766,363,211,7,7
8767,363,827,8,9
8768,363,468,8,8
8769,364,728,5,7
8770,364,213,10,8
8771,364,610,6,7
8772,364,582,6,6
8773,364,723,4,8
8774,364,689,5,8
8775,364,449,9,8
8776,364,668,9,7
8777,364,176,8,7
8778,364,529,5,7
8779,364,833,10,10
8780,364,571,4,4
8781,364,476,10,9
8782,364,939,9,10
8783,364,434,9,9
8784,364,348,6,6
8785,364,942,8,9
8786,364,748,8,9
8787,364,147,8,9
8788,364,825,7,9
8789,364,212,5,5
8790,364,756,9,10
8791,364,211,7,8
8792,364,827,9,7
8793,364,468,8,10
8794,365,728,3,6
8795,365,213,4,5
8796,365,610,8,7
8797,365,582,5,7
8798,365,723,3,3
8799,365,689,6,5
8800,365,449,2,5
8801,365,668,5,6
8802,365,176,4,4
8803,365,529,6,7
8804,365,833,8,7
8805,365,571,5,5
8806,365,476,6,6
8807,365,939,5,5
8808,365,434,7,8
8809,365,348,1,1
8810,365,942,7,6
8811,365,748,7,8
8812,365,147,3,5
8813,365,825,6,6
8814,365,212,8,7
8815,365,756,8,7
8816,365,211,3,3
8817,365,827,7,7
8818,365,468,6,7
8819,366,728,3,6
8820,366,213,4,5
8821,366,610,8,8
8822,366,582,5,6
8823,366,723,5,6
8824,366,689,6,5
8825,366,449,8,6
8826,366,668,6,6
8827,366,176,4,7
8828,366,529,7,7
8829,366,833,6,6
8830,366,571,7,8
8831,366,476,8,6
8832,366,939,7,7
8833,366,434,6,6
8834,366,348,2,5
8835,366,942,3,5
8836,366,748,4,4
8837,366,147,4,7
8838,366,825,6,6
8839,366,212,8,7
8840,366,756,6,7
8841,366,211,7,5
8842,366,827,6,5
8843,366,468,4,5
8844,367,728,9,9
8845,367,213,4,6
8846,367,610,5,5
8847,367,582,8,6
8848,367,723,4,6
8849,367,689,8,9
8850,367,449,10,8
8851,367,668,8,9
8852,367,176,8,8
8853,367,529,4,3
8854,367,833,4,5
8855,367,571,4,8
8856,367,476,8,7
8857,367,939,9,8
8858,367,434,8,6
8859,367,348,5,6
8860,367,942,7,8
8861,367,748,6,7
8862,367,147,9,9
8863,367,825,7,8
8864,367,212,6,7
8865,367,756,9,9
8866,367,211,7,8
8867,367,827,9,7
8868,367,468,7,7
8869,368,728,7,6
8870,368,213,3,4
8871,368,610,6,8
8872,368,582,7,6
8873,368,723,4,6
8874,368,689,3,4
8875,368,449,7,8
8876,368,668,6,8
8877,368,176,6,7
8878,368,529,6,7
8879,368,833,4,6
8880,368,571,4,7
8881,368,476,3,3
8882,368,939,6,8
8883,368,434,5,6
8884,368,348,7,5
8885,368,942,7,8
8886,368,748,4,4
8887,368,147,5,5
8888,368,825,9,6
8889,368,212,7,6
8890,368,756,7,7
8891,368,211,7,5
8892,368,827,3,3
8893,368,468,5,5
8894,369,728,6,8
8895,369,213,3,6
8896,369,610,6,7
8897,369,582,3,4
8898,369,723,2,5
8899,369,689,3,6
8900,369,449,7,6
8901,369,668,3,5
8902,369,176,2,5
8903,369,529,7,6
8904,369,833,4,7
8905,369,571,2,3
8906,369,476,4,4
8907,369,939,5,7
8908,369,434,6,7
8909,369,348,8,7
8910,369,942,7,7
8911,369,748,7,8
8912,369,147,2,3
8913,369,825,6,6
8914,369,212,6,7
8915,369,756,8,7
8916,369,211,8,8
8917,369,827,5,6
8918,369,468,3,5
8919,370,728,10,8
8920,370,213,5,6
8921,370,610,9,9
8922,370,582,9,7
8923,370,723,8,7
8924,370,689,6,7
8925,370,449,10,9
8926,370,668,9,7
8927,370,176,5,4
8928,370,529,8,8
8929,370,833,6,9
8930,370,571,5,8
8931,370,476,5,8
8932,370,939,8,9
8933,370,434,7,8
8934,370,348,5,8
8935,370,942,9,10
8936,370,748,9,9
8937,370,147,5,6
8938,370,825,6,6
8939,370,212,9,7
8940,370,756,9,10
8941,370,211,7,8
8942,370,827,7,7
8943,370,468,7,8
8944,371,728,7,6
8945,371,213,6,8
8946,371,610,8,10
8947,371,582,10,8
8948,371,723,10,8
8949,371,689,7,5
8950,371,449,6,8
8951,371,668,8,9
8952,371,176,8,7
8953,371,529,8,7
8954,371,833,5,9
8955,371,571,8,9
8956,371,476,5,8
8957,371,939,5,7
8958,371,434,7,5
8959,371,348,10,9
8960,371,942,10,9
8961,371,748,10,8
8962,371,147,4,3
8963,371,825,6,6
8964,371,212,8,8
8965,371,756,10,9
8966,371,211,7,8
8967,371,827,9,9
8968,371,468,7,9
8969,372,728,5,4
8970,372,213,7,6
8971,372,610,3,4
8972,372,582,8,7
8973,372,723,8,6
8974,372,689,4,5
8975,372,449,4,5
8976,372,668,6,6
8977,372,176,6,7
8978,372,529,5,7
8979,372,833,6,6
8980,372,571,4,6
8981,372,476,6,5
8982,372,939,8,7
8983,372,434,7,6
8984,372,348,3,5
8985,372,942,7,5
8986,372,748,6,8
8987,372,147,7,5
8988,372,825,7,6
8989,372,212,4,6
8990,372,756,7,6
8991,372,211,6,7
8992,372,827,6,7
8993,372,468,6,7
8994,373,728,5,6
8995,373,213,8,9
8996,373,610,9,8
8997,373,582,8,9
8998,373,723,7,7
8999,373,689,4,7
9000,373,449,10,8
9001,373,668,10,10
9002,373,176,8,7
9003,373,529,8,7
9004,373,833,8,10
9005,373,571,7,8
9006,373,476,10,8
9007,373,939,8,9
9008,373,434,9,9
9009,373,348,8,9
9010,373,942,9,8
9011,373,748,5,9
9012,373,147,9,8
9013,373,825,9,8
9014,373,212,6,7
9015,373,756,8,9
9016,373,211,9,9
9017,373,827,9,10
9018,373,468,9,7
9019,374,728,5,9
9020,374,213,9,9
9021,374,610,10,9
9022,374,582,7,7
9023,374,723,9,7
9024,374,689,7,7
9025,374,449,7,9
9026,374,668,10,7
9027,374,176,9,8
9028,374,529,6,5
9029,374,833,6,5
9030,374,571,5,5
9031,374,476,5,8
9032,374,939,8,10
9033,374,434,8,8
9034,374,348,8,8
9035,374,942,8,9
9036,374,748,6,7
9037,374,147,5,8
9038,374,825,10,10
9039,374,212,8,7
9040,374,756,9,9
9041,374,211,10,8
9042,374,827,8,9
9043,374,468,9,9
9044,375,728,4,6
9045,375,213,6,8
9046,375,610,5,4
9047,375,582,7,7
9048,375,723,8,8
9049,375,689,6,5
9050,375,449,6,7
9051,375,668,5,7
9052,375,176,7,5
9053,375,529,7,7
9054,375,833,10,7
9055,375,571,5,5
9056,375,476,4,7
9057,375,939,5,5
9058,375,434,5,5
9059,375,348,7,5
9060,375,942,5,5
9061,375,748,7,7
9062,375,147,6,5
9063,375,825,6,8
9064,375,212,6,7
9065,375,756,7,8
9066,375,211,3,3
9067,375,827,7,7
9068,375,468,5,7
9069,376,728,6,6
9070,376,213,3,5
9071,376,610,5,5
9072,376,582,3,6
9073,376,723,8,7
9074,376,689,3,7
9075,376,449,6,7
9076,376,668,6,5
9077,376,176,7,6
9078,376,529,4,3
9079,376,833,7,7
9080,376,571,6,5
9081,376,476,7,7
9082,376,939,7,7
9083,376,434,2,4
9084,376,348,2,2
9085,376,942,8,7
9086,376,748,8,8
9087,376,147,7,6
9088,376,825,7,8
9089,376,212,7,7
9090,376,756,4,5
9091,376,211,8,7
9092,376,827,7,7
9093,376,468,6,6
9094,377,728,8,9
9095,377,213,7,6
9096,377,610,7,6
9097,377,582,8,10
9098,377,723,9,9
9099,377,689,6,9
9100,377,449,10,9
9101,377,668,10,9
9102,377,176,9,8
9103,377,529,7,9
9104,377,833,8,9
9105,377,571,9,7
9106,377,476,7,8
9107,377,939,8,8
9108,377,434,4,6
9109,377,348,8,7
9110,377,942,8,8
9111,377,748,10,8
9112,377,147,7,9
9113,377,825,9,9
9114,377,212,7,7
9115,377,756,10,9
9116,377,211,10,9
9117,377,827,6,7
9118,377,468,7,8
9119,378,237,1,2
9120,378,573,7,7
9121,378,886,1,1
9122,378,491,1,1
9123,378,428,6,6
9124,378,774,1,1
9125,378,311,6,5
9126,378,968,7,6
9127,378,204,6,5
9128,378,42,7,7
9129,378,297,1,2
9130,378,669,2,5
9131,378,578,1,2
9132,378,810,6,5
9133,378,162,2,3
9134,378,621,6,5
9135,378,115,1,1
9136,378,98,1,1
9137,378,527,8,6
9138,378,646,4,6
9139,378,793,1,2
9140,378,229,5,5
9141,378,269,6,7
9142,378,359,8,6
9143,378,461,6,7
9144,379,237,6,7
9145,379,573,4,7
9146,379,886,5,6
9147,379,491,8,7
9148,379,428,4,6
9149,379,774,6,6
9150,379,311,8,7
9151,379,968,7,7
9152,379,204,5,5
9153,379,42,4,7
9154,379,297,6,7
9155,379,669,2,6
9156,379,578,1,1
9157,379,810,5,7
9158,379,162,1,3
9159,379,621,5,7
9160,379,115,1,1
9161,379,98,3,6
9162,379,527,3,6
9163,379,646,8,6
9164,379,793,1,1
9165,379,229,3,7
9166,379,269,8,8
9167,379,359,7,6
9168,379,461,5,6
9169,380,237,8,7
9170,380,573,9,9
9171,380,886,4,6
9172,380,491,5,7
9173,380,428,9,8
9174,380,774,6,6
9175,380,311,7,9
9176,380,968,7,9
9177,380,204,8,7
9178,380,42,3,7
9179,380,297,6,7
9180,380,669,5,7
9181,380,578,6,8
9182,380,810,8,7
9183,380,162,4,6
9184,380,621,6,5
9185,380,115,4,5
9186,380,98,6,8
9187,380,527,7,9
9188,380,646,8,6
9189,380,793,7,6
9190,380,229,5,7
9191,380,269,9,7
9192,380,359,8,7
9193,380,461,8,7
9194,381,237,10,9
9195,381,573,9,9
9196,381,886,9,7
9197,381,491,9,8
9198,381,428,8,9
9199,381,774,9,7
9200,381,311,6,8
9201,381,968,8,8
9202,381,204,9,9
9203,381,42,5,6
9204,381,297,9,8
9205,381,669,8,9
9206,381,578,9,9
9207,381,810,3,2
9208,381,162,6,6
9209,381,621,4,6
9210,381,115,4,7
9211,381,98,5,6
9212,381,527,5,8
9213,381,646,7,9
9214,381,793,6,7
9215,381,229,10,10
9216,381,269,9,8
9217,381,359,8,9
9218,381,461,5,5
9219,382,237,6,6
9220,382,573,6,8
9221,382,886,3,7
9222,382,491,5,5
9223,382,428,8,6
9224,382,774,8,7
9225,382,311,9,6
9226,382,968,7,6
9227,382,204,6,7
9228,382,42,5,6
9229,382,297,6,7
9230,382,669,6,5
9231,382,578,7,5
9232,382,810,1,2
9233,382,162,6,6
9234,382,621,2,4
9235,382,115,5,5
9236,382,98,3,6
9237,382,527,6,8
9238,382,646,6,7
9239,382,793,3,6
9240,382,229,4,5
9241,382,269,6,7
9242,382,359,6,8
9243,382,461,2,3
9244,383,237,7,6
9245,383,573,8,6
9246,383,886,3,5
9247,383,491,4,3
9248,383,428,5,7
9249,383,774,7,6
9250,383,311,6,6
9251,383,968,7,6
9252,383,204,5,7
9253,383,42,2,4
9254,383,297,7,7
9255,383,669,7,8
9256,383,578,5,5
9257,383,810,7,6
9258,383,162,8,6
9259,383,621,7,7
9260,383,115,6,6
9261,383,98,8,7
9262,383,527,6,6
9263,383,646,5,7
9264,383,793,3,5
9265,383,229,5,6
9266,383,269,8,7
9267,383,359,5,4
9268,383,461,5,5
9269,384,237,9,10
9270,384,573,10,9
9271,384,886,7,6
9272,384,491,6,5
9273,384,428,6,8
9274,384,774,10,10
9275,384,311,9,8
9276,384,968,7,8
9277,384,204,10,8
9278,384,42,6,6
9279,384,297,8,7
9280,384,669,8,8
9281,384,578,4,5
9282,384,810,6,6
9283,384,162,6,7
9284,384,621,9,7
9285,384,115,10,7
9286,384,98,9,8
9287,384,527,9,6
9288,384,646,7,9
9289,384,793,10,10
9290,384,229,9,9
9291,384,269,9,10
9292,384,359,6,6
9293,384,461,8,7
9294,385,237,5,7
9295,385,573,10,8
9296,385,886,5,6
9297,385,491,7,8
9298,385,428,5,5
9299,385,774,8,8
9300,385,311,10,9
9301,385,968,9,8
9302,385,204,5,8
9303,385,42,5,8
9304,385,297,10,8
9305,385,669,4,5
9306,385,578,4,6
9307,385,810,7,7
9308,385,162,6,5
9309,385,621,10,10
9310,385,115,10,8
9311,385,98,5,5
9312,385,527,7,7
9313,385,646,7,9
9314,385,793,6,9
9315,385,229,10,10
9316,385,269,9,9
9317,385,359,8,9
9318,385,461,9,10
9319,386,237,6,5
9320,386,573,4,6
9321,386,886,9,9
9322,386,491,5,5
9323,386,428,5,8
9324,386,774,10,7
9325,386,311,9,9
9326,386,968,8,8
9327,386,204,9,8
9328,386,42,7,7
9329,386,297,8,6
9330,386,669,7,6
9331,386,578,7,8
9332,386,810,7,6
9333,386,162,3,7
9334,386,621,4,7
9335,386,115,6,7
9336,386,98,3,4
9337,386,527,3,5
9338,386,646,7,8
9339,386,793,6,8
9340,386,229,9,8
9341,386,269,8,7
9342,386,359,9,8
9343,386,461,6,8
9344,387,237,8,8
9345,387,573,7,6
9346,387,886,8,10
9347,387,491,6,5
9348,387,428,8,9
9349,387,774,9,10
9350,387,311,10,9
9351,387,968,8,9
9352,387,204,8,7
9353,387,42,7,8
9354,387,297,8,9
9355,387,669,10,8
9356,387,578,10,9
9357,387,810,7,8
9358,387,162,9,10
9359,387,621,6,5
9360,387,115,6,5
9361,387,98,8,9
9362,387,527,5,9
9363,387,646,7,9
9364,387,793,6,6
9365,387,229,8,8
9366,387,269,8,10
9367,387,359,9,9
9368,387,461,4,5
9369,388,237,5,7
9370,388,573,9,8
9371,388,886,6,8
9372,388,491,8,9
9373,388,428,6,8
9374,388,774,8,8
9375,388,311,10,10
9376,388,968,8,8
9377,388,204,8,10
9378,388,42,9,9
9379,388,297,5,4
9380,388,669,5,4
9381,388,578,9,8
9382,388,810,5,4
9383,388,162,9,9
9384,388,621,6,8
9385,388,115,4,4
9386,388,98,8,10
9387,388,527,6,9
9388,388,646,10,10
9389,388,793,6,9
9390,388,229,10,10
9391,388,269,9,9
9392,388,359,10,10
9393,388,461,6,5
9394,389,237,10,9
9395,389,573,5,9
9396,389,886,5,8
9397,389,491,10,9
9398,389,428,7,7
9399,389,774,5,7
9400,389,311,10,10
9401,389,968,8,8
9402,389,204,7,8
9403,389,42,6,6
9404,389,297,6,5
9405,389,669,8,9
9406,389,578,7,9
9407,389,810,10,10
9408,389,162,9,7
9409,389,621,8,9
9410,389,115,5,7
9411,389,98,9,7
9412,389,527,6,8
9413,389,646,9,10
9414,389,793,5,9
9415,389,229,10,9
9416,389,269,9,9
9417,389,359,10,8
9418,389,461,5,6
9419,390,237,5,5
9420,390,573,4,7
9421,390,886,8,7
9422,390,491,3,5
9423,390,428,5,6
9424,390,774,6,7
9425,390,311,5,5
9426,390,968,7,6
9427,390,204,3,3
9428,390,42,4,4
9429,390,297,1,1
9430,390,669,7,7
9431,390,578,6,7
9432,390,810,6,5
9433,390,162,7,7
9434,390,621,7,7
9435,390,115,6,6
9436,390,98,6,7
9437,390,527,3,4
9438,390,646,7,6
9439,390,793,4,4
9440,390,229,4,5
9441,390,269,7,6
9442,390,359,5,7
9443,390,461,4,4
9444,391,237,9,8
9445,391,573,9,8
9446,391,886,10,8
9447,391,491,7,7
9448,391,428,7,9
9449,391,774,9,10
9450,391,311,8,9
9451,391,968,9,7
9452,391,204,8,7
9453,391,42,5,8
9454,391,297,4,4
9455,391,669,6,7
9456,391,578,5,6
9457,391,810,5,8
9458,391,162,8,8
9459,391,621,7,7
9460,391,115,10,8
9461,391,98,8,9
9462,391,527,9,9
9463,391,646,8,9
9464,391,793,10,8
9465,391,229,7,6
9466,391,269,7,7
9467,391,359,9,8
9468,391,461,8,9
9469,392,237,9,8
9470,392,573,9,9
9471,392,886,6,7
9472,392,491,7,8
9473,392,428,7,7
9474,392,774,10,9
9475,392,311,9,9
9476,392,968,7,7
9477,392,204,9,8
9478,392,42,1,3
9479,392,297,2,3
9480,392,669,3,6
9481,392,578,7,7
9482,392,810,5,6
9483,392,162,6,6
9484,392,621,6,7
9485,392,115,8,8
9486,392,98,6,5
9487,392,527,5,5
9488,392,646,5,6
9489,392,793,10,9
9490,392,229,8,7
9491,392,269,6,8
9492,392,359,7,9
9493,392,461,3,4
9494,393,237,5,7
9495,393,573,9,8
9496,393,886,6,9
9497,393,491,5,6
9498,393,428,5,9
9499,393,774,10,8
9500,393,311,10,8
9501,393,968,9,8
9502,393,204,10,9
9503,393,42,10,10
9504,393,297,8,9
9505,393,669,6,8
9506,393,578,9,8
9507,393,810,6,5
9508,393,162,7,9
9509,393,621,8,8
9510,393,115,10,10
9511,393,98,8,8
9512,393,527,6,8
9513,393,646,5,6
9514,393,793,9,9
9515,393,229,10,9
9516,393,269,5,7
9517,393,359,8,9
9518,393,461,6,9
9519,394,237,6,5
9520,394,573,8,8
9521,394,886,8,7
9522,394,491,3,6
9523,394,428,6,8
9524,394,774,7,9
9525,394,311,7,9
9526,394,968,3,5
9527,394,204,8,6
9528,394,42,7,8
9529,394,297,6,5
9530,394,669,3,4
9531,394,578,7,7
9532,394,810,6,8
9533,394,162,3,7
9534,394,621,7,7
9535,394,115,7,7
9536,394,98,7,7
9537,394,527,6,7
9538,394,646,5,7
9539,394,793,8,7
9540,394,229,3,5
9541,394,269,5,5
9542,394,359,9,9
9543,394,461,7,7
9544,395,237,10,8
9545,395,573,6,6
9546,395,886,10,8
9547,395,491,9,7
9548,395,428,6,6
9549,395,774,7,6
9550,395,311,7,7
9551,395,968,10,9
9552,395,204,8,7
9553,395,42,6,5
9554,395,297,7,8
9555,395,669,5,8
9556,395,578,8,10
9557,395,810,9,8
9558,395,162,7,8
9559,395,621,8,9
9560,395,115,7,8
9561,395,98,6,4
9562,395,527,10,8
9563,395,646,8,8
9564,395,793,6,8
9565,395,229,8,10
9566,395,269,8,10
9567,395,359,9,9
9568,395,461,4,8
9569,396,237,7,6
9570,396,573,5,7
9571,396,886,10,9
9572,396,491,9,7
9573,396,428,5,9
9574,396,774,10,9
9575,396,311,8,8
9576,396,968,7,5
9577,396,204,10,10
9578,396,42,5,9
9579,396,297,10,8
9580,396,669,7,7
9581,396,578,7,8
9582,396,810,8,7
9583,396,162,9,8
9584,396,621,9,10
9585,396,115,9,8
9586,396,98,6,8
9587,396,527,9,8
9588,396,646,8,7
9589,396,793,6,8
9590,396,229,8,10
9591,396,269,9,10
9592,396,359,10,9
9593,396,461,7,9
9594,397,237,5,7
9595,397,573,9,9
9596,397,886,10,8
9597,397,491,8,7
9598,397,428,9,8
9599,397,774,8,9
9600,397,311,9,9
9601,397,968,9,10
9602,397,204,8,8
9603,397,42,6,9
9604,397,297,9,8
9605,397,669,6,6
9606,397,578,9,10
9607,397,810,8,7
9608,397,162,4,7
9609,397,621,8,7
9610,397,115,8,7
9611,397,98,8,8
9612,397,527,6,7
9613,397,646,7,9
9614,397,793,8,8
9615,397,229,9,10
9616,397,269,10,10
9617,397,359,8,8
9618,397,461,5,8
9619,398,237,6,9
9620,398,573,9,10
9621,398,886,10,8
9622,398,491,4,6
9623,398,428,10,8
9624,398,774,9,8
9625,398,311,9,9
9626,398,968,8,9
9627,398,204,9,7
9628,398,42,7,7
9629,398,297,7,9
9630,398,669,6,6
9631,398,578,8,9
9632,398,810,7,7
9633,398,162,5,5
9634,398,621,9,8
9635,398,115,10,10
9636,398,98,10,8
9637,398,527,8,8
9638,398,646,4,5
9639,398,793,8,8
9640,398,229,8,8
9641,398,269,9,10
9642,398,359,8,10
9643,398,461,5,7
9644,399,237,7,7
9645,399,573,4,6
9646,399,886,8,8
9647,399,491,6,7
9648,399,428,9,6
9649,399,774,7,7
9650,399,311,8,7
9651,399,968,7,6
9652,399,204,6,5
9653,399,42,6,7
9654,399,297,6,6
9655,399,669,3,4
9656,399,578,6,5
9657,399,810,4,3
9658,399,162,7,6
9659,399,621,7,7
9660,399,115,4,4
9661,399,98,7,6
9662,399,527,7,6
9663,399,646,2,6
9664,399,793,5,6
9665,399,229,3,5
9666,399,269,6,8
9667,399,359,4,4
9668,399,461,7,5
9669,400,237,8,7
9670,400,573,5,4
9671,400,886,6,6
9672,400,491,4,4
9673,400,428,6,6
9674,400,774,6,8
9675,400,311,4,7
9676,400,968,5,6
9677,400,204,4,4
9678,400,42,3,7
9679,400,297,4,3
9680,400,669,7,5
9681,400,578,8,7
9682,400,810,3,4
9683,400,162,6,6
9684,400,621,7,5
9685,400,115,6,8
9686,400,98,7,6
9687,400,527,7,8
9688,400,646,3,5
9689,400,793,6,6
9690,400,229,4,4
9691,400,269,6,8
9692,400,359,5,5
9693,400,461,5,7
9694,401,237,5,4
9695,401,573,4,7
9696,401,886,8,8
9697,401,491,6,5
9698,401,428,4,6
9699,401,774,8,6
9700,401,311,4,6
9701,401,968,8,7
9702,401,204,6,5
9703,401,42,4,5
9704,401,297,1,1
9705,401,669,8,8
9706,401,578,7,7
9707,401,810,6,5
9708,401,162,2,6
9709,401,621,8,6
9710,401,115,5,6
9711,401,98,6,6
9712,401,527,8,6
9713,401,646,4,5
9714,401,793,7,6
9715,401,229,8,7
9716,401,269,7,6
9717,401,359,3,5
9718,401,461,2,2
9719,402,237,8,8
9720,402,573,5,8
9721,402,886,7,7
9722,402,491,10,8
9723,402,428,9,10
9724,402,774,10,9
9725,402,311,10,9
9726,402,968,10,10
9727,402,204,7,7
9728,402,42,8,9
9729,402,297,9,7
9730,402,669,7,8
9731,402,578,9,8
9732,402,810,9,10
9733,402,162,5,9
9734,402,621,9,8
9735,402,115,8,7
9736,402,98,6,6
9737,402,527,10,8
9738,402,646,4,8
9739,402,793,9,8
9740,402,229,10,9
9741,402,269,8,9
9742,402,359,5,7
9743,402,461,9,10
9744,403,237,6,8
9745,403,573,3,6
9746,403,886,6,8
9747,403,491,2,2
9748,403,428,7,7
9749,403,774,6,6
9750,403,311,8,6
9751,403,968,2,4
9752,403,204,7,7
9753,403,42,7,8
9754,403,297,5,6
9755,403,669,1,1
9756,403,578,7,6
9757,403,810,3,3
9758,403,162,3,4
9759,403,621,8,8
9760,403,115,5,6
9761,403,98,6,7
9762,403,527,7,8
9763,403,646,2,4
9764,403,793,4,5
9765,403,229,7,6
9766,403,269,8,6
9767,403,359,4,6
9768,403,461,6,5
9769,404,237,8,7
9770,404,573,3,4
9771,404,886,6,7
9772,404,491,7,5
9773,404,428,8,7
9774,404,774,6,8
9775,404,311,4,4
9776,404,968,4,4
9777,404,204,5,5
9778,404,42,6,6
9779,404,297,5,5
9780,404,669,7,5
9781,404,578,7,7
9782,404,810,3,7
9783,404,162,1,3
9784,404,621,5,3
9785,404,115,5,7
9786,404,98,8,7
9787,404,527,5,7
9788,404,646,4,4
9789,404,793,8,7
9790,404,229,7,8
9791,404,269,3,5
9792,404,359,6,8
9793,404,461,5,6
9794,405,237,4,7
9795,405,573,8,7
9796,405,886,6,8
9797,405,491,7,5
9798,405,428,4,4
9799,405,774,7,8
9800,405,311,4,4
9801,405,968,6,7
9802,405,204,7,7
9803,405,42,5,5
9804,405,297,5,6
9805,405,669,6,6
9806,405,578,7,6
9807,405,810,4,4
9808,405,162,4,3
9809,405,621,7,5
9810,405,115,7,7
9811,405,98,7,6
9812,405,527,5,5
9813,405,646,1,2
9814,405,793,7,7
9815,405,229,8,6
9816,405,269,5,6
9817,405,359,4,7
9818,405,461,6,5
9819,406,237,6,6
9820,406,573,9,8
9821,406,886,8,10
9822,406,491,8,7
9823,406,428,7,6
9824,406,774,8,8
9825,406,311,7,6
9826,406,968,5,7
9827,406,204,7,9
9828,406,42,4,7
9829,406,297,8,9
9830,406,669,10,8
9831,406,578,8,10
9832,406,810,8,8
9833,406,162,5,7
9834,406,621,7,7
9835,406,115,2,5
9836,406,98,7,7
9837,406,527,10,9
9838,406,646,5,8
9839,406,793,10,8
9840,406,229,8,7
9841,406,269,8,8
9842,406,359,5,7
9843,406,461,8,9
9844,407,237,7,9
9845,407,573,9,9
9846,407,886,5,6
9847,407,491,9,7
9848,407,428,10,9
9849,407,774,8,9
9850,407,311,4,7
9851,407,968,7,8
9852,407,204,1,4
9853,407,42,9,8
9854,407,297,10,9
9855,407,669,7,9
9856,407,578,8,8
9857,407,810,5,8
9858,407,162,7,9
9859,407,621,9,8
9860,407,115,5,7
9861,407,98,8,9
9862,407,527,7,7
9863,407,646,4,5
9864,407,793,9,10
9865,407,229,9,9
9866,407,269,5,7
9867,407,359,5,8
9868,407,461,8,8
9869,408,237,5,7
9870,408,573,10,8
9871,408,886,9,9
9872,408,491,6,5
9873,408,428,9,8
9874,408,774,9,10
9875,408,311,6,6
9876,408,968,9,8
9877,408,204,10,10
9878,408,42,5,8
9879,408,297,7,7
9880,408,669,5,6
9881,408,578,10,8
9882,408,810,4,2
9883,408,162,7,9
9884,408,621,6,9
9885,408,115,6,6
9886,408,98,7,9
9887,408,527,6,7
9888,408,646,9,8
9889,408,793,10,8
9890,408,229,7,8
9891,408,269,5,6
9892,408,359,5,8
9893,408,461,7,7
9894,409,237,5,6
9895,409,573,9,9
9896,409,886,10,8
9897,409,491,8,7
9898,409,428,10,10
9899,409,774,7,8
9900,409,311,7,9
9901,409,968,10,10
9902,409,204,7,7
9903,409,42,4,8
9904,409,297,10,10
9905,409,669,8,7
9906,409,578,4,7
9907,409,810,6,7
9908,409,162,9,8
9909,409,621,9,8
9910,409,115,6,8
9911,409,98,7,7
9912,409,527,10,10
9913,409,646,4,4
9914,409,793,9,10
9915,409,229,8,8
9916,409,269,10,10
9917,409,359,5,6
9918,409,461,7,7
9919,410,237,10,10
9920,410,573,8,9
9921,410,886,9,8
9922,410,491,9,9
9923,410,428,8,9
9924,410,774,9,9
9925,410,311,6,6
9926,410,968,4,6
9927,410,204,7,9
9928,410,42,5,9
9929,410,297,7,9
9930,410,669,8,7
9931,410,578,9,7
9932,410,810,7,8
9933,410,162,7,8
9934,410,621,9,10
9935,410,115,6,6
9936,410,98,9,9
9937,410,527,9,8
9938,410,646,8,8
9939,410,793,5,9
9940,410,229,7,9
9941,410,269,9,9
9942,410,359,5,9
9943,410,461,9,8
9944,411,237,8,8
9945,411,573,6,5
9946,411,886,6,7
9947,411,491,4,4
9948,411,428,5,5
9949,411,774,6,6
9950,411,311,7,6
9951,411,968,6,7
9952,411,204,5,5
9953,411,42,6,5
9954,411,297,6,7
9955,411,669,2,4
9956,411,578,6,6
9957,411,810,8,8
9958,411,162,6,5
9959,411,621,8,6
9960,411,115,2,5
9961,411,98,7,5
9962,411,527,2,4
9963,411,646,6,5
9964,411,793,4,4
9965,411,229,3,5
9966,411,269,8,7
9967,411,359,3,6
9968,411,461,6,5
9969,412,237,3,6
9970,412,573,4,7
9971,412,886,6,8
9972,412,491,3,6
9973,412,428,8,8
9974,412,774,6,6
9975,412,311,6,4
9976,412,968,3,4
9977,412,204,8,7
9978,412,42,7,6
9979,412,297,4,6
9980,412,669,3,5
9981,412,578,6,7
9982,412,810,7,5
9983,412,162,8,6
9984,412,621,7,8
9985,412,115,1,1
9986,412,98,7,5
9987,412,527,7,7
9988,412,646,6,7
9989,412,793,4,5
9990,412,229,4,5
9991,412,269,7,6
9992,412,359,5,4
9993,412,461,7,6
9994,413,237,8,6
9995,413,573,3,5
9996,413,886,7,7
9997,413,491,6,7
9998,413,428,8,8
9999,413,774,4,7
10000,413,311,4,4
10001,413,968,7,7
10002,413,204,3,5
10003,413,42,8,8
10004,413,297,7,6
10005,413,669,7,5
10006,413,578,5,7
10007,413,810,7,6
10008,413,162,7,6
10009,413,621,2,4
10010,413,115,7,5
10011,413,98,7,5
10012,413,527,8,6
10013,413,646,5,5
10014,413,793,4,6
10015,413,229,3,7
10016,413,269,7,6
10017,413,359,6,8
10018,413,461,7,6
10019,414,237,8,7
10020,414,573,4,5
10021,414,886,4,8
10022,414,491,7,6
10023,414,428,9,8
10024,414,774,4,7
10025,414,311,5,8
10026,414,968,3,4
10027,414,204,6,8
10028,414,42,6,7
10029,414,297,6,6
10030,414,669,7,9
10031,414,578,6,6
10032,414,810,7,6
10033,414,162,7,8
10034,414,621,4,3
10035,414,115,8,7
10036,414,98,8,7
10037,414,527,8,9
10038,414,646,5,5
10039,414,793,5,5
10040,414,229,5,7
10041,414,269,4,6
10042,414,359,9,8
10043,414,461,5,4
10044,415,658,2,2
10045,415,697,9,7
10046,415,786,2,2
10047,415,249,9,8
10048,415,893,2,4
10049,415,509,6,6
10050,415,354,9,10
10051,415,205,2,3
10052,415,301,4,7
10053,415,767,2,4
10054,415,219,4,7
10055,415,432,8,9
10056,415,879,5,6
10057,415,164,2,4
10058,415,242,9,8
10059,415,261,8,8
10060,415,811,9,9
10061,415,931,6,6
10062,415,376,5,5
10063,415,680,7,7
10064,415,832,2,2
10065,415,884,2,4
10066,415,93,2,4
10067,415,87,8,7
10068,415,56,2,3
10069,416,658,4,7
10070,416,697,6,8
10071,416,786,1,1
10072,416,249,6,7
10073,416,893,6,5
10074,416,509,3,4
10075,416,354,9,6
10076,416,205,2,3
10077,416,301,4,7
10078,416,767,8,6
10079,416,219,7,6
10080,416,432,5,7
10081,416,879,3,6
10082,416,164,7,8
10083,416,242,6,8
10084,416,261,3,6
10085,416,811,8,6
10086,416,931,7,6
10087,416,376,7,7
10088,416,680,6,6
10089,416,832,5,7
10090,416,884,1,1
10091,416,93,1,1
10092,416,87,7,8
10093,416,56,7,6
10094,417,658,5,7
10095,417,697,10,10
10096,417,786,6,8
10097,417,249,7,7
10098,417,893,9,9
10099,417,509,5,8
10100,417,354,6,7
10101,417,205,9,9
10102,417,301,6,8
10103,417,767,9,8
10104,417,219,8,8
10105,417,432,6,5
10106,417,879,8,9
10107,417,164,8,8
10108,417,242,8,9
10109,417,261,7,7
10110,417,811,7,8
10111,417,931,10,10
10112,417,376,8,7
10113,417,680,8,8
10114,417,832,7,9
10115,417,884,8,8
10116,417,93,5,4
10117,417,87,8,7
10118,417,56,7,9
10119,418,658,7,6
10120,418,697,5,6
10121,418,786,8,8
10122,418,249,9,9
10123,418,893,7,7
10124,418,509,5,8
10125,418,354,8,9
10126,418,205,9,10
10127,418,301,7,8
10128,418,767,8,8
10129,418,219,9,8
10130,418,432,5,9
10131,418,879,7,7
10132,418,164,8,7
10133,418,242,6,5
10134,418,261,4,7
10135,418,811,6,6
10136,418,931,8,8
10137,418,376,9,7
10138,418,680,9,9
10139,418,832,9,8
10140,418,884,8,7
10141,418,93,8,9
10142,418,87,8,10
10143,418,56,9,9
10144,419,658,5,5
10145,419,697,7,7
10146,419,786,7,7
10147,419,249,6,5
10148,419,893,6,6
10149,419,509,3,6
10150,419,354,8,8
10151,419,205,6,5
10152,419,301,5,7
10153,419,767,3,6
10154,419,219,7,6
10155,419,432,6,6
10156,419,879,5,5
10157,419,164,3,6
10158,419,242,3,4
10159,419,261,2,4
10160,419,811,4,5
10161,419,931,8,8
10162,419,376,3,2
10163,419,680,4,4
10164,419,832,7,8
10165,419,884,6,8
10166,419,93,7,7
10167,419,87,7,6
10168,419,56,4,3
10169,420,658,5,6
10170,420,697,6,7
10171,420,786,6,6
10172,420,249,6,8
10173,420,893,6,7
10174,420,509,7,6
10175,420,354,6,6
10176,420,205,7,7
10177,420,301,7,7
10178,420,767,5,5
10179,420,219,6,6
10180,420,432,5,5
10181,420,879,8,8
10182,420,164,5,4
10183,420,242,2,5
10184,420,261,8,6
10185,420,811,4,4
10186,420,931,4,7
10187,420,376,6,7
10188,420,680,5,5
10189,420,832,3,4
10190,420,884,4,3
10191,420,93,8,8
10192,420,87,5,6
10193,420,56,1,1
10194,421,658,6,9
10195,421,697,9,10
10196,421,786,9,10
10197,421,249,5,7
10198,421,893,9,7
10199,421,509,7,8
10200,421,354,10,10
10201,421,205,9,9
10202,421,301,8,8
10203,421,767,7,9
10204,421,219,5,6
10205,421,432,9,7
10206,421,879,9,9
10207,421,164,10,10
10208,421,242,6,9
10209,421,261,7,8
10210,421,811,8,8
10211,421,931,5,6
10212,421,376,5,8
10213,421,680,4,6
10214,421,832,8,8
10215,421,884,7,8
10216,421,93,9,7
10217,421,87,9,8
10218,421,56,5,6
10219,422,658,7,8
10220,422,697,6,9
10221,422,786,8,9
10222,422,249,10,7
10223,422,893,10,8
10224,422,509,3,4
10225,422,354,10,10
10226,422,205,9,9
10227,422,301,6,5
10228,422,767,9,7
10229,422,219,4,5
10230,422,432,7,8
10231,422,879,10,8
10232,422,164,7,7
10233,422,242,5,6
10234,422,261,9,8
10235,422,811,4,5
10236,422,931,10,10
10237,422,376,7,7
10238,422,680,2,4
10239,422,832,8,9
10240,422,884,7,8
10241,422,93,7,8
10242,422,87,5,5
10243,422,56,9,7
10244,423,658,5,6
10245,423,697,6,8
10246,423,786,9,9
10247,423,249,10,9
10248,423,893,8,10
10249,423,509,9,7
10250,423,354,8,10
10251,423,205,5,5
10252,423,301,6,4
10253,423,767,7,9
10254,423,219,6,7
10255,423,432,10,8
10256,423,879,8,7
10257,423,164,9,10
10258,423,242,4,7
10259,423,261,4,5
10260,423,811,9,7
10261,423,931,9,9
10262,423,376,5,6
10263,423,680,5,8
10264,423,832,10,8
10265,423,884,5,5
10266,423,93,7,6
10267,423,87,9,7
10268,423,56,9,8
10269,424,658,6,6
10270,424,697,10,10
10271,424,786,10,9
10272,424,249,9,8
10273,424,893,4,7
10274,424,509,4,5
10275,424,354,9,8
10276,424,205,7,6
10277,424,301,8,9
10278,424,767,5,9
10279,424,219,8,8
10280,424,432,9,9
10281,424,879,8,9
10282,424,164,10,7
10283,424,242,3,3
10284,424,261,9,10
10285,424,811,8,8
10286,424,931,9,10
10287,424,376,8,7
10288,424,680,5,7
10289,424,832,10,8
10290,424,884,5,8
10291,424,93,8,8
10292,424,87,8,8
10293,424,56,3,5
10294,425,658,8,9
10295,425,697,7,7
10296,425,786,7,9
10297,425,249,6,8
10298,425,893,6,8
10299,425,509,8,7
10300,425,354,7,7
10301,425,205,2,3
10302,425,301,8,7
10303,425,767,2,1
10304,425,219,6,7
10305,425,432,5,6
10306,425,879,7,7
10307,425,164,7,8
10308,425,242,3,6
10309,425,261,8,6
10310,425,811,4,4
10311,425,931,9,8
10312,425,376,6,7
10313,425,680,3,5
10314,425,832,4,5
10315,425,884,5,4
10316,425,93,1,1
10317,425,87,8,7
10318,425,56,8,6
10319,426,658,8,8
10320,426,697,7,7
10321,426,786,8,9
10322,426,249,8,7
10323,426,893,8,8
10324,426,509,5,6
10325,426,354,9,8
10326,426,205,8,9
10327,426,301,7,7
10328,426,767,8,9
10329,426,219,3,6
10330,426,432,5,6
10331,426,879,9,7
10332,426,164,7,6
10333,426,242,4,6
10334,426,261,6,7
10335,426,811,5,6
10336,426,931,5,6
10337,426,376,4,7
10338,426,680,4,7
10339,426,832,8,8
10340,426,884,4,5
10341,426,93,7,7
10342,426,87,6,8
10343,426,56,8,8
10344,427,658,8,8
10345,427,697,9,8
10346,427,786,8,8
10347,427,249,5,5
10348,427,893,7,8
10349,427,509,5,7
10350,427,354,10,8
10351,427,205,6,6
10352,427,301,10,8
10353,427,767,8,7
10354,427,219,7,9
10355,427,432,6,7
10356,427,879,9,9
10357,427,164,8,7
10358,427,242,9,10
10359,427,261,6,6
10360,427,811,6,7
10361,427,931,8,7
10362,427,376,6,5
10363,427,680,6,5
10364,427,832,6,7
10365,427,884,6,5
10366,427,93,6,7
10367,427,87,6,6
10368,427,56,10,7
10369,428,658,8,7
10370,428,697,9,7
10371,428,786,9,8
10372,428,249,8,8
10373,428,893,7,8
10374,428,509,7,8
10375,428,354,6,8
10376,428,205,4,5
10377,428,301,8,8
10378,428,767,4,5
10379,428,219,4,4
10380,428,432,3,3
10381,428,879,9,9
10382,428,164,7,7
10383,428,242,9,8
10384,428,261,9,8
10385,428,811,4,4
10386,428,931,9,8
10387,428,376,4,6
10388,428,680,9,7
10389,428,832,1,4
10390,428,884,7,9
10391,428,93,8,7
10392,428,87,7,6
10393,428,56,4,3
10394,429,658,10,9
10395,429,697,10,10
10396,429,786,8,9
10397,429,249,5,7
10398,429,893,9,8
10399,429,509,10,7
10400,429,354,10,9
10401,429,205,3,4
10402,429,301,5,8
10403,429,767,7,6
10404,429,219,7,9
10405,429,432,1,3
10406,429,879,8,9
10407,429,164,10,10
10408,429,242,9,9
10409,429,261,9,8
10410,429,811,7,9
10411,429,931,8,10
10412,429,376,5,8
10413,429,680,8,8
10414,429,832,8,10
10415,429,884,9,8
10416,429,93,9,7
10417,429,87,8,9
10418,429,56,9,9
10419,430,658,3,4
10420,430,697,7,8
10421,430,786,7,7
10422,430,249,6,8
10423,430,893,4,7
10424,430,509,6,5
10425,430,354,8,6
10426,430,205,4,4
10427,430,301,5,5
10428,430,767,5,6
10429,430,219,6,7
10430,430,432,3,6
10431,430,879,6,6
10432,430,164,7,7
10433,430,242,7,5
10434,430,261,8,8
10435,430,811,6,6
10436,430,931,6,6
10437,430,376,6,6
10438,430,680,4,4
10439,430,832,6,7
10440,430,884,5,5
10441,430,93,5,5
10442,430,87,5,6
10443,430,56,4,5
10444,431,658,3,6
10445,431,697,8,6
10446,431,786,7,6
10447,431,249,8,6
10448,431,893,5,6
10449,431,509,8,7
10450,431,354,8,6
10451,431,205,6,6
10452,431,301,2,5
10453,431,767,8,6
10454,431,219,5,5
10455,431,432,1,1
10456,431,879,7,6
10457,431,164,6,5
10458,431,242,6,6
10459,431,261,7,5
10460,431,811,6,5
10461,431,931,8,6
10462,431,376,4,4
10463,431,680,3,6
10464,431,832,2,6
10465,431,884,2,3
10466,431,93,3,4
10467,431,87,5,3
10468,431,56,3,4
10469,432,658,5,7
10470,432,697,7,6
10471,432,786,6,7
10472,432,249,6,7
10473,432,893,5,6
10474,432,509,7,8
10475,432,354,6,7
10476,432,205,6,7
10477,432,301,2,2
10478,432,767,5,5
10479,432,219,5,5
10480,432,432,6,7
10481,432,879,4,4
10482,432,164,5,7
10483,432,242,5,5
10484,432,261,4,3
10485,432,811,5,6
10486,432,931,8,7
10487,432,376,5,6
10488,432,680,8,7
10489,432,832,3,3
10490,432,884,4,6
10491,432,93,2,4
10492,432,87,5,6
10493,432,56,4,6
10494,433,658,9,8
10495,433,697,5,8
10496,433,786,9,8
10497,433,249,5,7
10498,433,893,9,7
10499,433,509,8,9
10500,433,354,10,10
10501,433,205,9,9
10502,433,301,9,8
10503,433,767,10,8
10504,433,219,9,9
10505,433,432,4,6
10506,433,879,9,8
10507,433,164,3,3
10508,433,242,3,2
10509,433,261,6,6
10510,433,811,3,3
10511,433,931,9,8
10512,433,376,4,6
10513,433,680,7,7
10514,433,832,6,6
10515,433,884,6,6
10516,433,93,7,7
10517,433,87,6,6
10518,433,56,7,9
10519,434,658,9,9
10520,434,697,8,9
10521,434,786,6,8
10522,434,249,7,8
10523,434,893,8,10
10524,434,509,4,3
10525,434,354,9,9
10526,434,205,9,9
10527,434,301,6,7
10528,434,767,9,8
10529,434,219,9,8
10530,434,432,9,8
10531,434,879,9,10
10532,434,164,8,9
10533,434,242,7,7
10534,434,261,1,2
10535,434,811,4,8
10536,434,931,9,8
10537,434,376,9,10
10538,434,680,9,9
10539,434,832,8,7
10540,434,884,5,9
10541,434,93,6,4
10542,434,87,9,10
10543,434,56,7,8
10544,435,658,6,7
10545,435,697,7,7
10546,435,786,6,7
10547,435,249,2,4
10548,435,893,3,7
10549,435,509,2,3
10550,435,354,8,6
10551,435,205,6,6
10552,435,301,7,7
10553,435,767,5,5
10554,435,219,6,6
10555,435,432,6,5
10556,435,879,8,7
10557,435,164,7,7
10558,435,242,5,6
10559,435,261,8,7
10560,435,811,7,6
10561,435,931,6,8
10562,435,376,6,7
10563,435,680,5,5
10564,435,832,3,6
10565,435,884,2,1
10566,435,93,6,7
10567,435,87,2,5
10568,435,56,4,4
10569,436,658,10,9
10570,436,697,9,10
10571,436,786,8,9
10572,436,249,5,8
10573,436,893,8,9
10574,436,509,7,5
10575,436,354,9,10
10576,436,205,9,9
10577,436,301,7,7
10578,436,767,9,9
10579,436,219,10,8
10580,436,432,7,7
10581,436,879,9,9
10582,436,164,6,6
10583,436,242,9,8
10584,436,261,9,9
10585,436,811,5,6
10586,436,931,8,10
10587,436,376,8,8
10588,436,680,9,7
10589,436,832,3,5
10590,436,884,9,10
10591,436,93,9,10
10592,436,87,8,9
10593,436,56,3,5
10594,437,658,7,6
10595,437,697,7,5
10596,437,786,8,8
10597,437,249,7,6
10598,437,893,6,5
10599,437,509,3,7
10600,437,354,7,6
10601,437,205,5,6
10602,437,301,5,7
10603,437,767,8,8
10604,437,219,8,6
10605,437,432,5,4
10606,437,879,6,7
10607,437,164,3,5
10608,437,242,5,7
10609,437,261,6,6
10610,437,811,3,7
10611,437,931,6,6
10612,437,376,6,5
10613,437,680,6,6
10614,437,832,7,5
10615,437,884,5,5
10616,437,93,2,3
10617,437,87,6,5
10618,437,56,4,4
10619,438,658,5,6
10620,438,697,10,8
10621,438,786,7,9
10622,438,249,10,8
10623,438,893,10,9
10624,438,509,5,8
10625,438,354,5,7
10626,438,205,8,9
10627,438,301,6,6
10628,438,767,8,9
10629,438,219,10,10
10630,438,432,8,9
10631,438,879,10,9
10632,438,164,9,7
10633,438,242,9,9
10634,438,261,10,10
10635,438,811,4,8
10636,438,931,9,8
10637,438,376,6,6
10638,438,680,9,8
10639,438,832,8,9
10640,438,884,6,8
10641,438,93,6,7
10642,438,87,6,7
10643,438,56,10,9
10644,439,658,6,8
10645,439,697,7,6
10646,439,786,7,9
10647,439,249,4,6
10648,439,893,9,6
10649,439,509,4,6
10650,439,354,10,9
10651,439,205,8,6
10652,439,301,3,6
10653,439,767,8,7
10654,439,219,6,7
10655,439,432,7,7
10656,439,879,9,9
10657,439,164,3,6
10658,439,242,5,6
10659,439,261,4,6
10660,439,811,4,6
10661,439,931,4,7
10662,439,376,6,7
10663,439,680,1,1
10664,439,832,7,6
10665,439,884,3,5
10666,439,93,6,6
10667,439,87,6,7
10668,439,56,8,8
10669,440,658,4,5
10670,440,697,8,9
10671,440,786,5,6
10672,440,249,8,8
10673,440,893,10,8
10674,440,509,5,5
10675,440,354,9,8
10676,440,205,9,9
10677,440,301,4,3
10678,440,767,4,7
10679,440,219,8,8
10680,440,432,9,8
10681,440,879,8,8
10682,440,164,6,7
10683,440,242,7,7
10684,440,261,7,9
10685,440,811,8,9
10686,440,931,7,6
10687,440,376,8,7
10688,440,680,5,6
10689,440,832,5,6
10690,440,884,8,10
10691,440,93,8,9
10692,440,87,8,9
10693,440,56,5,5
10694,441,658,5,5
10695,441,697,8,8
10696,441,786,4,5
10697,441,249,3,4
10698,441,893,8,6
10699,441,509,9,8
10700,441,354,9,8
10701,441,205,5,3
10702,441,301,5,5
10703,441,767,8,7
10704,441,219,8,8
10705,441,432,6,6
10706,441,879,4,8
10707,441,164,4,6
10708,441,242,6,6
10709,441,261,6,8
10710,441,811,8,7
10711,441,931,5,8
10712,441,376,7,7
10713,441,680,2,4
10714,441,832,7,8
10715,441,884,8,9
10716,441,93,8,7
10717,441,87,7,8
10718,441,56,6,6
10719,442,658,5,6
10720,442,697,9,8
10721,442,786,6,7
10722,442,249,5,6
10723,442,893,9,7
10724,442,509,10,8
10725,442,354,8,7
10726,442,205,8,7
10727,442,301,8,8
10728,442,767,7,6
10729,442,219,8,10
10730,442,432,9,9
10731,442,879,6,6
10732,442,164,9,9
10733,442,242,8,9
10734,442,261,9,10
10735,442,811,8,9
10736,442,931,5,6
10737,442,376,9,8
10738,442,680,6,6
10739,442,832,10,10
10740,442,884,4,5
10741,442,93,6,6
10742,442,87,8,8
10743,442,56,5,7
10744,443,658,9,10
10745,443,697,7,9
10746,443,786,7,6
10747,443,249,4,7
10748,443,893,9,8
10749,443,509,4,8
10750,443,354,10,9
10751,443,205,9,10
10752,443,301,4,4
10753,443,767,6,8
10754,443,219,8,8
10755,443,432,5,5
10756,443,879,9,9
10757,443,164,8,8
10758,443,242,6,5
10759,443,261,9,9
10760,443,811,5,5
10761,443,931,5,8
10762,443,376,8,10
10763,443,680,3,3
10764,443,832,9,7
10765,443,884,9,10
10766,443,93,6,7
10767,443,87,10,9
10768,443,56,6,9
10769,444,658,7,7
10770,444,697,4,5
10771,444,786,5,8
10772,444,249,7,7
10773,444,893,7,7
10774,444,509,5,6
10775,444,354,7,8
10776,444,205,7,6
10777,444,301,7,6
10778,444,767,6,6
10779,444,219,7,8
10780,444,432,5,5
10781,444,879,7,8
10782,444,164,6,8
10783,444,242,8,7
10784,444,261,6,8
10785,444,811,5,7
10786,444,931,9,8
10787,444,376,9,8
10788,444,680,5,5
10789,444,832,8,7
10790,444,884,6,7
10791,444,93,3,2
10792,444,87,4,6
10793,444,56,5,5
10794,445,658,7,8
10795,445,697,4,5
10796,445,786,5,4
10797,445,249,5,6
10798,445,893,7,6
10799,445,509,2,3
10800,445,354,6,6
10801,445,205,4,7
10802,445,301,5,5
10803,445,767,5,7
10804,445,219,1,2
10805,445,432,1,2
10806,445,879,6,4
10807,445,164,6,5
10808,445,242,7,8
10809,445,261,5,6
10810,445,811,4,3
10811,445,931,5,6
10812,445,376,2,6
10813,445,680,5,5
10814,445,832,6,6
10815,445,884,5,7
10816,445,93,6,6
10817,445,87,5,5
10818,445,56,5,5
10819,446,658,8,7
10820,446,697,6,6
10821,446,786,4,6
10822,446,249,5,7
10823,446,893,6,7
10824,446,509,3,3
10825,446,354,6,8
10826,446,205,4,5
10827,446,301,6,8
10828,446,767,6,7
10829,446,219,1,4
10830,446,432,6,7
10831,446,879,4,7
10832,446,164,6,5
10833,446,242,5,4
10834,446,261,7,7
10835,446,811,2,6
10836,446,931,6,6
10837,446,376,2,3
10838,446,680,7,7
10839,446,832,3,3
10840,446,884,3,5
10841,446,93,7,6
10842,446,87,6,6
10843,446,56,4,6
10844,447,658,8,9
10845,447,697,8,9
10846,447,786,4,6
10847,447,249,9,8
10848,447,893,7,7
10849,447,509,4,6
10850,447,354,8,9
10851,447,205,8,7
10852,447,301,7,7
10853,447,767,6,6
10854,447,219,2,3
10855,447,432,8,7
10856,447,879,5,7
10857,447,164,8,9
10858,447,242,1,2
10859,447,261,9,8
10860,447,811,5,6
10861,447,931,9,8
10862,447,376,5,7
10863,447,680,4,7
10864,447,832,5,7
10865,447,884,7,8
10866,447,93,8,8
10867,447,87,8,6
10868,447,56,1,2
10869,448,658,7,5
10870,448,697,7,7
10871,448,786,3,7
10872,448,249,2,4
10873,448,893,7,6
10874,448,509,7,6
10875,448,354,7,8
10876,448,205,2,4
10877,448,301,8,6
10878,448,767,5,5
10879,448,219,7,6
10880,448,432,2,6
10881,448,879,7,8
10882,448,164,8,7
10883,448,242,7,5
10884,448,261,7,7
10885,448,811,4,6
10886,448,931,8,6
10887,448,376,3,6
10888,448,680,2,5
10889,448,832,6,5
10890,448,884,6,5
10891,448,93,3,6
10892,448,87,6,5
10893,448,56,7,7
10894,449,658,5,6
10895,449,697,5,4
10896,449,786,6,6
10897,449,249,6,6
10898,449,893,7,5
10899,449,509,8,6
10900,449,354,7,7
10901,449,205,5,5
10902,449,301,7,6
10903,449,767,5,7
10904,449,219,2,2
10905,449,432,1,1
10906,449,879,7,7
10907,449,164,7,5
10908,449,242,6,6
10909,449,261,4,4
10910,449,811,7,5
10911,449,931,7,7
10912,449,376,6,6
10913,449,680,5,4
10914,449,832,7,7
10915,449,884,4,6
10916,449,93,3,4
10917,449,87,5,6
10918,449,56,8,6
10919,450,658,9,8
10920,450,697,6,6
10921,450,786,6,6
10922,450,249,7,8
10923,450,893,9,8
10924,450,509,7,7
10925,450,354,8,10
10926,450,205,4,7
10927,450,301,10,9
10928,450,767,9,8
10929,450,219,7,8
10930,450,432,7,6
10931,450,879,9,9
10932,450,164,7,7
10933,450,242,7,8
10934,450,261,9,10
10935,450,811,7,8
10936,450,931,10,9
10937,450,376,8,8
10938,450,680,5,5
10939,450,832,6,6
10940,450,884,6,7
10941,450,93,6,7
10942,450,87,10,9
10943,450,56,7,9
10944,451,658,5,9
10945,451,697,7,7
10946,451,786,8,9
10947,451,249,9,10
10948,451,893,7,7
10949,451,509,8,10
10950,451,354,10,10
10951,451,205,1,3
10952,451,301,7,8
10953,451,767,7,7
10954,451,219,9,9
10955,451,432,9,9
10956,451,879,6,6
10957,451,164,8,8
10958,451,242,5,8
10959,451,261,5,7
10960,451,811,8,8
10961,451,931,6,6
10962,451,376,8,8
10963,451,680,3,3
10964,451,832,4,4
10965,451,884,9,9
10966,451,93,9,8
10967,451,87,8,8
10968,451,56,9,7
10969,452,658,6,7
10970,452,697,8,10
10971,452,786,6,6
10972,452,249,10,8
10973,452,893,9,9
10974,452,509,7,7
10975,452,354,9,8
10976,452,205,9,9
10977,452,301,7,9
10978,452,767,4,7
10979,452,219,7,9
10980,452,432,8,8
10981,452,879,5,8
10982,452,164,9,8
10983,452,242,7,8
10984,452,261,5,7
10985,452,811,7,7
10986,452,931,7,9
10987,452,376,4,5
10988,452,680,9,10
10989,452,832,10,10
10990,452,884,7,6
10991,452,93,9,7
10992,452,87,9,8
10993,452,56,7,5
10994,453,658,8,8
10995,453,697,9,9
10996,453,786,4,7
10997,453,249,6,8
10998,453,893,9,7
10999,453,509,4,5
11000,453,354,8,8
11001,453,205,9,7
11002,453,301,7,8
11003,453,767,8,8
11004,453,219,3,7
11005,453,432,8,6
11006,453,879,10,8
11007,453,164,7,7
11008,453,242,6,7
11009,453,261,5,5
11010,453,811,8,6
11011,453,931,5,5
11012,453,376,8,8
11013,453,680,9,9
11014,453,832,7,6
11015,453,884,7,9
11016,453,93,6,7
11017,453,87,7,7
11018,453,56,4,6
11019,454,658,4,6
11020,454,697,8,7
11021,454,786,5,6
11022,454,249,4,5
11023,454,893,8,7
11024,454,509,8,9
11025,454,354,8,7
11026,454,205,5,5
11027,454,301,7,7
11028,454,767,8,7
11029,454,219,1,3
11030,454,432,7,7
11031,454,879,10,8
11032,454,164,7,5
11033,454,242,1,4
11034,454,261,7,8
11035,454,811,9,9
11036,454,931,5,7
11037,454,376,8,7
11038,454,680,5,3
11039,454,832,7,6
11040,454,884,5,8
11041,454,93,4,5
11042,454,87,7,8
11043,454,56,4,6
11044,455,658,6,7
11045,455,697,6,6
11046,455,786,5,6
11047,455,249,3,5
11048,455,893,6,6
11049,455,509,7,5
11050,455,354,7,6
11051,455,205,8,6
11052,455,301,6,6
11053,455,767,6,6
11054,455,219,7,6
11055,455,432,6,6
11056,455,879,7,8
11057,455,164,7,6
11058,455,242,3,3
11059,455,261,6,5
11060,455,811,5,5
11061,455,931,3,6
11062,455,376,7,7
11063,455,680,5,5
11064,455,832,5,5
11065,455,884,4,6
11066,455,93,2,5
11067,455,87,6,7
11068,455,56,6,8
11069,456,658,7,6
11070,456,697,5,5
11071,456,786,8,8
11072,456,249,4,6
11073,456,893,6,6
11074,456,509,3,6
11075,456,354,8,8
11076,456,205,6,7
11077,456,301,1,4
11078,456,767,6,6
11079,456,219,7,7
11080,456,432,7,5
11081,456,879,8,7
11082,456,164,4,4
11083,456,242,2,3
11084,456,261,5,6
11085,456,811,6,6
11086,456,931,6,7
11087,456,376,3,7
11088,456,680,3,4
11089,456,832,7,8
11090,456,884,6,6
11091,456,93,4,6
11092,456,87,7,7
11093,456,56,6,6
11094,457,658,9,8
11095,457,697,8,8
11096,457,786,10,9
11097,457,249,4,6
11098,457,893,6,4
11099,457,509,5,5
11100,457,354,10,10
11101,457,205,9,7
11102,457,301,9,10
11103,457,767,6,7
11104,457,219,9,7
11105,457,432,4,6
11106,457,879,10,10
11107,457,164,9,9
11108,457,242,7,8
11109,457,261,9,8
11110,457,811,5,5
11111,457,931,9,7
11112,457,376,5,9
11113,457,680,2,3
11114,457,832,7,8
11115,457,884,9,9
11116,457,93,4,8
11117,457,87,9,8
11118,457,56,8,9
11119,458,658,6,7
11120,458,697,7,7
11121,458,786,6,5
11122,458,249,2,4
11123,458,893,1,1
11124,458,509,7,8
11125,458,354,6,7
11126,458,205,2,2
11127,458,301,7,7
11128,458,767,2,2
11129,458,219,8,7
11130,458,432,6,8
11131,458,879,6,6
11132,458,164,3,4
11133,458,242,2,3
11134,458,261,5,7
11135,458,811,6,7
11136,458,931,7,7
11137,458,376,5,7
11138,458,680,3,5
11139,458,832,7,8
11140,458,884,5,7
11141,458,93,2,6
11142,458,87,8,8
11143,458,56,8,6
11144,459,658,5,5
11145,459,697,6,8
11146,459,786,6,6
11147,459,249,2,6
11148,459,893,3,7
11149,459,509,6,6
11150,459,354,7,6
11151,459,205,4,4
11152,459,301,7,7
11153,459,767,8,7
11154,459,219,7,6
11155,459,432,2,2
11156,459,879,9,8
11157,459,164,3,5
11158,459,242,4,6
11159,459,261,3,3
11160,459,811,7,6
11161,459,931,8,8
11162,459,376,8,7
11163,459,680,8,7
11164,459,832,5,6
11165,459,884,5,6
11166,459,93,1,3
11167,459,87,7,6
11168,459,56,5,6
11169,460,97,6,7
11170,460,489,1,1
11171,460,567,1,2
11172,460,188,10,6
11173,460,286,4,4
11174,460,628,7,5
11175,460,313,8,8
11176,460,588,7,6
11177,460,145,3,7
11178,460,654,1,1
11179,460,236,6,5
11180,460,917,5,6
11181,460,79,1,1
11182,460,316,2,5
11183,460,565,1,1
11184,460,260,5,5
11185,460,550,1,1
11186,460,104,1,2
11187,460,472,6,8
11188,460,906,3,5
11189,460,469,1,1
11190,460,47,4,4
11191,460,871,1,1
11192,460,561,6,8
11193,460,657,8,8
11194,461,97,8,6
11195,461,489,1,1
11196,461,567,1,2
11197,461,188,8,7
11198,461,286,8,6
11199,461,628,7,5
11200,461,313,7,7
11201,461,588,6,8
11202,461,145,8,7
11203,461,654,5,4
11204,461,236,4,5
11205,461,917,5,7
11206,461,79,1,2
11207,461,316,7,5
11208,461,565,8,7
11209,461,260,6,6
11210,461,550,1,1
11211,461,104,3,5
11212,461,472,7,8
11213,461,906,3,3
11214,461,469,1,1
11215,461,47,7,5
11216,461,871,5,5
11217,461,561,3,4
11218,461,657,5,6
11219,462,97,7,9
11220,462,489,10,8
11221,462,567,2,4
11222,462,188,7,8
11223,462,286,9,9
11224,462,628,8,9
11225,462,313,5,7
11226,462,588,7,8
11227,462,145,10,9
11228,462,654,7,8
11229,462,236,9,8
11230,462,917,9,7
11231,462,79,2,3
11232,462,316,8,7
11233,462,565,10,10
11234,462,260,6,7
11235,462,550,9,9
11236,462,104,5,4
11237,462,472,6,6
11238,462,906,8,8
11239,462,469,6,5
11240,462,47,8,10
11241,462,871,7,9
11242,462,561,10,9
11243,462,657,9,9
11244,463,97,6,8
11245,463,489,8,7
11246,463,567,1,3
11247,463,188,9,7
11248,463,286,7,7
11249,463,628,6,7
11250,463,313,6,7
11251,463,588,8,9
11252,463,145,9,7
11253,463,654,5,8
11254,463,236,3,7
11255,463,917,5,7
11256,463,79,9,8
11257,463,316,3,3
11258,463,565,7,8
11259,463,260,8,9
11260,463,550,9,9
11261,463,104,9,8
11262,463,472,6,8
11263,463,906,7,7
11264,463,469,8,7
11265,463,47,5,6
11266,463,871,6,7
11267,463,561,6,6
11268,463,657,9,8
11269,464,97,5,4
11270,464,489,7,7
11271,464,567,1,1
11272,464,188,8,6
11273,464,286,6,6
11274,464,628,6,5
11275,464,313,7,6
11276,464,588,9,8
11277,464,145,8,6
11278,464,654,3,7
11279,464,236,3,4
11280,464,917,3,5
11281,464,79,2,5
11282,464,316,1,1
11283,464,565,8,8
11284,464,260,6,8
11285,464,550,3,3
11286,464,104,6,6
11287,464,472,6,6
11288,464,906,7,7
11289,464,469,8,8
11290,464,47,3,6
11291,464,871,7,7
11292,464,561,6,8
11293,464,657,7,6
11294,465,97,9,9
11295,465,489,8,8
11296,465,567,2,4
11297,465,188,10,9
11298,465,286,5,7
11299,465,628,5,7
11300,465,313,8,9
11301,465,588,10,10
11302,465,145,9,8
11303,465,654,7,8
11304,465,236,9,7
11305,465,917,5,5
11306,465,79,8,10
11307,465,316,8,9
11308,465,565,9,8
11309,465,260,9,8
11310,465,550,4,8
11311,465,104,4,5
11312,465,472,8,8
11313,465,906,6,4
11314,465,469,4,4
11315,465,47,6,6
11316,465,871,6,6
11317,465,561,7,9
11318,465,657,6,5
11319,466,97,5,7
11320,466,489,9,8
11321,466,567,3,4
11322,466,188,7,8
11323,466,286,4,3
11324,466,628,4,5
11325,466,313,4,7
11326,466,588,8,7
11327,466,145,8,9
11328,466,654,6,7
11329,466,236,9,9
11330,466,917,3,4
11331,466,79,8,9
11332,466,316,7,8
11333,466,565,9,8
11334,466,260,9,9
11335,466,550,7,8
11336,466,104,4,5
11337,466,472,6,8
11338,466,906,8,8
11339,466,469,6,6
11340,466,47,7,8
11341,466,871,5,7
11342,466,561,8,8
11343,466,657,4,4
11344,467,97,9,8
11345,467,489,9,8
11346,467,567,5,8
11347,467,188,6,8
11348,467,286,8,8
11349,467,628,8,8
11350,467,313,5,8
11351,467,588,9,9
11352,467,145,9,9
11353,467,654,6,7
11354,467,236,4,4
11355,467,917,4,8
11356,467,79,8,8
11357,467,316,9,6
11358,467,565,8,7
11359,467,260,10,9
11360,467,550,7,9
11361,467,104,5,8
11362,467,472,7,9
11363,467,906,8,8
11364,467,469,8,8
11365,467,47,7,7
11366,467,871,6,8
11367,467,561,7,9
11368,467,657,6,6
11369,468,97,6,6
11370,468,489,5,7
11371,468,567,3,5
11372,468,188,6,6
11373,468,286,8,7
11374,468,628,5,5
11375,468,313,5,7
11376,468,588,7,7
11377,468,145,7,6
11378,468,654,4,4
11379,468,236,4,5
11380,468,917,2,2
11381,468,79,2,4
11382,468,316,8,7
11383,468,565,8,6
11384,468,260,6,7
11385,468,550,5,7
11386,468,104,2,5
11387,468,472,8,7
11388,468,906,6,7
11389,468,469,7,5
11390,468,47,5,5
11391,468,871,5,7
11392,468,561,5,5
11393,468,657,4,6
11394,469,97,7,7
11395,469,489,7,7
11396,469,567,3,4
11397,469,188,6,5
11398,469,286,5,5
11399,469,628,1,2
11400,469,313,6,7
11401,469,588,4,4
11402,469,145,8,6
11403,469,654,7,8
11404,469,236,2,3
11405,469,917,7,7
11406,469,79,3,6
11407,469,316,5,5
11408,469,565,8,7
11409,469,260,7,7
11410,469,550,5,6
11411,469,104,3,5
11412,469,472,8,8
11413,469,906,6,7
11414,469,469,7,7
11415,469,47,6,5
11416,469,871,7,8
11417,469,561,6,7
11418,469,657,7,7
11419,470,97,10,9
11420,470,489,10,8
11421,470,567,10,10
11422,470,188,10,8
11423,470,286,4,5
11424,470,628,6,7
11425,470,313,8,9
11426,470,588,7,9
11427,470,145,8,9
11428,470,654,10,9
11429,470,236,7,7
11430,470,917,5,4
11431,470,79,8,9
11432,470,316,6,7
11433,470,565,7,6
11434,470,260,6,9
11435,470,550,9,9
11436,470,104,9,9
11437,470,472,10,10
11438,470,906,8,8
11439,470,469,9,7
11440,470,47,8,8
11441,470,871,8,7
11442,470,561,7,8
11443,470,657,8,9
11444,471,97,10,10
11445,471,489,7,9
11446,471,567,9,10
11447,471,188,9,10
11448,471,286,7,7
11449,471,628,2,5
11450,471,313,8,7
11451,471,588,10,10
11452,471,145,6,7
11453,471,654,10,10
11454,471,236,8,10
11455,471,917,9,10
11456,471,79,6,5
11457,471,316,5,8
11458,471,565,6,6
11459,471,260,8,10
11460,471,550,9,9
11461,471,104,5,6
11462,471,472,9,9
11463,471,906,6,8
11464,471,469,10,8
11465,471,47,7,7
11466,471,871,7,9
11467,471,561,6,5
11468,471,657,10,10
11469,472,97,8,7
11470,472,489,3,7
11471,472,567,6,6
11472,472,188,6,7
11473,472,286,5,5
11474,472,628,5,6
11475,472,313,3,5
11476,472,588,8,6
11477,472,145,6,8
11478,472,654,8,7
11479,472,236,7,6
11480,472,917,6,6
11481,472,79,3,3
11482,472,316,5,5
11483,472,565,3,5
11484,472,260,7,6
11485,472,550,2,4
11486,472,104,3,7
11487,472,472,8,6
11488,472,906,5,4
11489,472,469,6,6
11490,472,47,5,5
11491,472,871,1,4
11492,472,561,7,6
11493,472,657,7,5
11494,473,97,6,7
11495,473,489,8,8
11496,473,567,8,8
11497,473,188,8,7
11498,473,286,7,7
11499,473,628,4,7
11500,473,313,6,5
11501,473,588,7,6
11502,473,145,7,8
11503,473,654,6,7
11504,473,236,4,5
11505,473,917,7,6
11506,473,79,3,4
11507,473,316,5,6
11508,473,565,5,7
11509,473,260,6,5
11510,473,550,2,6
11511,473,104,5,6
11512,473,472,7,6
11513,473,906,5,4
11514,473,469,6,7
11515,473,47,7,6
11516,473,871,5,4
11517,473,561,2,5
11518,473,657,5,6
11519,474,97,8,7
11520,474,489,3,5
11521,474,567,9,7
11522,474,188,9,7
11523,474,286,6,7
11524,474,628,5,4
11525,474,313,9,7
11526,474,588,8,6
11527,474,145,8,7
11528,474,654,9,7
11529,474,236,6,6
11530,474,917,7,7
11531,474,79,8,7
11532,474,316,7,7
11533,474,565,8,8
11534,474,260,4,8
11535,474,550,4,7
11536,474,104,5,4
11537,474,472,8,9
11538,474,906,5,5
11539,474,469,7,8
11540,474,47,7,8
11541,474,871,3,7
11542,474,561,4,5
11543,474,657,6,7
11544,475,97,6,8
11545,475,489,4,6
11546,475,567,7,8
11547,475,188,9,9
11548,475,286,8,7
11549,475,628,7,8
11550,475,313,3,5
11551,475,588,6,8
11552,475,145,6,6
11553,475,654,9,9
11554,475,236,7,8
11555,475,917,6,7
11556,475,79,5,5
11557,475,316,8,8
11558,475,565,5,7
11559,475,260,5,7
11560,475,550,3,4
11561,475,104,6,8
11562,475,472,9,8
11563,475,906,6,8
11564,475,469,9,8
11565,475,47,6,6
11566,475,871,5,5
11567,475,561,7,8
11568,475,657,8,7
11569,476,97,4,7
11570,476,489,6,6
11571,476,567,7,8
11572,476,188,6,8
11573,476,286,8,7
11574,476,628,8,9
11575,476,313,6,6
11576,476,588,7,8
11577,476,145,7,9
11578,476,654,8,9
11579,476,236,3,7
11580,476,917,4,5
11581,476,79,4,5
11582,476,316,7,8
11583,476,565,4,5
11584,476,260,6,7
11585,476,550,7,9
11586,476,104,8,7
11587,476,472,8,9
11588,476,906,6,7
11589,476,469,6,6
11590,476,47,9,8
11591,476,871,9,8
11592,476,561,6,6
11593,476,657,7,7
11594,477,97,6,7
11595,477,489,7,8
11596,477,567,9,10
11597,477,188,10,9
11598,477,286,10,10
11599,477,628,10,9
11600,477,313,9,8
11601,477,588,10,9
11602,477,145,9,9
11603,477,654,4,5
11604,477,236,5,7
11605,477,917,7,7
11606,477,79,7,8
11607,477,316,8,7
11608,477,565,6,7
11609,477,260,5,8
11610,477,550,8,8
11611,477,104,9,9
11612,477,472,9,9
11613,477,906,2,4
11614,477,469,8,9
11615,477,47,6,6
11616,477,871,10,10
11617,477,561,8,8
11618,477,657,6,5
11619,478,97,5,6
11620,478,489,4,4
11621,478,567,6,7
11622,478,188,6,7
11623,478,286,5,7
11624,478,628,3,3
11625,478,313,8,6
11626,478,588,6,8
11627,478,145,3,6
11628,478,654,3,4
11629,478,236,7,8
11630,478,917,2,6
11631,478,79,4,6
11632,478,316,7,6
11633,478,565,4,5
11634,478,260,5,4
11635,478,550,5,7
11636,478,104,2,6
11637,478,472,8,6
11638,478,906,4,4
11639,478,469,7,5
11640,478,47,6,6
11641,478,871,7,6
11642,478,561,7,7
11643,478,657,5,6
11644,479,97,9,8
11645,479,489,6,7
11646,479,567,9,10
11647,479,188,8,9
11648,479,286,8,7
11649,479,628,7,8
11650,479,313,7,6
11651,479,588,9,9
11652,479,145,6,9
11653,479,654,10,10
11654,479,236,9,8
11655,479,917,4,7
11656,479,79,7,7
11657,479,316,9,9
11658,479,565,5,8
11659,479,260,10,8
11660,479,550,9,7
11661,479,104,6,8
11662,479,472,7,9
11663,479,906,8,8
11664,479,469,4,6
11665,479,47,7,9
11666,479,871,9,7
11667,479,561,8,8
11668,479,657,9,8
11669,480,97,9,10
11670,480,489,5,8
11671,480,567,9,7
11672,480,188,6,9
11673,480,286,5,6
11674,480,628,8,7
11675,480,313,6,7
11676,480,588,8,8
11677,480,145,10,8
11678,480,654,10,9
11679,480,236,7,6
11680,480,917,5,5
11681,480,79,10,9
11682,480,316,8,10
11683,480,565,6,7
11684,480,260,10,8
11685,480,550,9,7
11686,480,104,7,7
11687,480,472,8,10
11688,480,906,4,4
11689,480,469,7,8
11690,480,47,8,10
11691,480,871,9,9
11692,480,561,5,5
11693,480,657,4,8
11694,481,97,10,10
11695,481,489,6,6
11696,481,567,9,8
11697,481,188,8,7
11698,481,286,8,7
11699,481,628,8,8
11700,481,313,6,8
11701,481,588,10,8
11702,481,145,9,10
11703,481,654,8,9
11704,481,236,8,9
11705,481,917,6,9
11706,481,79,8,9
11707,481,316,10,9
11708,481,565,9,10
11709,481,260,9,9
11710,481,550,10,9
11711,481,104,5,7
11712,481,472,10,10
11713,481,906,9,8
11714,481,469,4,4
11715,481,47,8,10
11716,481,871,7,7
11717,481,561,4,7
11718,481,657,6,6
11719,482,97,6,8
11720,482,489,5,7
11721,482,567,9,8
11722,482,188,10,10
11723,482,286,7,7
11724,482,628,8,7
11725,482,313,6,8
11726,482,588,10,10
11727,482,145,9,10
11728,482,654,8,8
11729,482,236,9,9
11730,482,917,6,5
11731,482,79,8,7
11732,482,316,9,8
11733,482,565,10,8
11734,482,260,8,8
11735,482,550,8,10
11736,482,104,7,7
11737,482,472,8,10
11738,482,906,8,8
11739,482,469,4,5
11740,482,47,8,9
11741,482,871,9,9
11742,482,561,1,5
11743,482,657,6,6
11744,483,97,4,6
11745,483,489,5,5
11746,483,567,8,6
11747,483,188,6,4
11748,483,286,6,7
11749,483,628,5,6
11750,483,313,5,7
11751,483,588,7,7
11752,483,145,9,6
11753,483,654,6,8
11754,483,236,7,5
11755,483,917,6,7
11756,483,79,2,3
11757,483,316,1,1
11758,483,565,6,7
11759,483,260,8,6
11760,483,550,7,7
11761,483,104,7,5
11762,483,472,7,6
11763,483,906,6,6
11764,483,469,3,3
11765,483,47,6,6
11766,483,871,5,5
11767,483,561,4,7
11768,483,657,4,4
11769,484,97,5,5
11770,484,489,8,9
11771,484,567,7,8
11772,484,188,7,8
11773,484,286,7,7
11774,484,628,5,6
11775,484,313,8,7
11776,484,588,8,8
11777,484,145,7,9
11778,484,654,9,7
11779,484,236,7,7
11780,484,917,8,7
11781,484,79,5,7
11782,484,316,5,6
11783,484,565,8,8
11784,484,260,7,7
11785,484,550,5,7
11786,484,104,8,8
11787,484,472,7,7
11788,484,906,4,4
11789,484,469,3,6
11790,484,47,8,8
11791,484,871,7,7
11792,484,561,4,4
11793,484,657,3,5
11794,485,97,8,10
11795,485,489,7,9
11796,485,567,4,6
11797,485,188,10,9
11798,485,286,6,4
11799,485,628,8,9
11800,485,313,5,6
11801,485,588,10,9
11802,485,145,8,8
11803,485,654,10,10
11804,485,236,4,6
11805,485,917,6,7
11806,485,79,9,8
11807,485,316,9,9
11808,485,565,8,7
11809,485,260,8,9
11810,485,550,5,6
11811,485,104,6,6
11812,485,472,9,8
11813,485,906,8,10
11814,485,469,7,8
11815,485,47,10,10
11816,485,871,8,9
11817,485,561,6,7
11818,485,657,4,7
11819,486,97,8,8
11820,486,489,8,8
11821,486,567,4,8
11822,486,188,7,6
11823,486,286,6,7
11824,486,628,8,8
11825,486,313,7,6
11826,486,588,5,6
11827,486,145,4,8
11828,486,654,9,9
11829,486,236,8,9
11830,486,917,4,4
11831,486,79,7,7
11832,486,316,7,9
11833,486,565,4,6
11834,486,260,8,7
11835,486,550,9,7
11836,486,104,7,8
11837,486,472,6,5
11838,486,906,4,3
11839,486,469,9,7
11840,486,47,5,6
11841,486,871,8,6
11842,486,561,8,8
11843,486,657,6,6
11844,487,97,7,8
11845,487,489,6,6
11846,487,567,3,6
11847,487,188,7,7
11848,487,286,7,6
11849,487,628,7,5
11850,487,313,4,3
11851,487,588,3,7
11852,487,145,5,7
11853,487,654,8,7
11854,487,236,3,7
11855,487,917,6,8
11856,487,79,2,3
11857,487,316,8,8
11858,487,565,3,4
11859,487,260,6,7
11860,487,550,4,7
11861,487,104,7,6
11862,487,472,4,5
11863,487,906,7,6
11864,487,469,6,8
11865,487,47,6,7
11866,487,871,6,7
11867,487,561,6,5
11868,487,657,3,5
11869,488,97,8,9
11870,488,489,8,9
11871,488,567,5,8
11872,488,188,10,10
11873,488,286,3,4
11874,488,628,6,5
11875,488,313,10,10
11876,488,588,6,8
11877,488,145,8,6
11878,488,654,10,9
11879,488,236,5,7
11880,488,917,7,8
11881,488,79,8,8
11882,488,316,8,7
11883,488,565,8,8
11884,488,260,9,9
11885,488,550,5,6
11886,488,104,9,10
11887,488,472,9,9
11888,488,906,7,9
11889,488,469,7,7
11890,488,47,6,9
11891,488,871,7,9
11892,488,561,9,8
11893,488,657,6,7
11894,489,97,8,8
11895,489,489,7,8
11896,489,567,6,6
11897,489,188,4,5
11898,489,286,2,5
11899,489,628,8,6
11900,489,313,5,7
11901,489,588,6,6
11902,489,145,5,7
11903,489,654,8,7
11904,489,236,1,3
11905,489,917,6,7
11906,489,79,7,7
11907,489,316,8,7
11908,489,565,8,8
11909,489,260,3,7
11910,489,550,3,5
11911,489,104,6,7
11912,489,472,7,8
11913,489,906,5,6
11914,489,469,7,8
11915,489,47,3,5
11916,489,871,8,6
11917,489,561,6,7
11918,489,657,7,7
11919,490,97,8,9
11920,490,489,6,7
11921,490,567,9,8
11922,490,188,7,8
11923,490,286,4,5
11924,490,628,3,4
11925,490,313,9,8
11926,490,588,4,5
11927,490,145,9,9
11928,490,654,10,8
11929,490,236,8,7
11930,490,917,7,6
11931,490,79,6,6
11932,490,316,8,9
11933,490,565,6,8
11934,490,260,4,5
11935,490,550,5,6
11936,490,104,7,8
11937,490,472,7,9
11938,490,906,7,8
11939,490,469,8,7
11940,490,47,7,9
11941,490,871,7,6
11942,490,561,9,7
11943,490,657,7,7
11944,491,97,7,9
11945,491,489,4,4
11946,491,567,9,7
11947,491,188,5,7
11948,491,286,3,4
11949,491,628,8,7
11950,491,313,4,5
11951,491,588,6,7
11952,491,145,9,7
11953,491,654,8,8
11954,491,236,6,8
11955,491,917,7,7
11956,491,79,6,6
11957,491,316,8,9
11958,491,565,7,7
11959,491,260,8,8
11960,491,550,3,7
11961,491,104,7,8
11962,491,472,6,7
11963,491,906,8,6
11964,491,469,9,8
11965,491,47,2,4
11966,491,871,6,7
11967,491,561,8,8
11968,491,657,4,3
11969,492,97,7,6
11970,492,489,4,7
11971,492,567,5,4
11972,492,188,3,7
11973,492,286,7,5
11974,492,628,2,6
11975,492,313,4,4
11976,492,588,5,4
11977,492,145,8,7
11978,492,654,7,7
11979,492,236,7,7
11980,492,917,4,4
11981,492,79,8,6
11982,492,316,5,5
11983,492,565,7,8
11984,492,260,9,8
11985,492,550,7,6
11986,492,104,6,5
11987,492,472,8,7
11988,492,906,4,4
11989,492,469,6,5
11990,492,47,2,4
11991,492,871,5,5
11992,492,561,6,7
11993,492,657,7,7
11994,493,97,10,9
11995,493,489,7,9
11996,493,567,8,8
11997,493,188,9,8
11998,493,286,5,7
11999,493,628,4,5
12000,493,313,9,9
12001,493,588,9,7
12002,493,145,8,9
12003,493,654,9,10
12004,493,236,6,5
12005,493,917,9,9
12006,493,79,8,9
12007,493,316,8,7
12008,493,565,10,10
12009,493,260,10,8
12010,493,550,8,9
12011,493,104,7,5
12012,493,472,6,8
12013,493,906,4,7
12014,493,469,5,6
12015,493,47,9,9
12016,493,871,5,8
12017,493,561,9,8
12018,493,657,9,8
12019,494,97,9,10
12020,494,489,6,9
12021,494,567,8,8
12022,494,188,7,6
12023,494,286,5,7
12024,494,628,8,9
12025,494,313,10,8
12026,494,588,10,9
12027,494,145,5,7
12028,494,654,8,7
12029,494,236,9,7
12030,494,917,9,7
12031,494,79,9,9
12032,494,316,7,9
12033,494,565,6,9
12034,494,260,8,7
12035,494,550,7,8
12036,494,104,8,9
12037,494,472,6,8
12038,494,906,9,7
12039,494,469,8,7
12040,494,47,7,7
12041,494,871,10,10
12042,494,561,7,7
12043,494,657,5,6
12044,495,97,8,6
12045,495,489,4,6
12046,495,567,6,6
12047,495,188,7,6
12048,495,286,5,5
12049,495,628,5,5
12050,495,313,6,7
12051,495,588,8,6
12052,495,145,5,5
12053,495,654,6,6
12054,495,236,6,8
12055,495,917,6,7
12056,495,79,3,4
12057,495,316,7,5
12058,495,565,7,7
12059,495,260,7,7
12060,495,550,5,7
12061,495,104,8,6
12062,495,472,8,7
12063,495,906,7,8
12064,495,469,3,5
12065,495,47,3,4
12066,495,871,7,6
12067,495,561,6,7
12068,495,657,3,5
12069,496,97,10,9
12070,496,489,10,8
12071,496,567,7,7
12072,496,188,9,10
12073,496,286,7,6
12074,496,628,7,7
12075,496,313,6,6
12076,496,588,5,7
12077,496,145,5,8
12078,496,654,9,9
12079,496,236,6,7
12080,496,917,8,7
12081,496,79,8,8
12082,496,316,9,8
12083,496,565,5,7
12084,496,260,10,10
12085,496,550,8,8
12086,496,104,8,7
12087,496,472,5,8
12088,496,906,7,9
12089,496,469,9,7
12090,496,47,7,9
12091,496,871,9,7
12092,496,561,9,7
12093,496,657,8,8
12094,497,944,3,4
12095,497,843,6,7
12096,497,168,7,6
12097,497,409,1,1
12098,497,982,5,5
12099,497,587,6,6
12100,497,275,1,1
12101,497,862,3,4
12102,497,753,3,4
12103,497,826,7,8
12104,497,11,1,2
12105,497,215,7,8
12106,497,892,6,7
12107,497,914,1,1
12108,497,180,6,8
12109,497,607,4,3
12110,497,107,7,6
12111,497,836,8,6
12112,497,88,6,8
12113,497,718,6,6
12114,498,944,5,8
12115,498,843,9,9
12116,498,168,9,8
12117,498,409,10,9
12118,498,982,2,4
12119,498,587,9,7
12120,498,275,10,9
12121,498,862,10,9
12122,498,753,7,7
12123,498,826,9,9
12124,498,11,6,6
12125,498,215,10,9
12126,498,892,7,9
12127,498,914,6,5
12128,498,180,8,7
12129,498,607,8,7
12130,498,107,4,6
12131,498,836,8,9
12132,498,88,10,10
12133,498,718,9,10
12134,499,944,5,6
12135,499,843,3,7
12136,499,168,8,7
12137,499,409,8,7
12138,499,982,2,4
12139,499,587,5,4
12140,499,275,8,7
12141,499,862,7,6
12142,499,753,7,8
12143,499,826,8,6
12144,499,11,7,6
12145,499,215,6,6
12146,499,892,6,5
12147,499,914,5,7
12148,499,180,4,6
12149,499,607,3,6
12150,499,107,7,6
12151,499,836,9,6
12152,499,88,6,8
12153,499,718,8,7
12154,500,944,3,6
12155,500,843,7,6
12156,500,168,3,3
12157,500,409,8,7
12158,500,982,5,6
12159,500,587,6,6
12160,500,275,7,7
12161,500,862,7,6
12162,500,753,6,7
12163,500,826,6,7
12164,500,11,7,6
12165,500,215,5,7
12166,500,892,6,6
12167,500,914,6,5
12168,500,180,5,6
12169,500,607,1,1
12170,500,107,8,6
12171,500,836,7,8
12172,500,88,6,8
12173,500,718,5,7
12174,501,944,9,9
12175,501,843,9,8
12176,501,168,7,8
12177,501,409,6,9
12178,501,982,4,5
12179,501,587,6,5
12180,501,275,8,7
12181,501,862,6,8
12182,501,753,9,10
12183,501,826,10,10
12184,501,11,9,7
12185,501,215,9,10
12186,501,892,8,9
12187,501,914,7,8
12188,501,180,7,8
12189,501,607,6,6
12190,501,107,8,7
12191,501,836,10,8
12192,501,88,9,7
12193,501,718,10,10
12194,502,944,9,9
12195,502,843,7,7
12196,502,168,9,9
12197,502,409,4,6
12198,502,982,5,4
12199,502,587,5,4
12200,502,275,7,7
12201,502,862,10,7
12202,502,753,6,6
12203,502,826,6,7
12204,502,11,8,8
12205,502,215,7,9
12206,502,892,4,7
12207,502,914,3,5
12208,502,180,4,6
12209,502,607,5,4
12210,502,107,6,8
12211,502,836,7,8
12212,502,88,8,7
12213,502,718,7,6
12214,503,944,9,8
12215,503,843,9,7
12216,503,168,9,9
12217,503,409,4,5
12218,503,982,3,7
12219,503,587,6,6
12220,503,275,6,7
12221,503,862,9,7
12222,503,753,8,8
12223,503,826,8,9
12224,503,11,7,7
12225,503,215,5,7
12226,503,892,1,2
12227,503,914,4,7
12228,503,180,4,8
12229,503,607,5,6
12230,503,107,6,7
12231,503,836,10,7
12232,503,88,10,8
12233,503,718,7,7
12234,504,944,6,6
12235,504,843,6,6
12236,504,168,8,6
12237,504,409,3,6
12238,504,982,5,7
12239,504,587,6,6
12240,504,275,5,5
12241,504,862,5,6
12242,504,753,6,8
12243,504,826,7,8
12244,504,11,2,4
12245,504,215,3,5
12246,504,892,7,6
12247,504,914,3,5
12248,504,180,3,3
12249,504,607,3,3
12250,504,107,7,7
12251,504,836,6,8
12252,504,88,7,6
12253,504,718,6,6
12254,505,944,5,5
12255,505,843,6,8
12256,505,168,3,6
12257,505,409,7,6
12258,505,982,6,6
12259,505,587,1,3
12260,505,275,2,6
12261,505,862,8,7
12262,505,753,6,8
12263,505,826,8,7
12264,505,11,6,7
12265,505,215,5,5
12266,505,892,7,7
12267,505,914,7,6
12268,505,180,4,7
12269,505,607,4,6
12270,505,107,6,7
12271,505,836,7,6
12272,505,88,7,5
12273,505,718,7,7
12274,506,944,8,9
12275,506,843,10,10
12276,506,168,7,7
12277,506,409,5,5
12278,506,982,9,9
12279,506,587,9,8
12280,506,275,7,9
12281,506,862,10,10
12282,506,753,8,8
12283,506,826,9,9
12284,506,11,8,8
12285,506,215,10,8
12286,506,892,7,7
12287,506,914,10,10
12288,506,180,8,10
12289,506,607,5,7
12290,506,107,10,8
12291,506,836,7,8
12292,506,88,6,8
12293,506,718,5,8
12294,507,944,4,5
12295,507,843,7,6
12296,507,168,5,7
12297,507,409,6,8
12298,507,982,5,6
12299,507,587,5,6
12300,507,275,6,6
12301,507,862,7,7
12302,507,753,2,5
12303,507,826,8,8
12304,507,11,5,5
12305,507,215,6,6
12306,507,892,8,7
12307,507,914,5,5
12308,507,180,6,6
12309,507,607,5,6
12310,507,107,7,8
12311,507,836,4,6
12312,507,88,4,7
12313,507,718,7,8
12314,508,944,5,5
12315,508,843,7,8
12316,508,168,5,5
12317,508,409,6,8
12318,508,982,8,6
12319,508,587,4,5
12320,508,275,5,4
12321,508,862,8,8
12322,508,753,6,5
12323,508,826,7,6
12324,508,11,5,6
12325,508,215,6,7
12326,508,892,7,7
12327,508,914,7,6
12328,508,180,3,4
12329,508,607,3,3
12330,508,107,6,6
12331,508,836,4,5
12332,508,88,8,8
12333,508,718,7,8
12334,509,944,6,7
12335,509,843,10,8
12336,509,168,6,6
12337,509,409,8,9
12338,509,982,6,6
12339,509,587,6,6
12340,509,275,5,7
12341,509,862,10,10
12342,509,753,9,7
12343,509,826,10,8
12344,509,11,8,7
12345,509,215,10,10
12346,509,892,8,9
12347,509,914,9,8
12348,509,180,6,7
12349,509,607,10,10
12350,509,107,7,9
12351,509,836,10,8
12352,509,88,7,6
12353,509,718,9,8
12354,510,944,8,9
12355,510,843,9,8
12356,510,168,6,6
12357,510,409,9,9
12358,510,982,8,7
12359,510,587,8,7
12360,510,275,5,7
12361,510,862,7,8
12362,510,753,6,7
12363,510,826,9,8
12364,510,11,8,6
12365,510,215,6,7
12366,510,892,4,6
12367,510,914,4,5
12368,510,180,5,6
12369,510,607,8,8
12370,510,107,4,5
12371,510,836,4,8
12372,510,88,6,6
12373,510,718,9,7
12374,511,944,7,6
12375,511,843,8,8
12376,511,168,8,10
12377,511,409,9,8
12378,511,982,7,9
12379,511,587,9,9
12380,511,275,5,6
12381,511,862,10,10
12382,511,753,9,7
12383,511,826,9,9
12384,511,11,9,7
12385,511,215,10,10
12386,511,892,4,7
12387,511,914,5,6
12388,511,180,8,8
12389,511,607,4,8
12390,511,107,1,3
12391,511,836,7,8
12392,511,88,9,8
12393,511,718,5,6
12394,512,944,5,9
12395,512,843,5,8
12396,512,168,8,8
12397,512,409,8,8
12398,512,982,8,9
12399,512,587,9,8
12400,512,275,8,7
12401,512,862,6,7
12402,512,753,8,8
12403,512,826,8,10
12404,512,11,10,9
12405,512,215,7,8
12406,512,892,7,8
12407,512,914,8,10
12408,512,180,9,9
12409,512,607,5,7
12410,512,107,9,9
12411,512,836,5,9
12412,512,88,9,8
12413,512,718,5,9
12414,513,944,7,9
12415,513,843,6,8
12416,513,168,6,6
12417,513,409,8,7
12418,513,982,7,7
12419,513,587,9,8
12420,513,275,8,9
12421,513,862,4,7
12422,513,753,8,8
12423,513,826,8,8
12424,513,11,8,8
12425,513,215,7,8
12426,513,892,8,8
12427,513,914,5,5
12428,513,180,7,8
12429,513,607,5,6
12430,513,107,8,7
12431,513,836,9,7
12432,513,88,7,9
12433,513,718,5,8
12434,514,944,6,5
12435,514,843,5,6
12436,514,168,3,7
12437,514,409,7,6
12438,514,982,6,6
12439,514,587,1,3
12440,514,275,6,7
12441,514,862,4,7
12442,514,753,5,5
12443,514,826,4,7
12444,514,11,8,8
12445,514,215,6,7
12446,514,892,4,7
12447,514,914,7,7
12448,514,180,8,8
12449,514,607,4,4
12450,514,107,2,3
12451,514,836,8,8
12452,514,88,5,7
12453,514,718,3,4
12454,515,944,7,8
12455,515,843,5,8
12456,515,168,5,8
12457,515,409,9,9
12458,515,982,5,6
12459,515,587,5,6
12460,515,275,7,7
12461,515,862,5,6
12462,515,753,2,1
12463,515,826,4,7
12464,515,11,7,6
12465,515,215,8,7
12466,515,892,6,7
12467,515,914,10,8
12468,515,180,5,3
12469,515,607,6,6
12470,515,107,6,8
12471,515,836,7,6
12472,515,88,8,7
12473,515,718,8,7
12474,516,944,4,7
12475,516,843,10,9
12476,516,168,7,7
12477,516,409,6,7
12478,516,982,8,10
12479,516,587,8,7
12480,516,275,5,6
12481,516,862,10,10
12482,516,753,8,9
12483,516,826,10,10
12484,516,11,4,6
12485,516,215,9,9
12486,516,892,8,9
12487,516,914,7,9
12488,516,180,5,8
12489,516,607,7,9
12490,516,107,9,8
12491,516,836,10,8
12492,516,88,9,8
12493,516,718,10,8
12494,517,944,6,7
12495,517,843,10,10
12496,517,168,7,8
12497,517,409,10,10
12498,517,982,8,10
12499,517,587,9,8
12500,517,275,5,6
12501,517,862,8,10
12502,517,753,10,10
12503,517,826,5,9
12504,517,11,9,8
12505,517,215,8,8
12506,517,892,8,9
12507,517,914,9,8
12508,517,180,9,9
12509,517,607,10,10
12510,517,107,8,8
12511,517,836,7,7
12512,517,88,6,6
12513,517,718,10,9
12514,518,944,8,8
12515,518,843,5,9
12516,518,168,6,6
12517,518,409,9,9
12518,518,982,6,8
12519,518,587,8,9
12520,518,275,4,6
12521,518,862,10,9
12522,518,753,8,8
12523,518,826,7,6
12524,518,11,3,2
12525,518,215,8,9
12526,518,892,8,8
12527,518,914,7,5
12528,518,180,1,5
12529,518,607,8,8
12530,518,107,7,7
12531,518,836,5,8
12532,518,88,8,9
12533,518,718,10,9
12534,519,944,3,6
12535,519,843,6,7
12536,519,168,4,7
12537,519,409,8,8
12538,519,982,7,6
12539,519,587,6,5
12540,519,275,6,6
12541,519,862,7,7
12542,519,753,2,5
12543,519,826,6,5
12544,519,11,5,7
12545,519,215,6,8
12546,519,892,5,6
12547,519,914,2,5
12548,519,180,8,7
12549,519,607,5,7
12550,519,107,4,3
12551,519,836,3,6
12552,519,88,7,8
12553,519,718,7,6
12554,520,944,6,5
12555,520,843,9,9
12556,520,168,7,7
12557,520,409,10,9
12558,520,982,4,5
12559,520,587,7,7
12560,520,275,8,8
12561,520,862,10,9
12562,520,753,5,6
12563,520,826,4,6
12564,520,11,4,5
12565,520,215,4,8
12566,520,892,5,5
12567,520,914,3,5
12568,520,180,8,8
12569,520,607,6,7
12570,520,107,6,7
12571,520,836,6,6
12572,520,88,8,8
12573,520,718,7,8
12574,521,944,6,7
12575,521,843,5,8
12576,521,168,10,8
12577,521,409,10,10
12578,521,982,10,10
12579,521,587,10,9
12580,521,275,8,8
12581,521,862,8,9
12582,521,753,9,7
12583,521,826,5,9
12584,521,11,6,8
12585,521,215,7,9
12586,521,892,6,7
12587,521,914,9,7
12588,521,180,7,7
12589,521,607,10,9
12590,521,107,8,10
12591,521,836,7,6
12592,521,88,10,8
12593,521,718,8,10
12594,522,944,6,6
12595,522,843,6,9
12596,522,168,10,8
12597,522,409,10,9
12598,522,982,9,8
12599,522,587,10,8
12600,522,275,8,7
12601,522,862,9,9
12602,522,753,7,9
12603,522,826,9,10
12604,522,11,5,8
12605,522,215,6,8
12606,522,892,9,9
12607,522,914,10,8
12608,522,180,8,8
12609,522,607,4,5
12610,522,107,9,8
12611,522,836,9,8
12612,522,88,9,9
12613,522,718,8,8
12614,523,944,10,10
12615,523,843,7,9
12616,523,168,5,6
12617,523,409,10,9
12618,523,982,9,9
12619,523,587,4,7
12620,523,275,7,9
12621,523,862,6,5
12622,523,753,9,7
12623,523,826,9,10
12624,523,11,10,10
12625,523,215,8,9
12626,523,892,9,7
12627,523,914,6,9
12628,523,180,6,7
12629,523,607,6,8
12630,523,107,8,10
12631,523,836,10,9
12632,523,88,8,8
12633,523,718,10,9
12634,524,944,9,10
12635,524,843,9,8
12636,524,168,7,6
12637,524,409,10,10
12638,524,982,8,7
12639,524,587,7,8
12640,524,275,9,9
12641,524,862,9,10
12642,524,753,8,9
12643,524,826,10,10
12644,524,11,9,10
12645,524,215,10,9
12646,524,892,6,8
12647,524,914,9,7
12648,524,180,10,8
12649,524,607,3,5
12650,524,107,7,9
12651,524,836,6,9
12652,524,88,7,8
12653,524,718,9,8
12654,525,944,9,8
12655,525,843,8,9
12656,525,168,7,7
12657,525,409,10,8
12658,525,982,10,8
12659,525,587,4,6
12660,525,275,9,9
12661,525,862,9,10
12662,525,753,4,6
12663,525,826,8,10
12664,525,11,9,9
12665,525,215,10,10
12666,525,892,7,7
12667,525,914,6,6
12668,525,180,4,5
12669,525,607,4,8
12670,525,107,9,9
12671,525,836,8,8
12672,525,88,8,9
12673,525,718,9,8
12674,526,944,6,8
12675,526,843,10,8
12676,526,168,7,9
12677,526,409,9,8
12678,526,982,7,8
12679,526,587,8,6
12680,526,275,10,9
12681,526,862,10,10
12682,526,753,7,7
12683,526,826,8,8
12684,526,11,6,8
12685,526,215,7,7
12686,526,892,9,9
12687,526,914,4,8
12688,526,180,7,7
12689,526,607,3,4
12690,526,107,8,7
12691,526,836,8,10
12692,526,88,10,8
12693,526,718,10,10
12694,527,944,6,6
12695,527,843,5,5
12696,527,168,4,4
12697,527,409,7,8
12698,527,982,5,6
12699,527,587,7,6
12700,527,275,1,1
12701,527,862,8,8
12702,527,753,5,7
12703,527,826,3,7
12704,527,11,5,6
12705,527,215,7,6
12706,527,892,6,8
12707,527,914,1,4
12708,527,180,5,7
12709,527,607,5,5
12710,527,107,6,7
12711,527,836,6,7
12712,527,88,3,7
12713,527,718,7,7
12714,528,944,9,8
12715,528,843,5,7
12716,528,168,7,8
12717,528,409,9,9
12718,528,982,10,9
12719,528,587,9,7
12720,528,275,4,7
12721,528,862,10,9
12722,528,753,10,8
12723,528,826,8,9
12724,528,11,7,9
12725,528,215,8,10
12726,528,892,4,7
12727,528,914,9,9
12728,528,180,10,10
12729,528,607,7,9
12730,528,107,9,10
12731,528,836,4,7
12732,528,88,9,8
12733,528,718,10,8
12734,529,944,8,9
12735,529,843,5,4
12736,529,168,6,5
12737,529,409,8,8
12738,529,982,6,7
12739,529,587,5,5
12740,529,275,3,4
12741,529,862,9,9
12742,529,753,8,9
12743,529,826,5,8
12744,529,11,6,7
12745,529,215,9,8
12746,529,892,8,7
12747,529,914,7,8
12748,529,180,6,7
12749,529,607,5,3
12750,529,107,4,7
12751,529,836,9,9
12752,529,88,7,7
12753,529,718,7,7
12754,530,944,8,7
12755,530,843,6,6
12756,530,168,6,7
12757,530,409,10,6
12758,530,982,9,7
12759,530,587,7,8
12760,530,275,5,6
12761,530,862,8,8
12762,530,753,3,6
12763,530,826,4,5
12764,530,11,9,8
12765,530,215,9,9
12766,530,892,8,8
12767,530,914,6,6
12768,530,180,7,6
12769,530,607,6,8
12770,530,107,3,5
12771,530,836,7,8
12772,530,88,9,9
12773,530,718,4,4
12774,531,944,3,6
12775,531,843,4,4
12776,531,168,6,6
12777,531,409,8,6
12778,531,982,8,7
12779,531,587,3,4
12780,531,275,4,3
12781,531,862,6,7
12782,531,753,5,4
12783,531,826,7,8
12784,531,11,2,6
12785,531,215,6,6
12786,531,892,5,5
12787,531,914,3,6
12788,531,180,7,8
12789,531,607,6,6
12790,531,107,3,3
12791,531,836,6,8
12792,531,88,5,5
12793,531,718,2,3
12794,532,944,5,4
12795,532,843,4,5
12796,532,168,7,8
12797,532,409,7,7
12798,532,982,5,3
12799,532,587,6,7
12800,532,275,3,3
12801,532,862,8,7
12802,532,753,5,5
12803,532,826,6,7
12804,532,11,5,4
12805,532,215,8,6
12806,532,892,3,4
12807,532,914,5,3
12808,532,180,5,5
12809,532,607,7,8
12810,532,107,2,4
12811,532,836,3,5
12812,532,88,7,7
12813,532,718,7,8
12814,533,944,6,7
12815,533,843,5,4
12816,533,168,7,8
12817,533,409,6,7
12818,533,982,7,7
12819,533,587,7,5
12820,533,275,4,4
12821,533,862,5,6
12822,533,753,7,5
12823,533,826,5,5
12824,533,11,7,5
12825,533,215,7,8
12826,533,892,4,3
12827,533,914,5,5
12828,533,180,7,7
12829,533,607,3,3
12830,533,107,6,6
12831,533,836,7,8
12832,533,88,4,4
12833,533,718,7,7
12834,534,944,7,5
12835,534,843,5,4
12836,534,168,7,8
12837,534,409,8,6
12838,534,982,5,6
12839,534,587,5,6
12840,534,275,4,5
12841,534,862,6,5
12842,534,753,3,3
12843,534,826,4,4
12844,534,11,7,5
12845,534,215,8,7
12846,534,892,7,6
12847,534,914,5,7
12848,534,180,5,5
12849,534,607,2,4
12850,534,107,5,6
12851,534,836,6,8
12852,534,88,3,4
12853,534,718,8,7
12854,535,944,6,7
12855,535,843,8,6
12856,535,168,2,3
12857,535,409,4,4
12858,535,982,1,1
12859,535,587,4,7
12860,535,275,5,5
12861,535,862,7,7
12862,535,753,5,5
12863,535,826,8,7
12864,535,11,6,7
12865,535,215,8,6
12866,535,892,7,7
12867,535,914,7,7
12868,535,180,7,7
12869,535,607,2,3
12870,535,107,6,7
12871,535,836,6,7
12872,535,88,6,6
12873,535,718,7,6
12874,536,944,6,7
12875,536,843,6,7
12876,536,168,3,6
12877,536,409,4,5
12878,536,982,6,7
12879,536,587,5,6
12880,536,275,6,5
12881,536,862,6,7
12882,536,753,4,3
12883,536,826,8,6
12884,536,11,1,2
12885,536,215,5,6
12886,536,892,8,6
12887,536,914,2,4
12888,536,180,6,5
12889,536,607,2,3
12890,536,107,5,5
12891,536,836,6,7
12892,536,88,7,7
12893,536,718,7,5
12894,537,944,9,9
12895,537,843,4,7
12896,537,168,6,8
12897,537,409,6,6
12898,537,982,8,8
12899,537,587,8,8
12900,537,275,6,7
12901,537,862,10,7
12902,537,753,6,8
12903,537,826,7,6
12904,537,11,7,8
12905,537,215,5,6
12906,537,892,7,7
12907,537,914,8,8
12908,537,180,7,6
12909,537,607,1,2
12910,537,107,4,4
12911,537,836,9,8
12912,537,88,4,7
12913,537,718,9,7
12914,538,944,6,8
12915,538,843,9,9
12916,538,168,4,8
12917,538,409,5,7
12918,538,982,8,8
12919,538,587,9,6
12920,538,275,4,7
12921,538,862,7,8
12922,538,753,6,7
12923,538,826,9,9
12924,538,11,7,9
12925,538,215,10,7
12926,538,892,6,7
12927,538,914,6,8
12928,538,180,4,6
12929,538,607,8,7
12930,538,107,5,4
12931,538,836,7,7
12932,538,88,7,7
12933,538,718,9,9
12934,539,944,6,6
12935,539,843,8,6
12936,539,168,4,7
12937,539,409,5,4
12938,539,982,3,5
12939,539,587,5,7
12940,539,275,6,5
12941,539,862,7,7
12942,539,753,2,5
12943,539,826,3,5
12944,539,11,5,7
12945,539,215,8,6
12946,539,892,5,7
12947,539,914,6,6
12948,539,180,1,3
12949,539,607,7,5
12950,539,107,5,5
12951,539,836,7,8
12952,539,88,6,7
12953,539,718,6,8
12954,540,944,8,7
12955,540,843,4,5
12956,540,168,5,6
12957,540,409,6,6
12958,540,982,6,5
12959,540,587,8,7
12960,540,275,8,8
12961,540,862,6,6
12962,540,753,2,3
12963,540,826,5,7
12964,540,11,5,6
12965,540,215,5,7
12966,540,892,8,6
12967,540,914,4,3
12968,540,180,7,6
12969,540,607,5,5
12970,540,107,6,6
12971,540,836,3,7
12972,540,88,5,7
12973,540,718,6,7
12974,541,944,5,9
12975,541,843,8,9
12976,541,168,6,9
12977,541,409,10,8
12978,541,982,8,9
12979,541,587,10,9
12980,541,275,7,9
12981,541,862,6,7
12982,541,753,9,7
12983,541,826,5,7
12984,541,11,9,9
12985,541,215,6,9
12986,541,892,8,8
12987,541,914,6,5
12988,541,180,8,10
12989,541,607,5,6
12990,541,107,8,9
12991,541,836,8,8
12992,541,88,9,8
12993,541,718,6,5
12994,542,866,2,3
12995,542,406,6,7
12996,542,731,1,2
12997,542,380,1,1
12998,542,976,3,6
12999,542,590,6,7
13000,542,715,2,6
13001,542,342,3,2
13002,542,258,1,1
13003,542,18,8,6
13004,542,943,1,1
13005,542,996,6,7
13006,542,38,1,1
13007,542,206,7,5
13008,542,100,4,3
13009,542,831,6,5
13010,542,664,1,1
13011,542,66,1,1
13012,542,77,1,2
13013,542,89,6,8
13014,542,897,1,2
13015,542,726,5,6
13016,542,849,6,6
13017,542,30,4,4
13018,542,809,5,7
13019,543,866,3,6
13020,543,406,6,6
13021,543,731,3,5
13022,543,380,3,6
13023,543,976,6,6
13024,543,590,7,5
13025,543,715,4,4
13026,543,342,7,7
13027,543,258,3,7
13028,543,18,7,6
13029,543,943,8,7
13030,543,996,7,7
13031,543,38,7,6
13032,543,206,6,8
13033,543,100,7,6
13034,543,831,4,7
13035,543,664,1,1
13036,543,66,1,2
13037,543,77,7,5
13038,543,89,8,6
13039,543,897,7,8
13040,543,726,6,7
13041,543,849,7,6
13042,543,30,6,7
13043,543,809,2,4
13044,544,866,3,7
13045,544,406,8,6
13046,544,731,3,4
13047,544,380,4,5
13048,544,976,7,6
13049,544,590,6,6
13050,544,715,4,7
13051,544,342,7,8
13052,544,258,2,5
13053,544,18,7,6
13054,544,943,8,8
13055,544,996,6,5
13056,544,38,1,2
13057,544,206,7,5
13058,544,100,4,5
13059,544,831,6,7
13060,544,664,4,5
13061,544,66,1,1
13062,544,77,7,7
13063,544,89,8,8
13064,544,897,8,6
13065,544,726,2,5
13066,544,849,7,5
13067,544,30,7,6
13068,544,809,8,6
13069,545,866,5,6
13070,545,406,8,10
13071,545,731,5,9
13072,545,380,4,8
13073,545,976,10,10
13074,545,590,8,8
13075,545,715,4,7
13076,545,342,8,7
13077,545,258,7,9
13078,545,18,9,8
13079,545,943,9,10
13080,545,996,7,7
13081,545,38,4,5
13082,545,206,9,8
13083,545,100,7,6
13084,545,831,10,9
13085,545,664,7,7
13086,545,66,9,9
13087,545,77,9,10
13088,545,89,5,8
13089,545,897,7,7
13090,545,726,7,8
13091,545,849,9,10
13092,545,30,8,10
13093,545,809,9,10
13094,546,866,10,10
13095,546,406,9,10
13096,546,731,7,9
13097,546,380,6,5
13098,546,976,10,10
13099,546,590,7,7
13100,546,715,9,8
13101,546,342,5,5
13102,546,258,8,7
13103,546,18,6,9
13104,546,943,9,10
13105,546,996,6,7
13106,546,38,8,8
13107,546,206,9,10
13108,546,100,4,5
13109,546,831,7,8
13110,546,664,7,8
13111,546,66,10,10
13112,546,77,10,10
13113,546,89,5,6
13114,546,897,8,9
13115,546,726,7,7
13116,546,849,8,9
13117,546,30,8,8
13118,546,809,8,9
13119,547,866,8,8
13120,547,406,9,10
13121,547,731,5,8
13122,547,380,2,2
13123,547,976,9,10
13124,547,590,7,9
13125,547,715,9,10
13126,547,342,6,8
13127,547,258,7,7
13128,547,18,7,7
13129,547,943,7,7
13130,547,996,9,9
13131,547,38,9,9
13132,547,206,10,7
13133,547,100,10,10
13134,547,831,8,9
13135,547,664,7,9
13136,547,66,9,9
13137,547,77,5,5
13138,547,89,9,10
13139,547,897,9,7
13140,547,726,7,8
13141,547,849,9,8
13142,547,30,8,10
13143,547,809,8,9
13144,548,866,4,4
13145,548,406,7,6
13146,548,731,3,5
13147,548,380,5,7
13148,548,976,10,8
13149,548,590,7,6
13150,548,715,6,6
13151,548,342,5,7
13152,548,258,6,7
13153,548,18,4,6
13154,548,943,6,7
13155,548,996,6,8
13156,548,38,4,6
13157,548,206,7,7
13158,548,100,4,3
13159,548,831,5,6
13160,548,664,7,7
13161,548,66,7,8
13162,548,77,8,6
13163,548,89,8,7
13164,548,897,8,7
13165,548,726,4,5
13166,548,849,7,5
13167,548,30,7,7
13168,548,809,8,7
13169,549,866,5,7
13170,549,406,8,7
13171,549,731,7,7
13172,549,380,5,6
13173,549,976,8,7
13174,549,590,6,5
13175,549,715,6,6
13176,549,342,4,6
13177,549,258,6,5
13178,549,18,3,6
13179,549,943,7,7
13180,549,996,2,6
13181,549,38,7,5
13182,549,206,7,7
13183,549,100,3,6
13184,549,831,7,7
13185,549,664,3,2
13186,549,66,3,6
13187,549,77,7,6
13188,549,89,3,4
13189,549,897,8,7
13190,549,726,5,6
13191,549,849,6,6
13192,549,30,7,8
13193,549,809,8,6
13194,550,866,5,6
13195,550,406,10,10
13196,550,731,8,10
13197,550,380,5,7
13198,550,976,10,10
13199,550,590,7,8
13200,550,715,9,8
13201,550,342,5,8
13202,550,258,8,8
13203,550,18,6,7
13204,550,943,10,10
13205,550,996,7,6
13206,550,38,9,7
13207,550,206,8,8
13208,550,100,5,5
13209,550,831,6,9
13210,550,664,9,9
13211,550,66,8,8
13212,550,77,4,7
13213,550,89,10,10
13214,550,897,9,8
13215,550,726,7,9
13216,550,849,9,7
13217,550,30,9,8
13218,550,809,8,10
13219,551,866,6,7
13220,551,406,10,10
13221,551,731,8,9
13222,551,380,10,9
13223,551,976,7,9
13224,551,590,7,8
13225,551,715,9,8
13226,551,342,8,7
13227,551,258,9,8
13228,551,18,10,10
13229,551,943,10,8
13230,551,996,5,8
13231,551,38,8,8
13232,551,206,10,10
13233,551,100,5,7
13234,551,831,5,8
13235,551,664,10,10
13236,551,66,8,9
13237,551,77,7,6
13238,551,89,8,8
13239,551,897,9,9
13240,551,726,7,7
13241,551,849,9,9
13242,551,30,8,10
13243,551,809,8,8
13244,552,866,3,4
13245,552,406,8,8
13246,552,731,8,8
13247,552,380,7,7
13248,552,976,3,6
13249,552,590,5,4
13250,552,715,3,6
13251,552,342,3,5
13252,552,258,7,6
13253,552,18,5,4
13254,552,943,3,7
13255,552,996,6,5
13256,552,38,5,7
13257,552,206,7,7
13258,552,100,2,4
13259,552,831,5,5
13260,552,664,5,6
13261,552,66,7,7
13262,552,77,6,7
13263,552,89,5,5
13264,552,897,6,7
13265,552,726,7,6
13266,552,849,8,6
13267,552,30,7,7
13268,552,809,8,8
13269,553,866,7,8
13270,553,406,7,7
13271,553,731,8,8
13272,553,380,9,9
13273,553,976,10,9
13274,553,590,10,10
13275,553,715,9,10
13276,553,342,7,8
13277,553,258,6,5
13278,553,18,8,7
13279,553,943,7,6
13280,553,996,7,9
13281,553,38,8,10
13282,553,206,8,7
13283,553,100,9,9
13284,553,831,5,8
13285,553,664,9,7
13286,553,66,10,10
13287,553,77,8,10
13288,553,89,10,9
13289,553,897,8,10
13290,553,726,6,8
13291,553,849,6,5
13292,553,30,7,8
13293,553,809,8,9
13294,554,866,4,8
13295,554,406,9,8
13296,554,731,7,7
13297,554,380,7,8
13298,554,976,8,10
13299,554,590,8,9
13300,554,715,9,10
13301,554,342,8,7
13302,554,258,5,5
13303,554,18,8,6
13304,554,943,5,6
13305,554,996,8,10
13306,554,38,5,8
13307,554,206,9,9
13308,554,100,9,9
13309,554,831,9,7
13310,554,664,7,8
13311,554,66,9,9
13312,554,77,8,9
13313,554,89,9,7
13314,554,897,8,10
13315,554,726,7,6
13316,554,849,9,10
13317,554,30,10,10
13318,554,809,10,10
13319,555,866,5,7
13320,555,406,9,8
13321,555,731,6,9
13322,555,380,9,9
13323,555,976,10,9
13324,555,590,9,10
13325,555,715,8,9
13326,555,342,9,9
13327,555,258,7,8
13328,555,18,10,8
13329,555,943,10,8
13330,555,996,4,3
13331,555,38,7,7
13332,555,206,9,9
13333,555,100,9,9
13334,555,831,6,9
13335,555,664,8,9
13336,555,66,5,8
13337,555,77,8,7
13338,555,89,10,9
13339,555,897,7,8
13340,555,726,8,8
13341,555,849,8,9
13342,555,30,9,9
13343,555,809,8,9
13344,556,866,3,7
13345,556,406,7,8
13346,556,731,5,7
13347,556,380,5,7
13348,556,976,7,8
13349,556,590,5,7
13350,556,715,5,5
13351,556,342,5,6
13352,556,258,3,6
13353,556,18,7,5
13354,556,943,5,6
13355,556,996,2,3
13356,556,38,5,6
13357,556,206,7,5
13358,556,100,5,5
13359,556,831,2,5
13360,556,664,2,3
13361,556,66,4,4
13362,556,77,5,6
13363,556,89,8,7
13364,556,897,4,6
13365,556,726,4,4
13366,556,849,5,4
13367,556,30,7,6
13368,556,809,4,4
13369,557,866,8,10
13370,557,406,8,9
13371,557,731,6,7
13372,557,380,4,7
13373,557,976,8,9
13374,557,590,9,8
13375,557,715,9,10
13376,557,342,7,8
13377,557,258,6,6
13378,557,18,8,8
13379,557,943,6,9
13380,557,996,9,7
13381,557,38,9,8
13382,557,206,10,10
13383,557,100,5,7
13384,557,831,7,8
13385,557,664,3,3
13386,557,66,7,9
13387,557,77,10,9
13388,557,89,9,9
13389,557,897,10,8
13390,557,726,6,8
13391,557,849,4,6
13392,557,30,7,9
13393,557,809,6,6
13394,558,866,8,8
13395,558,406,5,8
13396,558,731,7,8
13397,558,380,7,8
13398,558,976,8,8
13399,558,590,5,7
13400,558,715,9,9
13401,558,342,4,6
13402,558,258,10,10
13403,558,18,6,9
13404,558,943,6,8
13405,558,996,5,6
13406,558,38,9,9
13407,558,206,8,9
13408,558,100,9,7
13409,558,831,8,7
13410,558,664,10,8
13411,558,66,6,7
13412,558,77,5,5
13413,558,89,10,8
13414,558,897,10,8
13415,558,726,9,8
13416,558,849,4,5
13417,558,30,10,10
13418,558,809,6,8
13419,559,866,9,7
13420,559,406,8,9
13421,559,731,4,5
13422,559,380,8,8
13423,559,976,8,9
13424,559,590,7,8
13425,559,715,4,5
13426,559,342,6,7
13427,559,258,6,7
13428,559,18,7,6
13429,559,943,6,7
13430,559,996,8,7
13431,559,38,1,2
13432,559,206,8,9
13433,559,100,4,5
13434,559,831,5,6
13435,559,664,7,7
13436,559,66,5,8
13437,559,77,9,9
13438,559,89,8,7
13439,559,897,8,9
13440,559,726,8,7
13441,559,849,6,7
13442,559,30,9,9
13443,559,809,6,8
13444,560,866,8,7
13445,560,406,7,6
13446,560,731,7,5
13447,560,380,7,6
13448,560,976,6,7
13449,560,590,4,4
13450,560,715,4,4
13451,560,342,6,5
13452,560,258,6,7
13453,560,18,7,8
13454,560,943,4,4
13455,560,996,2,5
13456,560,38,3,6
13457,560,206,6,6
13458,560,100,7,7
13459,560,831,3,3
13460,560,664,7,5
13461,560,66,3,4
13462,560,77,6,6
13463,560,89,7,7
13464,560,897,3,4
13465,560,726,5,6
13466,560,849,7,5
13467,560,30,7,6
13468,560,809,3,7
13469,561,866,8,8
13470,561,406,10,8
13471,561,731,9,8
13472,561,380,4,6
13473,561,976,6,5
13474,561,590,9,10
13475,561,715,8,7
13476,561,342,9,8
13477,561,258,10,9
13478,561,18,9,10
13479,561,943,10,8
13480,561,996,6,9
13481,561,38,4,6
13482,561,206,5,8
13483,561,100,5,7
13484,561,831,10,8
13485,561,664,6,8
13486,561,66,5,9
13487,561,77,5,4
13488,561,89,9,7
13489,561,897,7,7
13490,561,726,8,9
13491,561,849,9,8
13492,561,30,8,8
13493,561,809,10,10
13494,562,866,6,6
13495,562,406,4,7
13496,562,731,5,7
13497,562,380,8,7
13498,562,976,5,5
13499,562,590,7,6
13500,562,715,8,7
13501,562,342,4,4
13502,562,258,5,5
13503,562,18,9,7
13504,562,943,10,7
13505,562,996,4,7
13506,562,38,3,4
13507,562,206,7,8
13508,562,100,4,7
13509,562,831,3,5
13510,562,664,4,6
13511,562,66,4,4
13512,562,77,7,6
13513,562,89,9,9
13514,562,897,9,9
13515,562,726,8,7
13516,562,849,8,7
13517,562,30,8,8
13518,562,809,7,8
13519,563,866,8,6
13520,563,406,5,4
13521,563,731,5,5
13522,563,380,7,5
13523,563,976,3,4
13524,563,590,7,5
13525,563,715,7,7
13526,563,342,4,6
13527,563,258,3,4
13528,563,18,8,8
13529,563,943,7,5
13530,563,996,5,6
13531,563,38,7,5
13532,563,206,5,7
13533,563,100,4,4
13534,563,831,4,7
13535,563,664,5,6
13536,563,66,4,6
13537,563,77,6,6
13538,563,89,4,4
13539,563,897,5,5
13540,563,726,3,4
13541,563,849,8,6
13542,563,30,7,6
13543,563,809,6,7
13544,564,866,10,9
13545,564,406,9,8
13546,564,731,5,6
13547,564,380,9,10
13548,564,976,7,9
13549,564,590,8,7
13550,564,715,9,9
13551,564,342,8,7
13552,564,258,9,10
13553,564,18,8,9
13554,564,943,10,10
13555,564,996,10,9
13556,564,38,5,8
13557,564,206,4,6
13558,564,100,4,7
13559,564,831,5,6
13560,564,664,4,7
13561,564,66,10,10
13562,564,77,9,8
13563,564,89,6,6
13564,564,897,8,10
13565,564,726,8,8
13566,564,849,7,7
13567,564,30,8,9
13568,564,809,8,8
13569,565,866,5,5
13570,565,406,7,7
13571,565,731,5,6
13572,565,380,6,7
13573,565,976,7,7
13574,565,590,2,5
13575,565,715,4,4
13576,565,342,8,6
13577,565,258,6,8
13578,565,18,6,6
13579,565,943,8,7
13580,565,996,6,6
13581,565,38,6,7
13582,565,206,3,6
13583,565,100,3,5
13584,565,831,8,7
13585,565,664,1,2
13586,565,66,6,7
13587,565,77,7,7
13588,565,89,4,6
13589,565,897,6,8
13590,565,726,7,6
13591,565,849,8,8
13592,565,30,5,6
13593,565,809,6,8
13594,566,866,5,6
13595,566,406,7,6
13596,566,731,8,6
13597,566,380,8,7
13598,566,976,8,8
13599,566,590,4,4
13600,566,715,5,5
13601,566,342,5,5
13602,566,258,7,8
13603,566,18,3,5
13604,566,943,3,5
13605,566,996,8,6
13606,566,38,7,6
13607,566,206,4,7
13608,566,100,1,1
13609,566,831,2,4
13610,566,664,4,5
13611,566,66,8,6
13612,566,77,6,7
13613,566,89,8,6
13614,566,897,7,8
13615,566,726,7,5
13616,566,849,6,8
13617,566,30,6,7
13618,566,809,5,4
13619,567,866,8,9
13620,567,406,10,9
13621,567,731,7,9
13622,567,380,3,4
13623,567,976,8,9
13624,567,590,7,7
13625,567,715,9,7
13626,567,342,10,9
13627,567,258,5,6
13628,567,18,10,10
13629,567,943,7,9
13630,567,996,5,4
13631,567,38,5,8
13632,567,206,8,7
13633,567,100,6,8
13634,567,831,7,9
13635,567,664,9,7
13636,567,66,7,7
13637,567,77,8,9
13638,567,89,8,8
13639,567,897,5,8
13640,567,726,5,6
13641,567,849,7,8
13642,567,30,10,8
13643,567,809,6,5
13644,568,866,4,6
13645,568,406,8,7
13646,568,731,5,7
13647,568,380,1,2
13648,568,976,8,7
13649,568,590,5,5
13650,568,715,4,4
13651,568,342,5,5
13652,568,258,5,7
13653,568,18,8,6
13654,568,943,6,7
13655,568,996,6,8
13656,568,38,3,5
13657,568,206,6,6
13658,568,100,6,7
13659,568,831,4,4
13660,568,664,3,2
13661,568,66,6,7
13662,568,77,6,5
13663,568,89,3,4
13664,568,897,8,8
13665,568,726,5,6
13666,568,849,6,5
13667,568,30,5,5
13668,568,809,5,5
13669,569,866,5,9
13670,569,406,8,10
13671,569,731,10,8
13672,569,380,6,5
13673,569,976,6,9
13674,569,590,9,7
13675,569,715,8,7
13676,569,342,9,9
13677,569,258,10,9
13678,569,18,8,9
13679,569,943,9,10
13680,569,996,9,8
13681,569,38,7,6
13682,569,206,8,10
13683,569,100,9,7
13684,569,831,5,7
13685,569,664,8,9
13686,569,66,8,8
13687,569,77,8,8
13688,569,89,5,8
13689,569,897,8,9
13690,569,726,3,5
13691,569,849,9,7
13692,569,30,5,9
13693,569,809,10,9
13694,570,866,8,9
13695,570,406,9,9
13696,570,731,4,8
13697,570,380,7,6
13698,570,976,10,7
13699,570,590,8,6
13700,570,715,9,7
13701,570,342,4,6
13702,570,258,7,6
13703,570,18,7,7
13704,570,943,6,6
13705,570,996,6,6
13706,570,38,7,7
13707,570,206,8,6
13708,570,100,7,7
13709,570,831,8,7
13710,570,664,8,9
13711,570,66,7,7
13712,570,77,4,8
13713,570,89,5,8
13714,570,897,6,7
13715,570,726,4,7
13716,570,849,7,8
13717,570,30,5,8
13718,570,809,5,7
13719,571,866,7,6
13720,571,406,3,4
13721,571,731,4,5
13722,571,380,7,6
13723,571,976,7,8
13724,571,590,6,5
13725,571,715,5,5
13726,571,342,6,7
13727,571,258,1,3
13728,571,18,8,6
13729,571,943,3,5
13730,571,996,5,6
13731,571,38,8,7
13732,571,206,4,2
13733,571,100,2,5
13734,571,831,8,8
13735,571,664,5,5
13736,571,66,7,7
13737,571,77,5,5
13738,571,89,5,6
13739,571,897,3,7
13740,571,726,4,5
13741,571,849,6,6
13742,571,30,4,7
13743,571,809,5,5
13744,572,866,9,10
13745,572,406,7,6
13746,572,731,10,8
13747,572,380,5,5
13748,572,976,10,8
13749,572,590,10,10
13750,572,715,9,7
13751,572,342,10,8
13752,572,258,4,5
13753,572,18,6,9
13754,572,943,8,8
13755,572,996,8,9
13756,572,38,9,7
13757,572,206,10,7
13758,572,100,4,8
13759,572,831,8,8
13760,572,664,6,8
13761,572,66,9,8
13762,572,77,7,9
13763,572,89,10,8
13764,572,897,6,7
13765,572,726,9,7
13766,572,849,5,6
13767,572,30,6,6
13768,572,809,7,9
13769,573,866,9,7
13770,573,406,5,8
13771,573,731,10,10
13772,573,380,4,5
13773,573,976,10,8
13774,573,590,9,9
13775,573,715,10,9
13776,573,342,10,10
13777,573,258,6,8
13778,573,18,6,6
13779,573,943,6,9
13780,573,996,8,9
13781,573,38,8,9
13782,573,206,6,5
13783,573,100,4,6
13784,573,831,8,9
13785,573,664,5,8
13786,573,66,10,8
13787,573,77,9,7
13788,573,89,9,8
13789,573,897,7,7
13790,573,726,5,7
13791,573,849,7,8
13792,573,30,5,9
13793,573,809,6,6
13794,574,866,9,10
13795,574,406,10,10
13796,574,731,6,8
13797,574,380,7,7
13798,574,976,9,7
13799,574,590,7,8
13800,574,715,6,8
13801,574,342,8,8
13802,574,258,7,8
13803,574,18,5,8
13804,574,943,9,8
13805,574,996,9,9
13806,574,38,10,9
13807,574,206,8,8
13808,574,100,10,9
13809,574,831,7,7
13810,574,664,6,9
13811,574,66,5,6
13812,574,77,6,5
13813,574,89,9,10
13814,574,897,9,9
13815,574,726,10,10
13816,574,849,7,8
13817,574,30,9,8
13818,574,809,9,10
13819,575,866,6,6
13820,575,406,3,4
13821,575,731,5,4
13822,575,380,4,7
13823,575,976,2,4
13824,575,590,6,8
13825,575,715,3,4
13826,575,342,6,7
13827,575,258,8,7
13828,575,18,6,8
13829,575,943,5,4
13830,575,996,7,8
13831,575,38,6,7
13832,575,206,8,6
13833,575,100,7,5
13834,575,831,4,4
13835,575,664,1,3
13836,575,66,4,5
13837,575,77,6,5
13838,575,89,4,6
13839,575,897,7,6
13840,575,726,6,7
13841,575,849,7,7
13842,575,30,8,6
13843,575,809,8,7
13844,576,866,3,5
13845,576,406,3,6
13846,576,731,7,6
13847,576,380,6,5
13848,576,976,6,5
13849,576,590,7,5
13850,576,715,5,5
13851,576,342,7,8
13852,576,258,7,5
13853,576,18,8,7
13854,576,943,8,6
13855,576,996,6,5
13856,576,38,3,2
13857,576,206,7,7
13858,576,100,6,6
13859,576,831,6,7
13860,576,664,1,2
13861,576,66,6,6
13862,576,77,5,7
13863,576,89,7,7
13864,576,897,4,5
13865,576,726,7,7
13866,576,849,4,4
13867,576,30,6,8
13868,576,809,5,5
13869,577,866,9,9
13870,577,406,5,7
13871,577,731,5,7
13872,577,380,6,5
13873,577,976,6,8
13874,577,590,7,7
13875,577,715,7,7
13876,577,342,10,10
13877,577,258,9,8
13878,577,18,10,9
13879,577,943,9,10
13880,577,996,6,6
13881,577,38,9,7
13882,577,206,5,8
13883,577,100,7,7
13884,577,831,8,9
13885,577,664,7,9
13886,577,66,10,8
13887,577,77,10,9
13888,577,89,9,9
13889,577,897,7,6
13890,577,726,9,9
13891,577,849,9,7
13892,577,30,5,6
13893,577,809,8,9
13894,578,866,9,7
13895,578,406,4,6
13896,578,731,4,7
13897,578,380,7,8
13898,578,976,5,7
13899,578,590,4,5
13900,578,715,4,4
13901,578,342,8,8
13902,578,258,5,4
13903,578,18,9,8
13904,578,943,9,8
13905,578,996,7,6
13906,578,38,7,9
13907,578,206,7,7
13908,578,100,9,7
13909,578,831,7,8
13910,578,664,5,5
13911,578,66,8,7
13912,578,77,6,7
13913,578,89,7,7
13914,578,897,5,7
13915,578,726,8,9
13916,578,849,8,7
13917,578,30,4,4
13918,578,809,9,8
13919,579,866,8,7
13920,579,406,5,6
13921,579,731,3,5
13922,579,380,8,7
13923,579,976,3,7
13924,579,590,6,7
13925,579,715,3,6
13926,579,342,7,5
13927,579,258,4,7
13928,579,18,4,4
13929,579,943,6,6
13930,579,996,6,8
13931,579,38,8,7
13932,579,206,3,2
13933,579,100,4,3
13934,579,831,3,4
13935,579,664,4,6
13936,579,66,7,7
13937,579,77,4,2
13938,579,89,8,6
13939,579,897,7,6
13940,579,726,7,8
13941,579,849,6,7
13942,579,30,3,6
13943,579,809,8,7
13944,580,866,6,9
13945,580,406,9,10
13946,580,731,5,8
13947,580,380,9,7
13948,580,976,9,9
13949,580,590,9,8
13950,580,715,9,8
13951,580,342,8,9
13952,580,258,9,9
13953,580,18,9,8
13954,580,943,9,7
13955,580,996,9,9
13956,580,38,9,8
13957,580,206,9,7
13958,580,100,6,7
13959,580,831,8,9
13960,580,664,8,7
13961,580,66,6,7
13962,580,77,6,9
13963,580,89,9,10
13964,580,897,8,9
13965,580,726,1,3
13966,580,849,5,5
13967,580,30,10,10
13968,580,809,9,9
13969,581,866,3,5
13970,581,406,6,7
13971,581,731,7,6
13972,581,380,7,7
13973,581,976,8,8
13974,581,590,6,7
13975,581,715,8,7
13976,581,342,8,6
13977,581,258,7,6
13978,581,18,4,6
13979,581,943,7,7
13980,581,996,5,5
13981,581,38,6,6
13982,581,206,8,7
13983,581,100,1,1
13984,581,831,6,6
13985,581,664,6,6
13986,581,66,3,6
13987,581,77,2,6
13988,581,89,7,7
13989,581,897,4,7
13990,581,726,7,5
13991,581,849,2,6
13992,581,30,2,6
13993,581,809,7,7
13994,582,866,8,8
13995,582,406,6,6
13996,582,731,4,7
13997,582,380,5,6
13998,582,976,3,4
13999,582,590,7,6
14000,582,715,5,7
14001,582,342,1,2
14002,582,258,6,6
14003,582,18,3,4
14004,582,943,8,8
14005,582,996,7,8
14006,582,38,6,8
14007,582,206,7,6
14008,582,100,6,5
14009,582,831,6,7
14010,582,664,1,2
14011,582,66,6,7
14012,582,77,5,6
14013,582,89,6,8
14014,582,897,5,6
14015,582,726,7,6
14016,582,849,5,7
14017,582,30,3,4
14018,582,809,8,8
14019,583,414,3,4
14020,583,617,3,5
14021,583,829,6,7
14022,583,666,5,5
14023,583,445,3,2
14024,583,101,1,2
14025,583,802,5,5
14026,583,757,6,5
14027,583,152,1,1
14028,583,270,5,7
14029,583,393,1,1
14030,583,124,1,2
14031,583,341,1,1
14032,583,974,7,7
14033,583,439,5,3
14034,583,818,1,1
14035,583,688,6,5
14036,583,807,2,2
14037,583,895,1,1
14038,583,678,5,7
14039,583,32,1,1
14040,583,881,7,6
14041,583,600,1,1
14042,583,285,8,7
14043,584,414,4,5
14044,584,617,5,7
14045,584,829,9,7
14046,584,666,6,7
14047,584,445,5,6
14048,584,101,1,2
14049,584,802,8,6
14050,584,757,6,7
14051,584,152,1,1
14052,584,270,5,6
14053,584,393,1,2
14054,584,124,1,1
14055,584,341,6,8
14056,584,974,7,8
14057,584,439,8,8
14058,584,818,3,5
14059,584,688,8,7
14060,584,807,5,4
14061,584,895,4,5
14062,584,678,4,3
14063,584,32,8,8
14064,584,881,7,9
14065,584,600,7,6
14066,584,285,9,7
14067,585,414,5,8
14068,585,617,6,6
14069,585,829,9,7
14070,585,666,9,8
14071,585,445,8,8
14072,585,101,2,2
14073,585,802,10,10
14074,585,757,10,10
14075,585,152,5,8
14076,585,270,4,3
14077,585,393,2,2
14078,585,124,8,9
14079,585,341,7,5
14080,585,974,8,9
14081,585,439,8,10
14082,585,818,5,6
14083,585,688,8,7
14084,585,807,7,8
14085,585,895,9,9
14086,585,678,5,7
14087,585,32,8,7
14088,585,881,9,8
14089,585,600,8,9
14090,585,285,9,10
14091,586,414,3,5
14092,586,617,6,7
14093,586,829,6,7
14094,586,666,7,5
14095,586,445,6,7
14096,586,101,5,6
14097,586,802,6,5
14098,586,757,4,7
14099,586,152,4,7
14100,586,270,4,6
14101,586,393,6,5
14102,586,124,5,5
14103,586,341,3,6
14104,586,974,5,5
14105,586,439,6,6
14106,586,818,6,6
14107,586,688,3,3
14108,586,807,6,5
14109,586,895,6,8
14110,586,678,6,5
14111,586,32,6,5
14112,586,881,5,4
14113,586,600,7,6
14114,586,285,7,6
14115,587,414,5,8
14116,587,617,8,7
14117,587,829,10,8
14118,587,666,7,7
14119,587,445,9,7
14120,587,101,6,6
14121,587,802,5,9
14122,587,757,5,7
14123,587,152,7,9
14124,587,270,5,7
14125,587,393,8,9
14126,587,124,7,9
14127,587,341,7,7
14128,587,974,8,8
14129,587,439,10,10
14130,587,818,10,10
14131,587,688,6,5
14132,587,807,4,6
14133,587,895,7,7
14134,587,678,9,8
14135,587,32,5,4
14136,587,881,8,8
14137,587,600,9,9
14138,587,285,10,8
14139,588,414,5,6
14140,588,617,5,4
14141,588,829,6,8
14142,588,666,3,4
14143,588,445,7,7
14144,588,101,3,4
14145,588,802,2,4
14146,588,757,3,4
14147,588,152,8,8
14148,588,270,2,4
14149,588,393,6,6
14150,588,124,4,6
14151,588,341,5,6
14152,588,974,8,8
14153,588,439,7,8
14154,588,818,4,5
14155,588,688,5,7
14156,588,807,7,6
14157,588,895,6,8
14158,588,678,7,8
14159,588,32,7,5
14160,588,881,6,5
14161,588,600,6,5
14162,588,285,6,6
14163,589,414,9,8
14164,589,617,3,4
14165,589,829,8,9
14166,589,666,4,7
14167,589,445,3,4
14168,589,101,7,9
14169,589,802,7,7
14170,589,757,7,7
14171,589,152,5,6
14172,589,270,4,5
14173,589,393,4,5
14174,589,124,7,6
14175,589,341,7,7
14176,589,974,6,8
14177,589,439,7,6
14178,589,818,3,5
14179,589,688,7,9
14180,589,807,3,4
14181,589,895,7,8
14182,589,678,6,8
14183,589,32,7,7
14184,589,881,7,8
14185,589,600,7,6
14186,589,285,7,8
14187,590,414,7,8
14188,590,617,7,9
14189,590,829,8,9
14190,590,666,4,8
14191,590,445,9,7
14192,590,101,5,7
14193,590,802,7,6
14194,590,757,7,6
14195,590,152,5,5
14196,590,270,5,4
14197,590,393,5,7
14198,590,124,7,8
14199,590,341,7,8
14200,590,974,8,7
14201,590,439,8,8
14202,590,818,7,6
14203,590,688,5,7
14204,590,807,6,6
14205,590,895,7,8
14206,590,678,5,7
14207,590,32,7,7
14208,590,881,8,6
14209,590,600,1,3
14210,590,285,9,9
14211,591,414,5,6
14212,591,617,6,6
14213,591,829,6,6
14214,591,666,7,7
14215,591,445,5,5
14216,591,101,5,6
14217,591,802,6,5
14218,591,757,8,6
14219,591,152,3,4
14220,591,270,4,7
14221,591,393,7,6
14222,591,124,6,6
14223,591,341,6,6
14224,591,974,6,7
14225,591,439,2,4
14226,591,818,7,7
14227,591,688,4,5
14228,591,807,7,6
14229,591,895,7,5
14230,591,678,1,2
14231,591,32,6,5
14232,591,881,4,6
14233,591,600,6,6
14234,591,285,7,8
14235,592,414,8,7
14236,592,617,8,9
14237,592,829,8,7
14238,592,666,8,8
14239,592,445,5,4
14240,592,101,7,7
14241,592,802,8,9
14242,592,757,8,7
14243,592,152,9,8
14244,592,270,7,7
14245,592,393,3,4
14246,592,124,7,8
14247,592,341,8,9
14248,592,974,9,9
14249,592,439,5,5
14250,592,818,4,7
14251,592,688,6,6
14252,592,807,8,6
14253,592,895,8,7
14254,592,678,3,5
14255,592,32,3,4
14256,592,881,5,6
14257,592,600,4,5
14258,592,285,8,9
14259,593,414,4,5
14260,593,617,7,6
14261,593,829,5,7
14262,593,666,6,7
14263,593,445,5,6
14264,593,101,6,7
14265,593,802,4,4
14266,593,757,7,5
14267,593,152,8,7
14268,593,270,6,7
14269,593,393,5,5
14270,593,124,5,6
14271,593,341,7,8
14272,593,974,8,7
14273,593,439,5,5
14274,593,818,5,6
14275,593,688,5,5
14276,593,807,6,6
14277,593,895,5,5
14278,593,678,4,4
14279,593,32,3,4
14280,593,881,3,5
14281,593,600,3,4
14282,593,285,6,7
14283,594,414,6,8
14284,594,617,8,7
14285,594,829,7,8
14286,594,666,6,7
14287,594,445,5,8
14288,594,101,8,7
14289,594,802,9,8
14290,594,757,3,7
14291,594,152,6,8
14292,594,270,7,8
14293,594,393,7,8
14294,594,124,7,7
14295,594,341,10,8
14296,594,974,6,7
14297,594,439,7,8
14298,594,818,7,6
14299,594,688,7,8
14300,594,807,8,7
14301,594,895,6,8
14302,594,678,3,4
14303,594,32,5,4
14304,594,881,7,8
14305,594,600,5,8
14306,594,285,8,6
14307,595,414,9,8
14308,595,617,9,8
14309,595,829,9,8
14310,595,666,8,7
14311,595,445,7,7
14312,595,101,5,7
14313,595,802,10,8
14314,595,757,4,7
14315,595,152,7,7
14316,595,270,9,7
14317,595,393,9,8
14318,595,124,9,7
14319,595,341,10,10
14320,595,974,9,7
14321,595,439,8,7
14322,595,818,9,9
14323,595,688,7,6
14324,595,807,6,6
14325,595,895,8,8
14326,595,678,8,6
14327,595,32,5,7
14328,595,881,6,7
14329,595,600,9,8
14330,595,285,4,6
14331,596,414,8,8
14332,596,617,8,9
14333,596,829,9,8
14334,596,666,9,8
14335,596,445,7,7
14336,596,101,6,7
14337,596,802,9,7
14338,596,757,5,5
14339,596,152,6,4
14340,596,270,4,5
14341,596,393,7,9
14342,596,124,9,7
14343,596,341,7,6
14344,596,974,8,9
14345,596,439,8,8
14346,596,818,6,7
14347,596,688,4,5
14348,596,807,7,8
14349,596,895,6,6
14350,596,678,10,10
14351,596,32,9,8
14352,596,881,8,9
14353,596,600,10,8
14354,596,285,7,6
14355,597,414,8,9
14356,597,617,7,9
14357,597,829,5,9
14358,597,666,9,8
14359,597,445,7,6
14360,597,101,1,3
14361,597,802,7,5
14362,597,757,5,6
14363,597,152,8,7
14364,597,270,6,6
14365,597,393,8,9
14366,597,124,8,10
14367,597,341,8,9
14368,597,974,8,9
14369,597,439,7,9
14370,597,818,4,5
14371,597,688,5,6
14372,597,807,9,9
14373,597,895,5,5
14374,597,678,7,9
14375,597,32,8,8
14376,597,881,9,8
14377,597,600,6,6
14378,597,285,6,9
14379,598,414,5,4
14380,598,617,4,5
14381,598,829,5,5
14382,598,666,6,6
14383,598,445,4,6
14384,598,101,2,6
14385,598,802,8,6
14386,598,757,5,4
14387,598,152,8,8
14388,598,270,5,6
14389,598,393,6,7
14390,598,124,6,8
14391,598,341,3,4
14392,598,974,8,7
14393,598,439,7,6
14394,598,818,5,7
14395,598,688,3,6
14396,598,807,4,4
14397,598,895,5,3
14398,598,678,8,6
14399,598,32,5,6
14400,598,881,6,7
14401,598,600,4,6
14402,598,285,7,7
14403,599,414,6,7
14404,599,617,8,8
14405,599,829,7,9
14406,599,666,8,9
14407,599,445,3,7
14408,599,101,1,2
14409,599,802,6,7
14410,599,757,8,7
14411,599,152,6,6
14412,599,270,3,6
14413,599,393,7,7
14414,599,124,8,8
14415,599,341,6,8
14416,599,974,5,6
14417,599,439,7,9
14418,599,818,6,7
14419,599,688,8,6
14420,599,807,3,5
14421,599,895,7,7
14422,599,678,9,7
14423,599,32,9,9
14424,599,881,8,8
14425,599,600,3,4
14426,599,285,4,8
14427,600,414,7,8
14428,600,617,7,7
14429,600,829,6,7
14430,600,666,4,4
14431,600,445,4,6
14432,600,101,8,8
14433,600,802,8,8
14434,600,757,8,8
14435,600,152,7,7
14436,600,270,8,7
14437,600,393,6,8
14438,600,124,8,7
14439,600,341,7,8
14440,600,974,6,8
14441,600,439,3,4
14442,600,818,5,7
14443,600,688,5,4
14444,600,807,7,8
14445,600,895,7,8
14446,600,678,7,8
14447,600,32,5,5
14448,600,881,8,7
14449,600,600,5,6
14450,600,285,7,7
14451,601,414,9,8
14452,601,617,5,7
14453,601,829,6,6
14454,601,666,9,10
14455,601,445,5,9
14456,601,101,8,8
14457,601,802,9,10
14458,601,757,8,9
14459,601,152,10,7
14460,601,270,9,7
14461,601,393,7,9
14462,601,124,8,9
14463,601,341,8,9
14464,601,974,8,9
14465,601,439,6,6
14466,601,818,6,7
14467,601,688,9,10
14468,601,807,9,9
14469,601,895,9,8
14470,601,678,8,8
14471,601,32,8,10
14472,601,881,6,5
14473,601,600,10,10
14474,601,285,7,8
14475,602,414,4,7
14476,602,617,7,6
14477,602,829,3,4
14478,602,666,5,7
14479,602,445,3,4
14480,602,101,7,6
14481,602,802,6,7
14482,602,757,7,6
14483,602,152,2,5
14484,602,270,7,7
14485,602,393,7,6
14486,602,124,8,8
14487,602,341,10,8
14488,602,974,1,2
14489,602,439,6,6
14490,602,818,6,7
14491,602,688,2,2
14492,602,807,7,6
14493,602,895,4,6
14494,602,678,7,7
14495,602,32,7,7
14496,602,881,4,4
14497,602,600,7,7
14498,602,285,3,6
14499,603,414,4,6
14500,603,617,7,6
14501,603,829,4,5
14502,603,666,4,4
14503,603,445,6,6
14504,603,101,5,7
14505,603,802,8,6
14506,603,757,3,6
14507,603,152,6,6
14508,603,270,2,3
14509,603,393,6,7
14510,603,124,8,6
14511,603,341,6,7
14512,603,974,6,7
14513,603,439,5,5
14514,603,818,7,6
14515,603,688,6,8
14516,603,807,4,3
14517,603,895,3,4
14518,603,678,6,6
14519,603,32,6,5
14520,603,881,1,4
14521,603,600,6,6
14522,603,285,5,6
14523,604,414,8,10
14524,604,617,9,9
14525,604,829,5,6
14526,604,666,8,9
14527,604,445,8,9
14528,604,101,9,9
14529,604,802,8,7
14530,604,757,8,8
14531,604,152,8,7
14532,604,270,9,9
14533,604,393,7,7
14534,604,124,8,10
14535,604,341,4,6
14536,604,974,4,5
14537,604,439,9,7
14538,604,818,7,7
14539,604,688,6,8
14540,604,807,6,5
14541,604,895,4,5
14542,604,678,9,9
14543,604,32,9,8
14544,604,881,8,8
14545,604,600,8,8
14546,604,285,9,6
14547,605,414,8,8
14548,605,617,6,6
14549,605,829,5,6
14550,605,666,4,6
14551,605,445,10,8
14552,605,101,8,7
14553,605,802,9,9
14554,605,757,7,7
14555,605,152,8,7
14556,605,270,9,8
14557,605,393,8,8
14558,605,124,9,8
14559,605,341,6,7
14560,605,974,6,8
14561,605,439,7,9
14562,605,818,5,6
14563,605,688,9,9
14564,605,807,1,3
14565,605,895,7,7
14566,605,678,10,8
14567,605,32,8,7
14568,605,881,9,8
14569,605,600,5,5
14570,605,285,6,8
14571,606,414,4,6
14572,606,617,6,6
14573,606,829,5,4
14574,606,666,6,6
14575,606,445,5,5
14576,606,101,7,7
14577,606,802,4,5
14578,606,757,5,5
14579,606,152,6,6
14580,606,270,5,7
14581,606,393,4,6
14582,606,124,2,4
14583,606,341,7,7
14584,606,974,2,6
14585,606,439,7,6
14586,606,818,7,6
14587,606,688,7,5
14588,606,807,6,7
14589,606,895,3,4
14590,606,678,5,6
14591,606,32,7,6
14592,606,881,6,7
14593,606,600,6,5
14594,606,285,6,8
14595,607,414,5,4
14596,607,617,3,4
14597,607,829,6,6
14598,607,666,6,5
14599,607,445,7,5
14600,607,101,5,5
14601,607,802,6,6
14602,607,757,7,6
14603,607,152,4,3
14604,607,270,6,8
14605,607,393,2,3
14606,607,124,5,5
14607,607,341,8,6
14608,607,974,3,6
14609,607,439,7,6
14610,607,818,6,7
14611,607,688,7,6
14612,607,807,3,4
14613,607,895,6,7
14614,607,678,6,8
14615,607,32,4,3
14616,607,881,3,6
14617,607,600,8,7
14618,607,285,6,6
14619,608,414,7,8
14620,608,617,5,6
14621,608,829,6,6
14622,608,666,3,6
14623,608,445,8,7
14624,608,101,8,8
14625,608,802,8,8
14626,608,757,7,7
14627,608,152,6,6
14628,608,270,6,4
14629,608,393,9,9
14630,608,124,6,7
14631,608,341,9,7
14632,608,974,7,8
14633,608,439,4,8
14634,608,818,8,9
14635,608,688,4,5
14636,608,807,3,7
14637,608,895,6,7
14638,608,678,6,8
14639,608,32,6,6
14640,608,881,9,8
14641,608,600,7,7
14642,608,285,4,7
14643,609,414,5,5
14644,609,617,5,4
14645,609,829,7,8
14646,609,666,7,6
14647,609,445,6,6
14648,609,101,5,5
14649,609,802,4,3
14650,609,757,5,6
14651,609,152,6,6
14652,609,270,6,8
14653,609,393,4,6
14654,609,124,7,7
14655,609,341,5,5
14656,609,974,7,7
14657,609,439,5,6
14658,609,818,7,7
14659,609,688,4,5
14660,609,807,3,5
14661,609,895,6,6
14662,609,678,6,6
14663,609,32,7,5
14664,609,881,1,1
14665,609,600,3,6
14666,609,285,8,7
14667,610,414,8,8
14668,610,617,7,9
14669,610,829,5,6
14670,610,666,5,7
14671,610,445,9,8
14672,610,101,8,8
14673,610,802,5,8
14674,610,757,10,9
14675,610,152,8,9
14676,610,270,7,8
14677,610,393,8,9
14678,610,124,8,8
14679,610,341,8,8
14680,610,974,9,8
14681,610,439,8,7
14682,610,818,4,5
14683,610,688,10,8
14684,610,807,6,7
14685,610,895,6,6
14686,610,678,7,7
14687,610,32,8,9
14688,610,881,7,8
14689,610,600,8,7
14690,610,285,8,8
14691,611,414,7,6
14692,611,617,3,5
14693,611,829,8,8
14694,611,666,3,5
14695,611,445,7,6
14696,611,101,3,6
14697,611,802,5,4
14698,611,757,6,7
14699,611,152,5,7
14700,611,270,6,7
14701,611,393,6,6
14702,611,124,5,5
14703,611,341,3,4
14704,611,974,5,6
14705,611,439,3,7
14706,611,818,8,6
14707,611,688,7,5
14708,611,807,3,4
14709,611,895,5,6
14710,611,678,4,3
14711,611,32,5,6
14712,611,881,6,6
14713,611,600,7,7
14714,611,285,8,6
14715,612,414,9,7
14716,612,617,9,7
14717,612,829,8,10
14718,612,666,5,7
14719,612,445,9,9
14720,612,101,9,9
14721,612,802,8,9
14722,612,757,9,8
14723,612,152,6,6
14724,612,270,8,10
14725,612,393,7,8
14726,612,124,7,9
14727,612,341,7,7
14728,612,974,7,8
14729,612,439,6,9
14730,612,818,8,7
14731,612,688,10,9
14732,612,807,2,5
14733,612,895,9,9
14734,612,678,6,6
14735,612,32,7,9
14736,612,881,8,9
14737,612,600,8,7
14738,612,285,10,10
14739,613,414,9,7
14740,613,617,9,9
14741,613,829,7,6
14742,613,666,9,8
14743,613,445,8,7
14744,613,101,7,7
14745,613,802,9,9
14746,613,757,9,9
14747,613,152,5,7
14748,613,270,9,7
14749,613,393,6,8
14750,613,124,9,7
14751,613,341,8,10
14752,613,974,10,10
14753,613,439,4,5
14754,613,818,7,8
14755,613,688,9,8
14756,613,807,9,8
14757,613,895,8,7
14758,613,678,5,6
14759,613,32,7,8
14760,613,881,7,7
14761,613,600,9,8
14762,613,285,8,9
14763,614,414,9,8
14764,614,617,9,8
14765,614,829,5,6
14766,614,666,7,8
14767,614,445,5,8
14768,614,101,7,7
14769,614,802,6,5
14770,614,757,8,9
14771,614,152,9,10
14772,614,270,8,8
14773,614,393,7,7
14774,614,124,8,7
14775,614,341,6,6
14776,614,974,10,8
14777,614,439,7,8
14778,614,818,10,10
14779,614,688,10,8
14780,614,807,8,7
14781,614,895,10,8
14782,614,678,8,9
14783,614,32,9,9
14784,614,881,9,9
14785,614,600,6,6
14786,614,285,9,8
14787,615,414,4,5
14788,615,617,7,8
14789,615,829,6,7
14790,615,666,4,4
14791,615,445,3,3
14792,615,101,7,7
14793,615,802,6,6
14794,615,757,6,7
14795,615,152,5,7
14796,615,270,5,7
14797,615,393,7,6
14798,615,124,6,7
14799,615,341,3,4
14800,615,974,7,6
14801,615,439,7,5
14802,615,818,7,7
14803,615,688,7,8
14804,615,807,7,7
14805,615,895,3,5
14806,615,678,5,7
14807,615,32,4,4
14808,615,881,8,7
14809,615,600,5,7
14810,615,285,7,8
14811,616,414,5,8
14812,616,617,10,10
14813,616,829,10,10
14814,616,666,8,9
14815,616,445,8,7
14816,616,101,8,7
14817,616,802,8,9
14818,616,757,7,8
14819,616,152,5,5
14820,616,270,6,8
14821,616,393,7,8
14822,616,124,10,10
14823,616,341,8,9
14824,616,974,8,7
14825,616,439,10,7
14826,616,818,9,10
14827,616,688,6,6
14828,616,807,9,9
14829,616,895,7,5
14830,616,678,7,5
14831,616,32,9,7
14832,616,881,8,9
14833,616,600,9,8
14834,616,285,8,10
14835,617,414,5,6
14836,617,617,7,7
14837,617,829,9,9
14838,617,666,8,9
14839,617,445,7,8
14840,617,101,9,9
14841,617,802,6,5
14842,617,757,8,9
14843,617,152,5,8
14844,617,270,9,9
14845,617,393,10,9
14846,617,124,9,7
14847,617,341,10,9
14848,617,974,9,10
14849,617,439,9,8
14850,617,818,5,8
14851,617,688,6,5
14852,617,807,2,3
14853,617,895,3,3
14854,617,678,5,8
14855,617,32,10,10
14856,617,881,7,8
14857,617,600,7,9
14858,617,285,10,8
14859,618,414,5,6
14860,618,617,6,8
14861,618,829,6,6
14862,618,666,5,6
14863,618,445,6,6
14864,618,101,6,8
14865,618,802,4,5
14866,618,757,8,6
14867,618,152,5,5
14868,618,270,4,5
14869,618,393,6,7
14870,618,124,3,6
14871,618,341,8,7
14872,618,974,8,7
14873,618,439,8,8
14874,618,818,2,5
14875,618,688,8,7
14876,618,807,3,3
14877,618,895,3,4
14878,618,678,7,5
14879,618,32,5,5
14880,618,881,5,5
14881,618,600,7,5
14882,618,285,6,7
14883,619,414,7,8
14884,619,617,9,9
14885,619,829,10,10
14886,619,666,9,9
14887,619,445,7,8
14888,619,101,9,8
14889,619,802,6,5
14890,619,757,7,7
14891,619,152,10,10
14892,619,270,5,6
14893,619,393,7,8
14894,619,124,3,5
14895,619,341,6,6
14896,619,974,7,7
14897,619,439,9,9
14898,619,818,8,8
14899,619,688,4,8
14900,619,807,8,9
14901,619,895,8,9
14902,619,678,8,8
14903,619,32,9,7
14904,619,881,6,6
14905,619,600,6,6
14906,619,285,9,8
14907,620,414,5,6
14908,620,617,7,8
14909,620,829,8,6
14910,620,666,3,6
14911,620,445,5,5
14912,620,101,7,5
14913,620,802,5,7
14914,620,757,7,7
14915,620,152,4,5
14916,620,270,3,4
14917,620,393,8,7
14918,620,124,7,5
14919,620,341,6,7
14920,620,974,7,5
14921,620,439,6,7
14922,620,818,2,3
14923,620,688,7,5
14924,620,807,7,7
14925,620,895,6,6
14926,620,678,7,7
14927,620,32,7,7
14928,620,881,5,6
14929,620,600,3,5
14930,620,285,4,5
14931,621,414,7,7
14932,621,617,6,8
14933,621,829,8,10
14934,621,666,2,4
14935,621,445,7,7
14936,621,101,7,7
14937,621,802,8,9
14938,621,757,7,7
14939,621,152,5,6
14940,621,270,3,5
14941,621,393,5,5
14942,621,124,9,8
14943,621,341,5,8
14944,621,974,6,7
14945,621,439,10,7
14946,621,818,7,6
14947,621,688,8,9
14948,621,807,8,8
14949,621,895,10,10
14950,621,678,8,9
14951,621,32,7,7
14952,621,881,5,5
14953,621,600,6,9
14954,621,285,8,10
14955,622,414,5,9
14956,622,617,7,6
14957,622,829,10,10
14958,622,666,7,7
14959,622,445,9,9
14960,622,101,2,3
14961,622,802,6,4
14962,622,757,7,6
14963,622,152,9,8
14964,622,270,8,8
14965,622,393,9,8
14966,622,124,9,8
14967,622,341,4,5
14968,622,974,8,8
14969,622,439,5,8
14970,622,818,9,9
14971,622,688,9,8
14972,622,807,7,9
14973,622,895,9,9
14974,622,678,10,9
14975,622,32,7,9
14976,622,881,5,5
14977,622,600,5,8
14978,622,285,10,9
14979,623,414,9,9
14980,623,617,6,6
14981,623,829,9,9
14982,623,666,3,5
14983,623,445,7,8
14984,623,101,7,6
14985,623,802,9,10
14986,623,757,8,9
14987,623,152,9,9
14988,623,270,8,7
14989,623,393,9,9
14990,623,124,10,9
14991,623,341,8,7
14992,623,974,8,8
14993,623,439,4,5
14994,623,818,7,9
14995,623,688,10,8
14996,623,807,6,8
14997,623,895,7,7
14998,623,678,9,8
14999,623,32,10,10
15000,623,881,9,10
15001,623,600,6,6
15002,623,285,8,7
15003,624,728,1,1
15004,624,213,7,7
15005,624,610,1,1
15006,624,582,2,3
15007,624,723,3,4
15008,624,689,2,4
15009,624,449,6,7
15010,624,668,7,8
15011,624,176,2,5
15012,624,529,7,7
15013,624,833,8,6
15014,624,571,7,6
15015,624,476,3,4
15016,624,939,1,1
15017,624,434,3,2
15018,624,348,1,1
15019,624,942,1,1
15020,624,748,7,8
15021,624,147,1,1
15022,624,825,7,7
15023,624,212,6,7
15024,624,756,1,1
15025,624,211,5,5
15026,624,827,1,1
15027,624,468,1,1
15028,625,728,6,7
15029,625,213,4,6
15030,625,610,1,2
15031,625,582,3,6
15032,625,723,3,4
15033,625,689,6,6
15034,625,449,4,4
15035,625,668,2,3
15036,625,176,4,4
15037,625,529,5,6
15038,625,833,7,8
15039,625,571,6,8
15040,625,476,4,5
15041,625,939,6,5
15042,625,434,5,5
15043,625,348,1,1
15044,625,942,8,6
15045,625,748,6,7
15046,625,147,4,5
15047,625,825,7,6
15048,625,212,5,6
15049,625,756,1,1
15050,625,211,7,6
15051,625,827,8,7
15052,625,468,1,1
15053,626,728,7,7
15054,626,213,8,8
15055,626,610,4,5
15056,626,582,2,3
15057,626,723,6,8
15058,626,689,4,7
15059,626,449,8,7
15060,626,668,3,5
15061,626,176,6,5
15062,626,529,8,7
15063,626,833,9,7
15064,626,571,7,6
15065,626,476,9,8
15066,626,939,6,5
15067,626,434,8,8
15068,626,348,8,8
15069,626,942,8,9
15070,626,748,4,8
15071,626,147,4,6
15072,626,825,9,9
15073,626,212,8,7
15074,626,756,7,8
15075,626,211,9,9
15076,626,827,7,6
15077,626,468,1,2
15078,627,728,8,10
15079,627,213,10,8
15080,627,610,6,9
15081,627,582,7,9
15082,627,723,7,9
15083,627,689,7,8
15084,627,449,10,10
15085,627,668,8,9
15086,627,176,4,7
15087,627,529,8,7
15088,627,833,5,7
15089,627,571,7,8
15090,627,476,9,9
15091,627,939,1,4
15092,627,434,3,4
15093,627,348,4,5
15094,627,942,9,10
15095,627,748,9,10
15096,627,147,9,8
15097,627,825,8,8
15098,627,212,8,9
15099,627,756,7,7
15100,627,211,7,8
15101,627,827,4,7
15102,627,468,7,8
15103,628,728,5,9
15104,628,213,10,10
15105,628,610,6,9
15106,628,582,8,9
15107,628,723,7,7
15108,628,689,8,8
15109,628,449,5,6
15110,628,668,10,9
15111,628,176,7,8
15112,628,529,7,7
15113,628,833,6,5
15114,628,571,9,9
15115,628,476,10,9
15116,628,939,3,3
15117,628,434,6,6
15118,628,348,6,5
15119,628,942,8,10
15120,628,748,10,9
15121,628,147,10,9
15122,628,825,9,10
15123,628,212,9,8
15124,628,756,5,8
15125,628,211,4,4
15126,628,827,4,5
15127,628,468,9,8
15128,629,728,5,8
15129,629,213,9,8
15130,629,610,5,7
15131,629,582,6,8
15132,629,723,7,9
15133,629,689,7,8
15134,629,449,6,8
15135,629,668,10,8
15136,629,176,5,9
15137,629,529,6,8
15138,629,833,9,10
15139,629,571,9,9
15140,629,476,5,7
15141,629,939,4,7
15142,629,434,10,8
15143,629,348,1,4
15144,629,942,10,9
15145,629,748,6,7
15146,629,147,8,8
15147,629,825,5,7
15148,629,212,5,4
15149,629,756,7,7
15150,629,211,8,10
15151,629,827,8,9
15152,629,468,10,10
15153,630,728,7,8
15154,630,213,8,10
15155,630,610,7,9
15156,630,582,6,5
15157,630,723,6,4
15158,630,689,9,9
15159,630,449,10,10
15160,630,668,8,7
15161,630,176,9,9
15162,630,529,9,9
15163,630,833,9,7
15164,630,571,8,9
15165,630,476,7,6
15166,630,939,8,8
15167,630,434,4,7
15168,630,348,9,9
15169,630,942,9,9
15170,630,748,5,6
15171,630,147,9,8
15172,630,825,6,7
15173,630,212,8,9
15174,630,756,7,6
15175,630,211,4,4
15176,630,827,3,4
15177,630,468,9,7
15178,631,728,3,4
15179,631,213,7,7
15180,631,610,4,4
15181,631,582,4,5
15182,631,723,7,7
15183,631,689,6,6
15184,631,449,7,6
15185,631,668,6,6
15186,631,176,6,5
15187,631,529,2,3
15188,631,833,5,4
15189,631,571,4,6
15190,631,476,6,6
15191,631,939,6,6
15192,631,434,2,3
15193,631,348,7,7
15194,631,942,8,8
15195,631,748,5,7
15196,631,147,7,7
15197,631,825,8,7
15198,631,212,3,6
15199,631,756,8,7
15200,631,211,5,5
15201,631,827,4,6
15202,631,468,6,6
15203,632,728,10,8
15204,632,213,9,8
15205,632,610,5,9
15206,632,582,9,8
15207,632,723,8,7
15208,632,689,4,7
15209,632,449,10,10
15210,632,668,10,9
15211,632,176,9,9
15212,632,529,7,8
15213,632,833,8,10
15214,632,571,10,9
15215,632,476,10,8
15216,632,939,8,7
15217,632,434,5,6
15218,632,348,4,6
15219,632,942,8,9
15220,632,748,5,7
15221,632,147,8,10
15222,632,825,9,8
15223,632,212,9,8
15224,632,756,8,9
15225,632,211,10,10
15226,632,827,9,10
15227,632,468,9,9
15228,633,728,8,7
15229,633,213,9,7
15230,633,610,4,6
15231,633,582,9,8
15232,633,723,8,8
15233,633,689,4,7
15234,633,449,9,8
15235,633,668,9,9
15236,633,176,8,9
15237,633,529,4,4
15238,633,833,4,8
15239,633,571,9,9
15240,633,476,9,9
15241,633,939,6,8
15242,633,434,5,7
15243,633,348,7,8
15244,633,942,8,8
15245,633,748,4,6
15246,633,147,6,6
15247,633,825,7,8
15248,633,212,7,8
15249,633,756,9,8
15250,633,211,8,7
15251,633,827,5,3
15252,633,468,5,5
15253,634,728,8,7
15254,634,213,5,5
15255,634,610,6,8
15256,634,582,5,6
15257,634,723,7,7
15258,634,689,5,4
15259,634,449,7,9
15260,634,668,5,4
15261,634,176,4,5
15262,634,529,9,9
15263,634,833,9,7
15264,634,571,8,8
15265,634,476,9,7
15266,634,939,8,6
15267,634,434,5,6
15268,634,348,7,8
15269,634,942,5,4
15270,634,748,9,8
15271,634,147,5,5
15272,634,825,9,9
15273,634,212,6,8
15274,634,756,8,9
15275,634,211,7,9
15276,634,827,4,6
15277,634,468,9,8
15278,635,728,6,6
15279,635,213,4,4
15280,635,610,7,7
15281,635,582,7,7
15282,635,723,6,7
15283,635,689,5,5
15284,635,449,7,7
15285,635,668,6,7
15286,635,176,6,6
15287,635,529,7,5
15288,635,833,8,7
15289,635,571,6,8
15290,635,476,8,8
15291,635,939,6,5
15292,635,434,6,6
15293,635,348,2,4
15294,635,942,8,8
15295,635,748,7,6
15296,635,147,5,4
15297,635,825,8,8
15298,635,212,4,7
15299,635,756,4,5
15300,635,211,8,7
15301,635,827,6,7
15302,635,468,7,5
15303,636,728,9,9
15304,636,213,5,9
15305,636,610,5,6
15306,636,582,5,5
15307,636,723,7,7
15308,636,689,7,7
15309,636,449,9,10
15310,636,668,9,10
15311,636,176,9,10
15312,636,529,2,5
15313,636,833,9,9
15314,636,571,7,7
15315,636,476,9,7
15316,636,939,8,8
15317,636,434,5,5
15318,636,348,9,7
15319,636,942,10,10
15320,636,748,10,9
15321,636,147,6,6
15322,636,825,8,10
15323,636,212,4,8
15324,636,756,5,9
15325,636,211,7,8
15326,636,827,8,9
15327,636,468,8,7
15328,637,728,8,9
15329,637,213,4,6
15330,637,610,6,7
15331,637,582,8,6
15332,637,723,8,7
15333,637,689,5,5
15334,637,449,8,8
15335,637,668,4,5
15336,637,176,8,8
15337,637,529,7,7
15338,637,833,8,8
15339,637,571,7,7
15340,637,476,8,8
15341,637,939,7,7
15342,637,434,8,6
15343,637,348,4,5
15344,637,942,6,7
15345,637,748,8,7
15346,637,147,5,6
15347,637,825,7,9
15348,637,212,4,7
15349,637,756,5,6
15350,637,211,6,8
15351,637,827,7,6
15352,637,468,4,4
15353,638,728,6,6
15354,638,213,8,7
15355,638,610,3,4
15356,638,582,6,6
15357,638,723,5,7
15358,638,689,5,5
15359,638,449,8,6
15360,638,668,4,3
15361,638,176,7,8
15362,638,529,5,7
15363,638,833,6,8
15364,638,571,8,7
15365,638,476,7,7
15366,638,939,7,5
15367,638,434,4,5
15368,638,348,4,4
15369,638,942,6,8
15370,638,748,2,5
15371,638,147,3,3
15372,638,825,6,8
15373,638,212,2,5
15374,638,756,5,6
15375,638,211,6,6
15376,638,827,6,6
15377,638,468,5,7
15378,639,728,6,6
15379,639,213,4,3
15380,639,610,8,6
15381,639,582,7,7
15382,639,723,7,7
15383,639,689,7,6
15384,639,449,7,6
15385,639,668,3,4
15386,639,176,2,5
15387,639,529,5,6
15388,639,833,7,8
15389,639,571,6,6
15390,639,476,6,8
15391,639,939,7,7
15392,639,434,1,2
15393,639,348,7,8
15394,639,942,8,8
15395,639,748,5,6
15396,639,147,6,6
15397,639,825,6,6
15398,639,212,3,6
15399,639,756,3,4
15400,639,211,6,6
15401,639,827,5,7
15402,639,468,4,5
15403,640,728,6,8
15404,640,213,2,5
15405,640,610,6,8
15406,640,582,5,7
15407,640,723,6,6
15408,640,689,4,3
15409,640,449,8,6
15410,640,668,5,6
15411,640,176,4,7
15412,640,529,7,6
15413,640,833,7,6
15414,640,571,7,6
15415,640,476,6,7
15416,640,939,7,6
15417,640,434,2,5
15418,640,348,8,8
15419,640,942,6,6
15420,640,748,8,6
15421,640,147,4,5
15422,640,825,8,7
15423,640,212,3,6
15424,640,756,5,4
15425,640,211,6,7
15426,640,827,2,3
15427,640,468,3,5
15428,641,728,5,5
15429,641,213,4,6
15430,641,610,7,6
15431,641,582,6,7
15432,641,723,5,5
15433,641,689,2,4
15434,641,449,8,8
15435,641,668,3,3
15436,641,176,8,6
15437,641,529,3,6
15438,641,833,7,8
15439,641,571,7,7
15440,641,476,6,8
15441,641,939,3,5
15442,641,434,2,6
15443,641,348,5,7
15444,641,942,7,6
15445,641,748,7,6
15446,641,147,2,5
15447,641,825,7,8
15448,641,212,2,3
15449,641,756,7,8
15450,641,211,6,5
15451,641,827,5,5
15452,641,468,7,7
15453,642,728,8,9
15454,642,213,6,8
15455,642,610,8,9
15456,642,582,8,7
15457,642,723,6,6
15458,642,689,4,7
15459,642,449,7,7
15460,642,668,6,4
15461,642,176,6,8
15462,642,529,5,6
15463,642,833,10,9
15464,642,571,5,4
15465,642,476,9,8
15466,642,939,5,7
15467,642,434,7,7
15468,642,348,7,8
15469,642,942,6,5
15470,642,748,7,8
15471,642,147,5,6
15472,642,825,7,7
15473,642,212,9,8
15474,642,756,6,6
15475,642,211,9,7
15476,642,827,7,6
15477,642,468,5,6
15478,643,728,8,7
15479,643,213,8,7
15480,643,610,7,7
15481,643,582,8,7
15482,643,723,3,6
15483,643,689,6,6
15484,643,449,5,4
15485,643,668,6,7
15486,643,176,5,5
15487,643,529,4,3
15488,643,833,7,8
15489,643,571,5,6
15490,643,476,2,4
15491,643,939,4,3
15492,643,434,3,3
15493,643,348,4,4
15494,643,942,3,7
15495,643,748,3,7
15496,643,147,4,2
15497,643,825,6,8
15498,643,212,5,7
15499,643,756,4,4
15500,643,211,5,5
15501,643,827,7,7
15502,643,468,5,6
15503,644,728,3,4
15504,644,213,6,7
15505,644,610,8,7
15506,644,582,7,7
15507,644,723,7,6
15508,644,689,6,6
15509,644,449,3,4
15510,644,668,6,7
15511,644,176,7,6
15512,644,529,3,6
15513,644,833,5,4
15514,644,571,5,5
15515,644,476,4,3
15516,644,939,4,3
15517,644,434,5,7
15518,644,348,7,6
15519,644,942,6,8
15520,644,748,5,4
15521,644,147,3,5
15522,644,825,3,5
15523,644,212,5,7
15524,644,756,6,6
15525,644,211,2,4
15526,644,827,7,6
15527,644,468,7,6
15528,645,728,8,10
15529,645,213,9,8
15530,645,610,7,7
15531,645,582,8,7
15532,645,723,8,8
15533,645,689,7,9
15534,645,449,8,9
15535,645,668,10,9
15536,645,176,3,5
15537,645,529,4,6
15538,645,833,7,7
15539,645,571,10,9
15540,645,476,6,7
15541,645,939,8,9
15542,645,434,8,9
15543,645,348,9,9
15544,645,942,7,8
15545,645,748,10,10
15546,645,147,7,7
15547,645,825,7,7
15548,645,212,7,9
15549,645,756,8,10
15550,645,211,7,6
15551,645,827,9,7
15552,645,468,7,9
15553,646,728,6,7
15554,646,213,7,7
15555,646,610,7,7
15556,646,582,3,3
15557,646,723,9,8
15558,646,689,8,8
15559,646,449,9,9
15560,646,668,9,8
15561,646,176,4,4
15562,646,529,4,6
15563,646,833,5,5
15564,646,571,4,5
15565,646,476,4,5
15566,646,939,6,6
15567,646,434,6,7
15568,646,348,7,9
15569,646,942,9,8
15570,646,748,7,9
15571,646,147,8,6
15572,646,825,4,7
15573,646,212,5,7
15574,646,756,7,9
15575,646,211,5,7
15576,646,827,9,8
15577,646,468,7,7
15578,647,728,4,7
15579,647,213,5,6
15580,647,610,9,7
15581,647,582,7,9
15582,647,723,4,4
15583,647,689,9,7
15584,647,449,10,8
15585,647,668,3,5
15586,647,176,7,6
15587,647,529,8,7
15588,647,833,4,5
15589,647,571,4,6
15590,647,476,4,6
15591,647,939,6,7
15592,647,434,7,7
15593,647,348,3,4
15594,647,942,7,7
15595,647,748,9,9
15596,647,147,8,9
15597,647,825,9,9
15598,647,212,4,7
15599,647,756,8,8
15600,647,211,2,2
15601,647,827,7,6
15602,647,468,7,7
15603,648,728,3,4
15604,648,213,4,5
15605,648,610,7,6
15606,648,582,2,3
15607,648,723,5,7
15608,648,689,6,7
15609,648,449,6,8
15610,648,668,1,3
15611,648,176,1,1
15612,648,529,5,5
15613,648,833,3,7
15614,648,571,2,3
15615,648,476,8,6
15616,648,939,4,3
15617,648,434,5,7
15618,648,348,5,5
15619,648,942,5,5
15620,648,748,7,6
15621,648,147,5,7
15622,648,825,4,4
15623,648,212,3,4
15624,648,756,6,8
15625,648,211,7,5
15626,648,827,5,5
15627,648,468,6,7
15628,649,728,5,8
15629,649,213,9,10
15630,649,610,10,9
15631,649,582,9,9
15632,649,723,7,7
15633,649,689,7,8
15634,649,449,9,9
15635,649,668,8,10
15636,649,176,5,5
15637,649,529,4,4
15638,649,833,6,6
15639,649,571,9,9
15640,649,476,6,6
15641,649,939,7,5
15642,649,434,9,7
15643,649,348,9,7
15644,649,942,7,7
15645,649,748,7,7
15646,649,147,5,6
15647,649,825,10,9
15648,649,212,8,7
15649,649,756,9,8
15650,649,211,4,8
15651,649,827,9,8
15652,649,468,9,7
15653,650,728,5,6
15654,650,213,8,9
15655,650,610,9,10
15656,650,582,7,9
15657,650,723,4,5
15658,650,689,8,7
15659,650,449,10,10
15660,650,668,6,7
15661,650,176,8,8
15662,650,529,7,7
15663,650,833,9,8
15664,650,571,5,6
15665,650,476,5,7
15666,650,939,4,6
15667,650,434,8,10
15668,650,348,7,6
15669,650,942,10,10
15670,650,748,10,8
15671,650,147,7,7
15672,650,825,8,10
15673,650,212,8,9
15674,650,756,7,7
15675,650,211,9,8
15676,650,827,9,8
15677,650,468,8,7
15678,651,728,4,6
15679,651,213,8,7
15680,651,610,8,8
15681,651,582,8,8
15682,651,723,4,7
15683,651,689,8,9
15684,651,449,8,7
15685,651,668,5,5
15686,651,176,4,6
15687,651,529,8,8
15688,651,833,7,8
15689,651,571,6,6
15690,651,476,8,9
15691,651,939,5,4
15692,651,434,2,3
15693,651,348,8,8
15694,651,942,10,7
15695,651,748,10,7
15696,651,147,8,7
15697,651,825,9,8
15698,651,212,8,9
15699,651,756,6,5
15700,651,211,5,4
15701,651,827,1,1
15702,651,468,7,9
15703,652,728,6,8
15704,652,213,10,9
15705,652,610,6,8
15706,652,582,8,9
15707,652,723,6,8
15708,652,689,9,8
15709,652,449,6,8
15710,652,668,10,10
15711,652,176,5,7
15712,652,529,10,10
15713,652,833,8,9
15714,652,571,7,7
15715,652,476,8,9
15716,652,939,8,7
15717,652,434,5,9
15718,652,348,10,9
15719,652,942,6,7
15720,652,748,10,8
15721,652,147,8,8
15722,652,825,10,9
15723,652,212,8,7
15724,652,756,8,8
15725,652,211,5,7
15726,652,827,5,8
15727,652,468,4,8
15728,653,728,6,6
15729,653,213,7,7
15730,653,610,5,9
15731,653,582,6,4
15732,653,723,4,6
15733,653,689,6,8
15734,653,449,10,10
15735,653,668,6,7
15736,653,176,5,5
15737,653,529,7,6
15738,653,833,10,9
15739,653,571,9,8
15740,653,476,9,9
15741,653,939,9,7
15742,653,434,6,8
15743,653,348,4,5
15744,653,942,10,9
15745,653,748,9,9
15746,653,147,7,8
15747,653,825,10,8
15748,653,212,9,7
15749,653,756,7,7
15750,653,211,4,6
15751,653,827,6,8
15752,653,468,5,7
15753,654,728,7,8
15754,654,213,9,9
15755,654,610,10,10
15756,654,582,9,8
15757,654,723,9,7
15758,654,689,4,5
15759,654,449,10,8
15760,654,668,9,9
15761,654,176,4,5
15762,654,529,8,8
15763,654,833,10,9
15764,654,571,8,8
15765,654,476,9,8
15766,654,939,8,7
15767,654,434,8,8
15768,654,348,7,7
15769,654,942,8,8
15770,654,748,8,8
15771,654,147,6,6
15772,654,825,9,10
15773,654,212,9,9
15774,654,756,7,9
15775,654,211,6,6
15776,654,827,9,9
15777,654,468,9,9
15778,655,728,5,4
15779,655,213,7,6
15780,655,610,7,6
15781,655,582,5,7
15782,655,723,6,8
15783,655,689,4,7
15784,655,449,7,8
15785,655,668,5,7
15786,655,176,2,6
15787,655,529,7,6
15788,655,833,9,7
15789,655,571,3,7
15790,655,476,7,7
15791,655,939,6,6
15792,655,434,5,5
15793,655,348,6,6
15794,655,942,8,7
15795,655,748,5,4
15796,655,147,6,8
15797,655,825,6,4
15798,655,212,7,6
15799,655,756,5,5
15800,655,211,6,6
15801,655,827,3,4
15802,655,468,7,5
15803,656,728,7,7
15804,656,213,7,7
15805,656,610,8,7
15806,656,582,9,10
15807,656,723,5,8
15808,656,689,8,8
15809,656,449,10,10
15810,656,668,8,8
15811,656,176,6,8
15812,656,529,9,8
15813,656,833,10,8
15814,656,571,2,4
15815,656,476,10,8
15816,656,939,7,9
15817,656,434,6,7
15818,656,348,7,8
15819,656,942,9,7
15820,656,748,9,8
15821,656,147,9,8
15822,656,825,8,9
15823,656,212,9,7
15824,656,756,5,8
15825,656,211,7,9
15826,656,827,8,9
15827,656,468,6,6
15828,657,728,3,7
15829,657,213,6,7
15830,657,610,6,7
15831,657,582,5,6
15832,657,723,7,7
15833,657,689,4,4
15834,657,449,5,6
15835,657,668,2,5
15836,657,176,5,3
15837,657,529,7,6
15838,657,833,7,7
15839,657,571,2,6
15840,657,476,6,6
15841,657,939,4,3
15842,657,434,3,3
15843,657,348,6,7
15844,657,942,6,5
15845,657,748,8,6
15846,657,147,1,1
15847,657,825,7,8
15848,657,212,5,7
15849,657,756,6,7
15850,657,211,8,6
15851,657,827,7,5
15852,657,468,2,6
15853,658,728,5,9
15854,658,213,8,7
15855,658,610,10,10
15856,658,582,8,10
15857,658,723,6,5
15858,658,689,5,8
15859,658,449,6,6
15860,658,668,4,5
15861,658,176,10,10
15862,658,529,6,6
15863,658,833,10,10
15864,658,571,7,8
15865,658,476,10,9
15866,658,939,9,10
15867,658,434,6,7
15868,658,348,10,9
15869,658,942,8,8
15870,658,748,9,8
15871,658,147,8,8
15872,658,825,4,7
15873,658,212,8,7
15874,658,756,8,8
15875,658,211,7,9
15876,658,827,7,6
15877,658,468,7,7
15878,659,728,6,7
15879,659,213,5,8
15880,659,610,10,10
15881,659,582,4,4
15882,659,723,7,8
15883,659,689,4,8
15884,659,449,7,8
15885,659,668,8,8
15886,659,176,6,7
15887,659,529,10,10
15888,659,833,9,9
15889,659,571,4,8
15890,659,476,9,7
15891,659,939,5,7
15892,659,434,9,7
15893,659,348,10,8
15894,659,942,10,10
15895,659,748,10,10
15896,659,147,9,10
15897,659,825,9,10
15898,659,212,5,6
15899,659,756,9,10
15900,659,211,9,9
15901,659,827,9,10
15902,659,468,9,8
15903,660,728,3,7
15904,660,213,5,5
15905,660,610,8,6
15906,660,582,7,6
15907,660,723,3,3
15908,660,689,5,5
15909,660,449,7,8
15910,660,668,8,7
15911,660,176,4,4
15912,660,529,6,7
15913,660,833,5,6
15914,660,571,2,4
15915,660,476,7,7
15916,660,939,1,3
15917,660,434,5,3
15918,660,348,7,7
15919,660,942,5,6
15920,660,748,8,7
15921,660,147,7,5
15922,660,825,6,8
15923,660,212,7,7
15924,660,756,6,7
15925,660,211,7,7
15926,660,827,3,6
15927,660,468,6,6
15928,661,728,4,6
15929,661,213,5,6
15930,661,610,8,7
15931,661,582,7,6
15932,661,723,5,6
15933,661,689,6,7
15934,661,449,4,4
15935,661,668,7,6
15936,661,176,3,3
15937,661,529,3,4
15938,661,833,4,4
15939,661,571,8,8
15940,661,476,6,7
15941,661,939,1,2
15942,661,434,7,7
15943,661,348,6,7
15944,661,942,7,8
15945,661,748,6,8
15946,661,147,1,1
15947,661,825,7,8
15948,661,212,4,5
15949,661,756,6,6
15950,661,211,5,7
15951,661,827,8,7
15952,661,468,7,5
15953,662,728,5,6
15954,662,213,3,4
15955,662,610,7,7
15956,662,582,7,6
15957,662,723,4,5
15958,662,689,7,7
15959,662,449,8,6
15960,662,668,7,5
15961,662,176,7,6
15962,662,529,2,3
15963,662,833,4,6
15964,662,571,3,5
15965,662,476,6,6
15966,662,939,6,8
15967,662,434,7,5
15968,662,348,7,7
15969,662,942,7,8
15970,662,748,3,6
15971,662,147,8,8
15972,662,825,7,6
15973,662,212,3,2
15974,662,756,7,6
15975,662,211,5,5
15976,662,827,7,7
15977,662,468,8,6
15978,663,728,7,7
15979,663,213,3,7
15980,663,610,5,5
15981,663,582,7,5
15982,663,723,4,6
15983,663,689,7,8
15984,663,449,8,6
15985,663,668,5,5
15986,663,176,6,7
15987,663,529,5,3
15988,663,833,4,7
15989,663,571,6,7
15990,663,476,6,7
15991,663,939,5,7
15992,663,434,5,7
15993,663,348,4,6
15994,663,942,8,8
15995,663,748,5,5
15996,663,147,5,5
15997,663,825,7,7
15998,663,212,5,5
15999,663,756,8,7
16000,663,211,8,6
16001,663,827,5,4
16002,663,468,6,5
16003,664,728,3,7
16004,664,213,3,5
16005,664,610,8,8
16006,664,582,2,4
16007,664,723,1,3
16008,664,689,7,7
16009,664,449,7,8
16010,664,668,7,7
16011,664,176,6,5
16012,664,529,2,2
16013,664,833,7,8
16014,664,571,2,4
16015,664,476,7,7
16016,664,939,5,4
16017,664,434,6,6
16018,664,348,7,5
16019,664,942,6,7
16020,664,748,7,6
16021,664,147,3,6
16022,664,825,7,6
16023,664,212,6,5
16024,664,756,6,7
16025,664,211,2,6
16026,664,827,5,6
16027,664,468,7,6
16028,665,728,4,6
16029,665,213,8,8
16030,665,610,3,7
16031,665,582,4,5
16032,665,723,7,6
16033,665,689,8,6
16034,665,449,8,8
16035,665,668,4,5
16036,665,176,6,7
16037,665,529,5,6
16038,665,833,3,5
16039,665,571,6,6
16040,665,476,3,6
16041,665,939,6,6
16042,665,434,7,6
16043,665,348,8,7
16044,665,942,6,7
16045,665,748,6,8
16046,665,147,4,5
16047,665,825,6,6
16048,665,212,7,7
16049,665,756,6,8
16050,665,211,5,4
16051,665,827,6,7
16052,665,468,7,6
16053,666,728,6,8
16054,666,213,9,7
16055,666,610,9,9
16056,666,582,7,6
16057,666,723,7,7
16058,666,689,7,8
16059,666,449,9,9
16060,666,668,7,7
16061,666,176,6,7
16062,666,529,5,6
16063,666,833,4,6
16064,666,571,7,6
16065,666,476,9,7
16066,666,939,8,6
16067,666,434,6,5
16068,666,348,7,7
16069,666,942,8,7
16070,666,748,9,9
16071,666,147,4,4
16072,666,825,8,9
16073,666,212,8,8
16074,666,756,7,7
16075,666,211,4,6
16076,666,827,8,8
16077,666,468,8,7
16078,667,728,7,8
16079,667,213,5,6
16080,667,610,9,8
16081,667,582,3,3
16082,667,723,7,7
16083,667,689,5,4
16084,667,449,8,8
16085,667,668,8,8
16086,667,176,8,8
16087,667,529,7,7
16088,667,833,5,8
16089,667,571,8,7
16090,667,476,6,5
16091,667,939,4,6
16092,667,434,4,6
16093,667,348,7,6
16094,667,942,6,7
16095,667,748,8,9
16096,667,147,5,4
16097,667,825,8,8
16098,667,212,6,8
16099,667,756,7,7
16100,667,211,7,8
16101,667,827,9,7
16102,667,468,8,6
16103,668,728,9,9
16104,668,213,5,7
16105,668,610,7,7
16106,668,582,7,7
16107,668,723,7,9
16108,668,689,7,6
16109,668,449,5,6
16110,668,668,8,8
16111,668,176,7,6
16112,668,529,8,8
16113,668,833,8,8
16114,668,571,6,7
16115,668,476,6,8
16116,668,939,3,5
16117,668,434,6,6
16118,668,348,8,8
16119,668,942,7,7
16120,668,748,9,9
16121,668,147,8,9
16122,668,825,9,8
16123,668,212,3,6
16124,668,756,8,7
16125,668,211,5,6
16126,668,827,7,7
16127,668,468,8,8
16128,669,237,2,4
16129,669,573,8,10
16130,669,886,2,3
16131,669,491,5,5
16132,669,428,8,10
16133,669,774,6,7
16134,669,311,2,4
16135,669,968,2,2
16136,669,204,6,5
16137,669,42,2,2
16138,669,297,8,9
16139,669,669,6,6
16140,669,578,9,7
16141,669,810,8,10
16142,669,162,6,8
16143,669,621,2,3
16144,669,115,9,10
16145,669,98,6,9
16146,669,527,2,4
16147,669,646,7,7
16148,669,793,10,8
16149,669,229,9,9
16150,669,269,2,3
16151,669,359,2,2
16152,669,461,8,9
16153,670,237,7,7
16154,670,573,10,8
16155,670,886,2,3
16156,670,491,8,9
16157,670,428,8,10
16158,670,774,10,10
16159,670,311,10,10
16160,670,968,2,3
16161,670,204,8,7
16162,670,42,2,4
16163,670,297,9,8
16164,670,669,8,10
16165,670,578,7,5
16166,670,810,4,6
16167,670,162,9,9
16168,670,621,8,7
16169,670,115,7,9
16170,670,98,7,7
16171,670,527,6,6
16172,670,646,8,9
16173,670,793,10,8
16174,670,229,9,8
16175,670,269,8,9
16176,670,359,2,4
16177,670,461,9,8
16178,671,237,4,7
16179,671,573,7,9
16180,671,886,1,3
16181,671,491,8,9
16182,671,428,10,7
16183,671,774,9,7
16184,671,311,4,7
16185,671,968,1,1
16186,671,204,5,6
16187,671,42,1,3
16188,671,297,6,7
16189,671,669,8,8
16190,671,578,3,5
16191,671,810,4,7
16192,671,162,8,9
16193,671,621,4,5
16194,671,115,8,7
16195,671,98,7,6
16196,671,527,8,7
16197,671,646,8,8
16198,671,793,8,8
16199,671,229,9,9
16200,671,269,8,6
16201,671,359,1,3
16202,671,461,5,5
16203,672,237,4,5
16204,672,573,6,8
16205,672,886,6,8
16206,672,491,5,5
16207,672,428,10,7
16208,672,774,7,5
16209,672,311,8,6
16210,672,968,1,1
16211,672,204,1,4
16212,672,42,7,5
16213,672,297,6,5
16214,672,669,5,7
16215,672,578,1,2
16216,672,810,3,7
16217,672,162,4,4
16218,672,621,3,4
16219,672,115,8,8
16220,672,98,7,5
16221,672,527,6,6
16222,672,646,6,6
16223,672,793,6,7
16224,672,229,6,8
16225,672,269,3,4
16226,672,359,4,7
16227,672,461,3,4
16228,673,237,6,6
16229,673,573,8,9
16230,673,886,7,7
16231,673,491,9,9
16232,673,428,9,10
16233,673,774,6,6
16234,673,311,10,8
16235,673,968,8,8
16236,673,204,6,8
16237,673,42,9,10
16238,673,297,8,9
16239,673,669,5,7
16240,673,578,6,7
16241,673,810,8,7
16242,673,162,7,7
16243,673,621,8,10
16244,673,115,8,9
16245,673,98,8,9
16246,673,527,7,8
16247,673,646,6,4
16248,673,793,9,10
16249,673,229,9,10
16250,673,269,6,5
16251,673,359,7,8
16252,673,461,8,8
16253,674,237,5,9
16254,674,573,9,10
16255,674,886,10,8
16256,674,491,8,9
16257,674,428,8,9
16258,674,774,7,7
16259,674,311,10,9
16260,674,968,7,9
16261,674,204,9,7
16262,674,42,7,8
16263,674,297,5,5
16264,674,669,10,8
16265,674,578,5,8
16266,674,810,9,9
16267,674,162,7,8
16268,674,621,8,8
16269,674,115,5,6
16270,674,98,6,8
16271,674,527,10,8
16272,674,646,9,8
16273,674,793,10,9
16274,674,229,10,8
16275,674,269,6,6
16276,674,359,10,9
16277,674,461,9,9
16278,675,237,7,8
16279,675,573,7,8
16280,675,886,5,6
16281,675,491,10,7
16282,675,428,10,9
16283,675,774,8,9
16284,675,311,7,6
16285,675,968,8,10
16286,675,204,7,7
16287,675,42,9,9
16288,675,297,8,8
16289,675,669,8,7
16290,675,578,6,9
16291,675,810,5,6
16292,675,162,6,4
16293,675,621,7,9
16294,675,115,4,8
16295,675,98,8,9
16296,675,527,9,9
16297,675,646,10,9
16298,675,793,10,9
16299,675,229,9,9
16300,675,269,6,8
16301,675,359,8,8
16302,675,461,10,8
16303,676,237,6,8
16304,676,573,6,8
16305,676,886,8,9
16306,676,491,7,8
16307,676,428,10,8
16308,676,774,10,8
16309,676,311,8,5
16310,676,968,8,8
16311,676,204,8,9
16312,676,42,8,9
16313,676,297,9,7
16314,676,669,8,7
16315,676,578,9,8
16316,676,810,4,5
16317,676,162,9,7
16318,676,621,9,9
16319,676,115,8,9
16320,676,98,8,8
16321,676,527,9,8
16322,676,646,9,7
16323,676,793,6,5
16324,676,229,9,8
16325,676,269,7,7
16326,676,359,10,8
16327,676,461,9,8
16328,677,237,3,4
16329,677,573,8,7
16330,677,886,8,7
16331,677,491,7,6
16332,677,428,4,4
16333,677,774,9,7
16334,677,311,4,7
16335,677,968,5,6
16336,677,204,6,8
16337,677,42,2,3
16338,677,297,5,5
16339,677,669,5,6
16340,677,578,6,6
16341,677,810,8,8
16342,677,162,7,6
16343,677,621,7,7
16344,677,115,3,5
16345,677,98,6,5
16346,677,527,8,7
16347,677,646,4,4
16348,677,793,3,7
16349,677,229,5,6
16350,677,269,7,7
16351,677,359,5,6
16352,677,461,5,5
16353,678,237,5,5
16354,678,573,7,7
16355,678,886,8,9
16356,678,491,7,8
16357,678,428,10,8
16358,678,774,9,7
16359,678,311,7,7
16360,678,968,7,8
16361,678,204,8,7
16362,678,42,6,5
16363,678,297,7,8
16364,678,669,8,8
16365,678,578,8,8
16366,678,810,7,7
16367,678,162,5,7
16368,678,621,8,8
16369,678,115,3,5
16370,678,98,6,8
16371,678,527,7,9
16372,678,646,1,5
16373,678,793,3,5
16374,678,229,6,8
16375,678,269,8,7
16376,678,359,6,6
16377,678,461,6,6
16378,679,237,4,7
16379,679,573,5,5
16380,679,886,6,8
16381,679,491,2,2
16382,679,428,10,7
16383,679,774,8,8
16384,679,311,7,8
16385,679,968,4,5
16386,679,204,2,4
16387,679,42,7,7
16388,679,297,7,5
16389,679,669,8,6
16390,679,578,7,6
16391,679,810,5,5
16392,679,162,1,3
16393,679,621,6,8
16394,679,115,2,5
16395,679,98,6,8
16396,679,527,3,5
16397,679,646,4,3
16398,679,793,4,5
16399,679,229,7,8
16400,679,269,6,6
16401,679,359,7,6
16402,679,461,6,6
16403,680,237,5,7
16404,680,573,7,7
16405,680,886,8,9
16406,680,491,6,6
16407,680,428,8,5
16408,680,774,6,8
16409,680,311,9,8
16410,680,968,8,7
16411,680,204,7,9
16412,680,42,7,9
16413,680,297,7,6
16414,680,669,6,8
16415,680,578,6,8
16416,680,810,7,8
16417,680,162,4,5
16418,680,621,9,8
16419,680,115,4,8
16420,680,98,8,9
16421,680,527,4,7
16422,680,646,6,7
16423,680,793,6,6
16424,680,229,10,9
16425,680,269,9,9
16426,680,359,8,9
16427,680,461,7,7
16428,681,237,7,8
16429,681,573,6,8
16430,681,886,5,5
16431,681,491,3,3
16432,681,428,3,4
16433,681,774,4,4
16434,681,311,6,8
16435,681,968,6,7
16436,681,204,4,5
16437,681,42,6,6
16438,681,297,2,4
16439,681,669,6,5
16440,681,578,7,6
16441,681,810,7,5
16442,681,162,6,7
16443,681,621,6,7
16444,681,115,1,2
16445,681,98,7,8
16446,681,527,3,5
16447,681,646,7,7
16448,681,793,4,4
16449,681,229,6,6
16450,681,269,7,8
16451,681,359,7,8
16452,681,461,6,7
16453,682,237,8,8
16454,682,573,8,6
16455,682,886,4,5
16456,682,491,4,5
16457,682,428,3,4
16458,682,774,5,4
16459,682,311,8,8
16460,682,968,6,6
16461,682,204,2,6
16462,682,42,9,7
16463,682,297,7,6
16464,682,669,8,7
16465,682,578,2,6
16466,682,810,8,6
16467,682,162,7,8
16468,682,621,5,6
16469,682,115,7,6
16470,682,98,5,5
16471,682,527,3,6
16472,682,646,6,5
16473,682,793,3,5
16474,682,229,7,6
16475,682,269,3,5
16476,682,359,7,6
16477,682,461,3,3
16478,683,237,7,8
16479,683,573,4,5
16480,683,886,4,6
16481,683,491,2,5
16482,683,428,5,7
16483,683,774,7,8
16484,683,311,6,6
16485,683,968,6,5
16486,683,204,6,6
16487,683,42,5,6
16488,683,297,5,7
16489,683,669,7,6
16490,683,578,7,7
16491,683,810,6,7
16492,683,162,3,2
16493,683,621,5,6
16494,683,115,4,7
16495,683,98,7,6
16496,683,527,5,5
16497,683,646,7,7
16498,683,793,4,5
16499,683,229,8,6
16500,683,269,3,6
16501,683,359,8,7
16502,683,461,2,6
16503,684,237,8,9
16504,684,573,6,8
16505,684,886,7,9
16506,684,491,4,8
16507,684,428,9,8
16508,684,774,9,10
16509,684,311,10,10
16510,684,968,7,8
16511,684,204,10,8
16512,684,42,7,8
16513,684,297,8,8
16514,684,669,7,9
16515,684,578,7,9
16516,684,810,9,7
16517,684,162,8,9
16518,684,621,4,5
16519,684,115,9,8
16520,684,98,8,8
16521,684,527,6,8
16522,684,646,5,5
16523,684,793,7,8
16524,684,229,7,6
16525,684,269,7,6
16526,684,359,9,10
16527,684,461,5,5
16528,685,237,8,6
16529,685,573,7,7
16530,685,886,4,5
16531,685,491,4,7
16532,685,428,8,7
16533,685,774,6,6
16534,685,311,7,6
16535,685,968,5,7
16536,685,204,7,7
16537,685,42,6,6
16538,685,297,7,5
16539,685,669,4,4
16540,685,578,4,3
16541,685,810,2,6
16542,685,162,8,8
16543,685,621,2,2
16544,685,115,6,7
16545,685,98,6,6
16546,685,527,7,7
16547,685,646,8,6
16548,685,793,4,5
16549,685,229,5,7
16550,685,269,7,6
16551,685,359,7,7
16552,685,461,7,5
16553,686,237,9,9
16554,686,573,10,10
16555,686,886,6,8
16556,686,491,7,6
16557,686,428,10,8
16558,686,774,10,8
16559,686,311,10,8
16560,686,968,10,10
16561,686,204,8,7
16562,686,42,8,8
16563,686,297,4,6
16564,686,669,4,7
16565,686,578,6,6
16566,686,810,8,9
16567,686,162,10,10
16568,686,621,7,9
16569,686,115,8,9
16570,686,98,9,9
16571,686,527,9,9
16572,686,646,8,8
16573,686,793,7,8
16574,686,229,6,7
16575,686,269,10,8
16576,686,359,9,9
16577,686,461,5,6
16578,687,237,5,4
16579,687,573,6,7
16580,687,886,5,4
16581,687,491,8,8
16582,687,428,5,4
16583,687,774,8,7
16584,687,311,5,4
16585,687,968,3,4
16586,687,204,8,8
16587,687,42,5,7
16588,687,297,5,7
16589,687,669,3,3
16590,687,578,6,7
16591,687,810,5,6
16592,687,162,6,6
16593,687,621,6,7
16594,687,115,7,7
16595,687,98,6,5
16596,687,527,7,6
16597,687,646,6,5
16598,687,793,5,5
16599,687,229,7,6
16600,687,269,3,7
16601,687,359,6,6
16602,687,461,5,6
16603,688,237,4,4
16604,688,573,7,6
16605,688,886,7,7
16606,688,491,3,7
16607,688,428,4,7
16608,688,774,8,7
16609,688,311,6,7
16610,688,968,5,4
16611,688,204,5,6
16612,688,42,4,5
16613,688,297,2,4
16614,688,669,4,2
16615,688,578,5,5
16616,688,810,4,4
16617,688,162,8,8
16618,688,621,8,7
16619,688,115,6,5
16620,688,98,6,6
16621,688,527,7,6
16622,688,646,8,7
16623,688,793,4,6
16624,688,229,7,6
16625,688,269,4,6
16626,688,359,8,8
16627,688,461,3,3
16628,689,237,5,8
16629,689,573,9,8
16630,689,886,9,10
16631,689,491,3,5
16632,689,428,10,9
16633,689,774,6,7
16634,689,311,7,7
16635,689,968,2,4
16636,689,204,9,10
16637,689,42,9,9
16638,689,297,5,5
16639,689,669,7,6
16640,689,578,7,9
16641,689,810,7,7
16642,689,162,8,10
16643,689,621,6,6
16644,689,115,8,8
16645,689,98,9,7
16646,689,527,8,8
16647,689,646,7,7
16648,689,793,7,7
16649,689,229,7,9
16650,689,269,10,9
16651,689,359,9,10
16652,689,461,9,7
16653,690,237,6,8
16654,690,573,7,8
16655,690,886,8,10
16656,690,491,8,10
16657,690,428,9,9
16658,690,774,9,10
16659,690,311,10,8
16660,690,968,8,6
16661,690,204,8,7
16662,690,42,7,9
16663,690,297,6,6
16664,690,669,8,8
16665,690,578,8,8
16666,690,810,8,8
16667,690,162,8,9
16668,690,621,10,9
16669,690,115,5,8
16670,690,98,7,7
16671,690,527,7,8
16672,690,646,8,7
16673,690,793,9,10
16674,690,229,5,8
16675,690,269,8,8
16676,690,359,10,9
16677,690,461,8,7
16678,691,237,10,9
16679,691,573,9,9
16680,691,886,10,9
16681,691,491,6,8
16682,691,428,9,10
16683,691,774,8,10
16684,691,311,9,8
16685,691,968,7,9
16686,691,204,7,7
16687,691,42,9,7
16688,691,297,4,6
16689,691,669,8,9
16690,691,578,5,7
16691,691,810,9,8
16692,691,162,8,8
16693,691,621,9,7
16694,691,115,8,8
16695,691,98,9,7
16696,691,527,7,6
16697,691,646,9,7
16698,691,793,5,6
16699,691,229,4,5
16700,691,269,5,6
16701,691,359,9,9
16702,691,461,6,6
16703,692,237,8,7
16704,692,573,8,7
16705,692,886,8,7
16706,692,491,4,7
16707,692,428,8,7
16708,692,774,8,6
16709,692,311,8,7
16710,692,968,6,6
16711,692,204,6,7
16712,692,42,4,4
16713,692,297,3,6
16714,692,669,4,5
16715,692,578,2,4
16716,692,810,5,5
16717,692,162,6,7
16718,692,621,5,7
16719,692,115,6,5
16720,692,98,6,5
16721,692,527,6,8
16722,692,646,6,7
16723,692,793,5,5
16724,692,229,6,7
16725,692,269,5,5
16726,692,359,6,6
16727,692,461,7,6
16728,693,237,7,8
16729,693,573,7,8
16730,693,886,7,7
16731,693,491,7,7
16732,693,428,8,9
16733,693,774,8,8
16734,693,311,6,7
16735,693,968,8,8
16736,693,204,3,4
16737,693,42,3,5
16738,693,297,8,8
16739,693,669,4,5
16740,693,578,6,5
16741,693,810,6,8
16742,693,162,9,9
16743,693,621,4,6
16744,693,115,8,9
16745,693,98,9,8
16746,693,527,8,7
16747,693,646,8,7
16748,693,793,8,7
16749,693,229,5,7
16750,693,269,5,6
16751,693,359,7,9
16752,693,461,7,8
16753,694,237,8,8
16754,694,573,8,8
16755,694,886,9,10
16756,694,491,5,7
16757,694,428,10,9
16758,694,774,10,8
16759,694,311,6,9
16760,694,968,9,9
16761,694,204,6,5
16762,694,42,7,9
16763,694,297,9,9
16764,694,669,6,6
16765,694,578,9,9
16766,694,810,9,9
16767,694,162,6,5
16768,694,621,7,6
16769,694,115,7,7
16770,694,98,10,9
16771,694,527,8,10
16772,694,646,9,9
16773,694,793,6,7
16774,694,229,5,6
16775,694,269,5,8
16776,694,359,9,9
16777,694,461,6,5
16778,695,237,6,7
16779,695,573,6,7
16780,695,886,8,8
16781,695,491,7,6
16782,695,428,4,7
16783,695,774,7,7
16784,695,311,3,7
16785,695,968,6,5
16786,695,204,4,6
16787,695,42,6,7
16788,695,297,6,6
16789,695,669,6,6
16790,695,578,8,7
16791,695,810,1,2
16792,695,162,5,7
16793,695,621,7,8
16794,695,115,6,7
16795,695,98,4,7
16796,695,527,9,6
16797,695,646,6,6
16798,695,793,7,7
16799,695,229,3,6
16800,695,269,3,4
16801,695,359,6,8
16802,695,461,5,3
16803,696,237,10,9
16804,696,573,7,7
16805,696,886,9,9
16806,696,491,9,9
16807,696,428,7,6
16808,696,774,10,10
16809,696,311,8,10
16810,696,968,10,9
16811,696,204,4,8
16812,696,42,3,4
16813,696,297,8,9
16814,696,669,8,9
16815,696,578,9,10
16816,696,810,5,5
16817,696,162,9,8
16818,696,621,9,8
16819,696,115,8,8
16820,696,98,6,5
16821,696,527,9,8
16822,696,646,5,6
16823,696,793,10,10
16824,696,229,7,8
16825,696,269,9,9
16826,696,359,9,10
16827,696,461,8,9
16828,697,237,8,7
16829,697,573,7,6
16830,697,886,6,7
16831,697,491,2,3
16832,697,428,7,6
16833,697,774,8,7
16834,697,311,6,8
16835,697,968,5,6
16836,697,204,4,6
16837,697,42,5,7
16838,697,297,6,6
16839,697,669,6,6
16840,697,578,7,6
16841,697,810,3,5
16842,697,162,8,7
16843,697,621,7,7
16844,697,115,7,5
16845,697,98,6,7
16846,697,527,3,6
16847,697,646,3,4
16848,697,793,8,7
16849,697,229,3,7
16850,697,269,3,5
16851,697,359,6,7
16852,697,461,6,7
16853,698,237,7,7
16854,698,573,3,5
16855,698,886,7,6
16856,698,491,7,5
16857,698,428,5,6
16858,698,774,5,4
16859,698,311,8,7
16860,698,968,3,4
16861,698,204,1,1
16862,698,42,6,6
16863,698,297,8,7
16864,698,669,7,6
16865,698,578,6,6
16866,698,810,6,6
16867,698,162,5,7
16868,698,621,6,7
16869,698,115,5,7
16870,698,98,4,2
16871,698,527,8,7
16872,698,646,5,4
16873,698,793,7,7
16874,698,229,3,6
16875,698,269,8,7
16876,698,359,8,7
16877,698,461,3,6
16878,699,237,8,7
16879,699,573,4,7
16880,699,886,4,4
16881,699,491,6,7
16882,699,428,4,5
16883,699,774,6,7
16884,699,311,8,7
16885,699,968,6,6
16886,699,204,4,5
16887,699,42,6,5
16888,699,297,4,6
16889,699,669,1,3
16890,699,578,7,5
16891,699,810,7,5
16892,699,162,4,5
16893,699,621,7,6
16894,699,115,6,7
16895,699,98,7,5
16896,699,527,7,8
16897,699,646,2,5
16898,699,793,8,6
16899,699,229,5,5
16900,699,269,6,8
16901,699,359,6,6
16902,699,461,3,6
16903,700,237,8,7
16904,700,573,4,8
16905,700,886,7,7
16906,700,491,3,5
16907,700,428,6,7
16908,700,774,9,9
16909,700,311,9,7
16910,700,968,3,5
16911,700,204,3,4
16912,700,42,6,6
16913,700,297,7,7
16914,700,669,4,6
16915,700,578,9,7
16916,700,810,6,6
16917,700,162,8,7
16918,700,621,9,9
16919,700,115,6,7
16920,700,98,5,4
16921,700,527,9,7
16922,700,646,2,2
16923,700,793,9,7
16924,700,229,8,7
16925,700,269,9,9
16926,700,359,9,7
16927,700,461,9,7
16928,701,237,5,9
16929,701,573,10,8
16930,701,886,9,9
16931,701,491,5,7
16932,701,428,10,9
16933,701,774,10,10
16934,701,311,9,10
16935,701,968,7,8
16936,701,204,7,7
16937,701,42,6,7
16938,701,297,9,8
16939,701,669,8,7
16940,701,578,9,10
16941,701,810,8,7
16942,701,162,5,6
16943,701,621,9,8
16944,701,115,10,9
16945,701,98,8,7
16946,701,527,10,8
16947,701,646,5,8
16948,701,793,6,6
16949,701,229,7,7
16950,701,269,5,7
16951,701,359,9,9
16952,701,461,7,9
16953,702,237,10,8
16954,702,573,9,9
16955,702,886,9,10
16956,702,491,9,8
16957,702,428,7,8
16958,702,774,5,8
16959,702,311,6,9
16960,702,968,8,7
16961,702,204,9,8
16962,702,42,4,6
16963,702,297,9,9
16964,702,669,9,8
16965,702,578,9,7
16966,702,810,10,9
16967,702,162,9,9
16968,702,621,9,8
16969,702,115,7,9
16970,702,98,9,9
16971,702,527,8,9
16972,702,646,9,8
16973,702,793,10,10
16974,702,229,7,6
16975,702,269,8,8
16976,702,359,8,9
16977,702,461,7,8
16978,703,237,8,8
16979,703,573,7,9
16980,703,886,7,7
16981,703,491,7,8
16982,703,428,7,5
16983,703,774,5,7
16984,703,311,7,8
16985,703,968,8,6
16986,703,204,9,8
16987,703,42,8,6
16988,703,297,3,6
16989,703,669,3,6
16990,703,578,7,8
16991,703,810,8,8
16992,703,162,8,9
16993,703,621,4,6
16994,703,115,6,8
16995,703,98,8,7
16996,703,527,4,5
16997,703,646,6,8
16998,703,793,7,8
16999,703,229,8,7
17000,703,269,9,9
17001,703,359,6,5
17002,703,461,9,9
17003,704,237,6,6
17004,704,573,5,6
17005,704,886,8,8
17006,704,491,6,7
17007,704,428,7,7
17008,704,774,6,8
17009,704,311,6,4
17010,704,968,5,7
17011,704,204,8,7
17012,704,42,4,3
17013,704,297,8,6
17014,704,669,4,5
17015,704,578,8,7
17016,704,810,6,6
17017,704,162,7,6
17018,704,621,3,3
17019,704,115,7,6
17020,704,98,5,5
17021,704,527,4,5
17022,704,646,6,7
17023,704,793,7,7
17024,704,229,2,3
17025,704,269,8,8
17026,704,359,7,5
17027,704,461,8,6
17028,705,237,7,7
17029,705,573,5,5
17030,705,886,4,5
17031,705,491,7,6
17032,705,428,4,8
17033,705,774,7,9
17034,705,311,5,8
17035,705,968,3,3
17036,705,204,5,4
17037,705,42,7,7
17038,705,297,6,6
17039,705,669,1,5
17040,705,578,6,6
17041,705,810,4,6
17042,705,162,7,6
17043,705,621,9,7
17044,705,115,4,5
17045,705,98,8,7
17046,705,527,7,7
17047,705,646,9,7
17048,705,793,7,7
17049,705,229,7,7
17050,705,269,9,8
17051,705,359,8,7
17052,705,461,8,8
17053,706,658,6,6
17054,706,697,4,6
17055,706,786,1,2
17056,706,249,1,2
17057,706,893,7,6
17058,706,509,1,1
17059,706,354,1,1
17060,706,205,5,4
17061,706,301,6,8
17062,706,767,5,7
17063,706,219,8,6
17064,706,432,1,2
17065,706,879,3,7
17066,706,164,3,7
17067,706,242,1,1
17068,706,261,1,1
17069,706,811,1,1
17070,706,931,3,7
17071,706,376,5,5
17072,706,680,8,7
17073,706,832,2,2
17074,706,884,1,1
17075,706,93,8,6
17076,706,87,7,7
17077,706,56,5,5
17078,707,658,7,8
17079,707,697,6,7
17080,707,786,9,9
17081,707,249,7,6
17082,707,893,8,9
17083,707,509,7,7
17084,707,354,4,8
17085,707,205,4,6
17086,707,301,8,8
17087,707,767,6,6
17088,707,219,6,6
17089,707,432,7,7
17090,707,879,6,6
17091,707,164,4,6
17092,707,242,4,4
17093,707,261,1,3
17094,707,811,6,7
17095,707,931,3,5
17096,707,376,7,8
17097,707,680,8,8
17098,707,832,9,9
17099,707,884,6,8
17100,707,93,7,9
17101,707,87,8,8
17102,707,56,6,7
17103,708,658,4,6
17104,708,697,2,5
17105,708,786,7,6
17106,708,249,3,5
17107,708,893,8,8
17108,708,509,2,4
17109,708,354,4,4
17110,708,205,6,5
17111,708,301,7,8
17112,708,767,5,5
17113,708,219,5,7
17114,708,432,8,7
17115,708,879,5,4
17116,708,164,5,5
17117,708,242,6,7
17118,708,261,8,8
17119,708,811,7,8
17120,708,931,6,7
17121,708,376,6,6
17122,708,680,5,5
17123,708,832,7,8
17124,708,884,7,7
17125,708,93,6,5
17126,708,87,5,5
17127,708,56,6,6
17128,709,658,5,5
17129,709,697,3,6
17130,709,786,8,8
17131,709,249,6,5
17132,709,893,2,5
17133,709,509,8,7
17134,709,354,2,3
17135,709,205,7,6
17136,709,301,5,5
17137,709,767,3,3
17138,709,219,7,7
17139,709,432,7,7
17140,709,879,6,6
17141,709,164,4,6
17142,709,242,5,7
17143,709,261,7,7
17144,709,811,6,7
17145,709,931,3,4
17146,709,376,5,5
17147,709,680,6,6
17148,709,832,3,3
17149,709,884,5,5
17150,709,93,5,6
17151,709,87,1,3
17152,709,56,5,5
17153,710,658,7,7
17154,710,697,6,8
17155,710,786,10,8
17156,710,249,6,5
17157,710,893,6,9
17158,710,509,9,8
17159,710,354,7,6
17160,710,205,7,7
17161,710,301,9,7
17162,710,767,5,5
17163,710,219,5,5
17164,710,432,9,7
17165,710,879,6,7
17166,710,164,6,6
17167,710,242,6,5
17168,710,261,7,8
17169,710,811,9,7
17170,710,931,8,10
17171,710,376,6,4
17172,710,680,9,9
17173,710,832,8,8
17174,710,884,9,8
17175,710,93,9,7
17176,710,87,3,4
17177,710,56,6,6
17178,711,658,4,8
17179,711,697,5,6
17180,711,786,9,7
17181,711,249,6,8
17182,711,893,4,4
17183,711,509,9,8
17184,711,354,6,5
17185,711,205,7,6
17186,711,301,8,6
17187,711,767,3,4
17188,711,219,4,6
17189,711,432,9,7
17190,711,879,9,8
17191,711,164,3,4
17192,711,242,9,9
17193,711,261,4,4
17194,711,811,8,7
17195,711,931,8,9
17196,711,376,4,6
17197,711,680,8,8
17198,711,832,5,4
17199,711,884,9,7
17200,711,93,4,4
17201,711,87,3,6
17202,711,56,5,4
17203,712,658,6,6
17204,712,697,10,9
17205,712,786,10,10
17206,712,249,8,10
17207,712,893,4,4
17208,712,509,4,5
17209,712,354,10,8
17210,712,205,5,6
17211,712,301,9,7
17212,712,767,6,6
17213,712,219,8,8
17214,712,432,9,8
17215,712,879,9,8
17216,712,164,5,6
17217,712,242,4,4
17218,712,261,8,7
17219,712,811,9,7
17220,712,931,4,8
17221,712,376,8,10
17222,712,680,8,10
17223,712,832,7,9
17224,712,884,7,8
17225,712,93,6,6
17226,712,87,6,5
17227,712,56,6,6
17228,713,658,6,7
17229,713,697,8,8
17230,713,786,9,9
17231,713,249,6,5
17232,713,893,6,8
17233,713,509,5,7
17234,713,354,8,9
17235,713,205,8,6
17236,713,301,8,9
17237,713,767,8,8
17238,713,219,7,6
17239,713,432,9,7
17240,713,879,4,6
17241,713,164,5,4
17242,713,242,7,7
17243,713,261,3,5
17244,713,811,7,8
17245,713,931,6,5
17246,713,376,7,9
17247,713,680,7,8
17248,713,832,7,7
17249,713,884,5,6
17250,713,93,6,7
17251,713,87,7,8
17252,713,56,4,6
17253,714,658,4,7
17254,714,697,4,6
17255,714,786,9,7
17256,714,249,7,8
17257,714,893,9,7
17258,714,509,9,7
17259,714,354,7,9
17260,714,205,8,8
17261,714,301,3,7
17262,714,767,5,5
17263,714,219,6,6
17264,714,432,8,8
17265,714,879,4,5
17266,714,164,1,4
17267,714,242,9,9
17268,714,261,4,4
17269,714,811,9,7
17270,714,931,5,4
17271,714,376,10,9
17272,714,680,8,8
17273,714,832,5,4
17274,714,884,6,6
17275,714,93,6,7
17276,714,87,9,9
17277,714,56,7,9
17278,715,658,4,7
17279,715,697,6,8
17280,715,786,9,7
17281,715,249,6,8
17282,715,893,7,7
17283,715,509,9,7
17284,715,354,9,8
17285,715,205,7,7
17286,715,301,5,6
17287,715,767,6,6
17288,715,219,3,5
17289,715,432,8,6
17290,715,879,5,6
17291,715,164,4,7
17292,715,242,6,8
17293,715,261,9,8
17294,715,811,3,4
17295,715,931,8,9
17296,715,376,7,7
17297,715,680,5,7
17298,715,832,1,1
17299,715,884,7,7
17300,715,93,3,5
17301,715,87,4,5
17302,715,56,8,7
17303,716,658,7,7
17304,716,697,5,6
17305,716,786,6,6
17306,716,249,6,5
17307,716,893,8,7
17308,716,509,7,6
17309,716,354,6,6
17310,716,205,6,7
17311,716,301,7,6
17312,716,767,6,7
17313,716,219,4,6
17314,716,432,7,7
17315,716,879,4,5
17316,716,164,3,4
17317,716,242,3,3
17318,716,261,5,4
17319,716,811,6,7
17320,716,931,6,8
17321,716,376,4,6
17322,716,680,3,4
17323,716,832,7,6
17324,716,884,4,6
17325,716,93,3,5
17326,716,87,7,7
17327,716,56,6,8
17328,717,658,5,6
17329,717,697,7,7
17330,717,786,10,10
17331,717,249,10,8
17332,717,893,5,5
17333,717,509,10,8
17334,717,354,8,8
17335,717,205,9,7
17336,717,301,5,5
17337,717,767,9,8
17338,717,219,7,7
17339,717,432,9,8
17340,717,879,6,7
17341,717,164,6,5
17342,717,242,4,6
17343,717,261,8,7
17344,717,811,8,7
17345,717,931,9,10
17346,717,376,7,9
17347,717,680,6,8
17348,717,832,7,9
17349,717,884,10,10
17350,717,93,9,9
17351,717,87,9,9
17352,717,56,6,7
17353,718,658,6,8
17354,718,697,5,7
17355,718,786,4,4
17356,718,249,6,6
17357,718,893,4,2
17358,718,509,7,5
17359,718,354,8,6
17360,718,205,7,5
17361,718,301,5,4
17362,718,767,6,8
17363,718,219,6,7
17364,718,432,8,8
17365,718,879,4,4
17366,718,164,2,3
17367,718,242,4,3
17368,718,261,6,5
17369,718,811,5,6
17370,718,931,8,6
17371,718,376,1,1
17372,718,680,2,6
17373,718,832,5,5
17374,718,884,5,7
17375,718,93,5,5
17376,718,87,6,6
17377,718,56,2,4
17378,719,658,3,6
17379,719,697,6,7
17380,719,786,4,7
17381,719,249,2,3
17382,719,893,7,5
17383,719,509,6,7
17384,719,354,5,6
17385,719,205,7,6
17386,719,301,3,5
17387,719,767,6,5
17388,719,219,6,5
17389,719,432,4,6
17390,719,879,6,7
17391,719,164,4,3
17392,719,242,7,6
17393,719,261,3,4
17394,719,811,7,8
17395,719,931,8,5
17396,719,376,6,6
17397,719,680,6,5
17398,719,832,7,7
17399,719,884,7,7
17400,719,93,4,3
17401,719,87,6,5
17402,719,56,1,1
17403,720,658,5,6
17404,720,697,9,7
17405,720,786,4,7
17406,720,249,3,4
17407,720,893,8,6
17408,720,509,4,3
17409,720,354,8,7
17410,720,205,6,6
17411,720,301,7,7
17412,720,767,4,4
17413,720,219,7,7
17414,720,432,6,7
17415,720,879,7,9
17416,720,164,5,7
17417,720,242,1,3
17418,720,261,10,9
17419,720,811,6,8
17420,720,931,8,8
17421,720,376,8,7
17422,720,680,5,5
17423,720,832,7,8
17424,720,884,7,8
17425,720,93,7,6
17426,720,87,7,8
17427,720,56,7,6
17428,721,658,5,9
17429,721,697,8,9
17430,721,786,7,9
17431,721,249,10,8
17432,721,893,8,8
17433,721,509,6,5
17434,721,354,8,6
17435,721,205,9,8
17436,721,301,8,7
17437,721,767,6,5
17438,721,219,7,7
17439,721,432,5,8
17440,721,879,8,10
17441,721,164,5,6
17442,721,242,5,6
17443,721,261,10,9
17444,721,811,6,6
17445,721,931,6,6
17446,721,376,5,7
17447,721,680,7,8
17448,721,832,8,8
17449,721,884,9,9
17450,721,93,7,7
17451,721,87,9,8
17452,721,56,7,9
17453,722,658,4,4
17454,722,697,8,8
17455,722,786,8,7
17456,722,249,7,7
17457,722,893,6,7
17458,722,509,4,5
17459,722,354,6,6
17460,722,205,7,6
17461,722,301,5,7
17462,722,767,6,6
17463,722,219,6,6
17464,722,432,2,3
17465,722,879,8,8
17466,722,164,1,2
17467,722,242,3,3
17468,722,261,2,5
17469,722,811,6,6
17470,722,931,4,6
17471,722,376,6,7
17472,722,680,6,6
17473,722,832,7,6
17474,722,884,5,6
17475,722,93,6,5
17476,722,87,3,4
17477,722,56,6,7
17478,723,658,6,9
17479,723,697,10,10
17480,723,786,6,9
17481,723,249,8,8
17482,723,893,9,8
17483,723,509,6,6
17484,723,354,10,10
17485,723,205,7,7
17486,723,301,7,9
17487,723,767,9,9
17488,723,219,9,8
17489,723,432,7,7
17490,723,879,9,8
17491,723,164,10,8
17492,723,242,6,7
17493,723,261,3,2
17494,723,811,8,10
17495,723,931,9,10
17496,723,376,6,9
17497,723,680,8,7
17498,723,832,7,8
17499,723,884,9,8
17500,723,93,9,9
17501,723,87,9,9
17502,723,56,6,6
17503,724,658,9,8
17504,724,697,10,8
17505,724,786,7,6
17506,724,249,8,8
17507,724,893,8,10
17508,724,509,8,8
17509,724,354,9,10
17510,724,205,9,9
17511,724,301,6,6
17512,724,767,8,9
17513,724,219,8,7
17514,724,432,8,7
17515,724,879,9,7
17516,724,164,10,10
17517,724,242,4,8
17518,724,261,7,9
17519,724,811,8,9
17520,724,931,7,7
17521,724,376,6,7
17522,724,680,3,2
17523,724,832,7,8
17524,724,884,5,4
17525,724,93,9,7
17526,724,87,9,10
17527,724,56,4,7
17528,725,658,7,7
17529,725,697,8,8
17530,725,786,6,6
17531,725,249,9,8
17532,725,893,6,6
17533,725,509,9,7
17534,725,354,10,10
17535,725,205,6,5
17536,725,301,2,5
17537,725,767,9,7
17538,725,219,7,7
17539,725,432,10,8
17540,725,879,8,8
17541,725,164,9,9
17542,725,242,7,8
17543,725,261,8,9
17544,725,811,7,7
17545,725,931,10,8
17546,725,376,6,7
17547,725,680,5,7
17548,725,832,9,7
17549,725,884,8,6
17550,725,93,7,9
17551,725,87,8,9
17552,725,56,6,6
17553,726,658,8,7
17554,726,697,6,8
17555,726,786,9,7
17556,726,249,6,5
17557,726,893,5,6
17558,726,509,4,4
17559,726,354,7,8
17560,726,205,6,8
17561,726,301,5,6
17562,726,767,5,4
17563,726,219,7,7
17564,726,432,8,9
17565,726,879,8,8
17566,726,164,7,6
17567,726,242,9,9
17568,726,261,7,7
17569,726,811,7,8
17570,726,931,8,6
17571,726,376,3,3
17572,726,680,5,4
17573,726,832,3,3
17574,726,884,3,6
17575,726,93,8,6
17576,726,87,4,6
17577,726,56,3,4
17578,727,658,8,9
17579,727,697,8,9
17580,727,786,9,8
17581,727,249,8,8
17582,727,893,6,6
17583,727,509,9,8
17584,727,354,10,10
17585,727,205,3,3
17586,727,301,4,6
17587,727,767,5,8
17588,727,219,9,8
17589,727,432,7,9
17590,727,879,8,9
17591,727,164,7,7
17592,727,242,9,10
17593,727,261,2,6
17594,727,811,8,8
17595,727,931,9,9
17596,727,376,7,6
17597,727,680,5,6
17598,727,832,8,7
17599,727,884,7,7
17600,727,93,6,8
17601,727,87,5,8
17602,727,56,6,6
17603,728,658,9,10
17604,728,697,9,8
17605,728,786,6,8
17606,728,249,5,5
17607,728,893,8,10
17608,728,509,8,7
17609,728,354,8,9
17610,728,205,4,7
17611,728,301,5,7
17612,728,767,6,8
17613,728,219,7,9
17614,728,432,4,6
17615,728,879,9,8
17616,728,164,10,8
17617,728,242,8,7
17618,728,261,5,7
17619,728,811,6,6
17620,728,931,9,9
17621,728,376,10,10
17622,728,680,6,5
17623,728,832,7,7
17624,728,884,8,7
17625,728,93,5,7
17626,728,87,8,9
17627,728,56,9,9
17628,729,658,9,7
17629,729,697,5,6
17630,729,786,7,6
17631,729,249,8,7
17632,729,893,5,3
17633,729,509,8,6
17634,729,354,7,9
17635,729,205,6,6
17636,729,301,4,5
17637,729,767,5,6
17638,729,219,5,5
17639,729,432,4,7
17640,729,879,10,9
17641,729,164,4,4
17642,729,242,9,7
17643,729,261,7,6
17644,729,811,8,8
17645,729,931,8,9
17646,729,376,4,7
17647,729,680,1,3
17648,729,832,5,4
17649,729,884,7,6
17650,729,93,1,2
17651,729,87,8,8
17652,729,56,8,8
17653,730,658,6,9
17654,730,697,7,6
17655,730,786,9,10
17656,730,249,9,8
17657,730,893,9,9
17658,730,509,8,9
17659,730,354,5,8
17660,730,205,9,9
17661,730,301,9,9
17662,730,767,6,6
17663,730,219,9,8
17664,730,432,8,7
17665,730,879,10,10
17666,730,164,7,9
17667,730,242,4,8
17668,730,261,6,4
17669,730,811,7,7
17670,730,931,8,10
17671,730,376,4,8
17672,730,680,5,7
17673,730,832,7,9
17674,730,884,9,9
17675,730,93,7,6
17676,730,87,9,10
17677,730,56,8,8
17678,731,658,3,4
17679,731,697,6,6
17680,731,786,7,7
17681,731,249,6,6
17682,731,893,6,5
17683,731,509,7,7
17684,731,354,5,6
17685,731,205,4,6
17686,731,301,6,8
17687,731,767,7,6
17688,731,219,7,7
17689,731,432,7,6
17690,731,879,7,8
17691,731,164,6,7
17692,731,242,3,4
17693,731,261,7,7
17694,731,811,4,6
17695,731,931,7,6
17696,731,376,3,5
17697,731,680,7,5
17698,731,832,5,5
17699,731,884,3,6
17700,731,93,3,4
17701,731,87,8,8
17702,731,56,6,7
17703,732,658,8,7
17704,732,697,7,8
17705,732,786,6,7
17706,732,249,6,8
17707,732,893,5,5
17708,732,509,8,7
17709,732,354,3,6
17710,732,205,2,5
17711,732,301,3,6
17712,732,767,7,5
17713,732,219,6,6
17714,732,432,2,3
17715,732,879,8,6
17716,732,164,7,7
17717,732,242,6,7
17718,732,261,8,7
17719,732,811,1,1
17720,732,931,6,7
17721,732,376,7,6
17722,732,680,4,3
17723,732,832,3,4
17724,732,884,2,3
17725,732,93,5,7
17726,732,87,7,7
17727,732,56,4,2
17728,733,658,5,6
17729,733,697,10,10
17730,733,786,9,9
17731,733,249,8,7
17732,733,893,9,10
17733,733,509,7,7
17734,733,354,8,8
17735,733,205,4,8
17736,733,301,8,8
17737,733,767,8,8
17738,733,219,8,8
17739,733,432,5,7
17740,733,879,5,9
17741,733,164,8,8
17742,733,242,10,10
17743,733,261,8,9
17744,733,811,9,8
17745,733,931,9,8
17746,733,376,7,8
17747,733,680,5,6
17748,733,832,9,9
17749,733,884,5,5
17750,733,93,8,8
17751,733,87,7,9
17752,733,56,3,5
17753,734,658,5,4
17754,734,697,7,6
17755,734,786,7,7
17756,734,249,5,6
17757,734,893,5,7
17758,734,509,4,5
17759,734,354,7,7
17760,734,205,5,5
17761,734,301,2,6
17762,734,767,4,5
17763,734,219,3,3
17764,734,432,2,3
17765,734,879,4,4
17766,734,164,6,6
17767,734,242,7,5
17768,734,261,6,5
17769,734,811,3,3
17770,734,931,7,8
17771,734,376,7,7
17772,734,680,6,5
17773,734,832,6,6
17774,734,884,4,7
17775,734,93,7,7
17776,734,87,3,4
17777,734,56,7,7
17778,735,658,9,9
17779,735,697,9,9
17780,735,786,4,8
17781,735,249,6,4
17782,735,893,3,2
17783,735,509,4,5
17784,735,354,8,7
17785,735,205,8,6
17786,735,301,6,7
17787,735,767,4,8
17788,735,219,8,6
17789,735,432,6,6
17790,735,879,5,7
17791,735,164,6,7
17792,735,242,8,7
17793,735,261,8,8
17794,735,811,7,7
17795,735,931,8,8
17796,735,376,8,7
17797,735,680,6,8
17798,735,832,8,7
17799,735,884,4,5
17800,735,93,6,6
17801,735,87,5,6
17802,735,56,5,7
17803,736,658,5,5
17804,736,697,6,5
17805,736,786,3,7
17806,736,249,4,4
17807,736,893,5,6
17808,736,509,5,7
17809,736,354,5,7
17810,736,205,3,2
17811,736,301,5,7
17812,736,767,4,3
17813,736,219,2,4
17814,736,432,5,7
17815,736,879,3,4
17816,736,164,5,5
17817,736,242,2,6
17818,736,261,5,5
17819,736,811,5,7
17820,736,931,7,6
17821,736,376,2,4
17822,736,680,7,5
17823,736,832,3,3
17824,736,884,3,2
17825,736,93,7,5
17826,736,87,4,4
17827,736,56,2,6
17828,737,658,10,10
17829,737,697,8,10
17830,737,786,8,8
17831,737,249,6,7
17832,737,893,9,9
17833,737,509,8,9
17834,737,354,10,9
17835,737,205,10,8
17836,737,301,9,8
17837,737,767,8,8
17838,737,219,6,7
17839,737,432,5,7
17840,737,879,6,6
17841,737,164,9,8
17842,737,242,4,6
17843,737,261,9,9
17844,737,811,9,9
17845,737,931,10,7
17846,737,376,2,5
17847,737,680,9,10
17848,737,832,8,8
17849,737,884,8,9
17850,737,93,7,7
17851,737,87,6,7
17852,737,56,6,9
17853,738,658,5,5
17854,738,697,10,9
17855,738,786,9,10
17856,738,249,8,8
17857,738,893,6,7
17858,738,509,8,9
17859,738,354,7,9
17860,738,205,5,7
17861,738,301,4,8
17862,738,767,7,8
17863,738,219,9,9
17864,738,432,8,8
17865,738,879,8,6
17866,738,164,8,8
17867,738,242,9,9
17868,738,261,8,9
17869,738,811,8,7
17870,738,931,6,9
17871,738,376,6,7
17872,738,680,5,6
17873,738,832,9,7
17874,738,884,8,8
17875,738,93,10,9
17876,738,87,4,8
17877,738,56,4,6
17878,739,658,3,5
17879,739,697,7,7
17880,739,786,4,5
17881,739,249,7,6
17882,739,893,3,4
17883,739,509,5,6
17884,739,354,8,7
17885,739,205,4,7
17886,739,301,5,3
17887,739,767,5,5
17888,739,219,5,7
17889,739,432,6,6
17890,739,879,3,7
17891,739,164,2,3
17892,739,242,8,7
17893,739,261,5,6
17894,739,811,7,6
17895,739,931,4,6
17896,739,376,6,6
17897,739,680,8,8
17898,739,832,4,4
17899,739,884,5,7
17900,739,93,6,7
17901,739,87,7,6
17902,739,56,2,5
17903,740,658,6,6
17904,740,697,7,9
17905,740,786,8,8
17906,740,249,6,6
17907,740,893,4,6
17908,740,509,4,3
17909,740,354,8,7
17910,740,205,6,5
17911,740,301,6,7
17912,740,767,9,8
17913,740,219,7,8
17914,740,432,8,6
17915,740,879,9,8
17916,740,164,5,7
17917,740,242,7,8
17918,740,261,7,8
17919,740,811,7,7
17920,740,931,7,8
17921,740,376,7,6
17922,740,680,7,8
17923,740,832,8,7
17924,740,884,6,6
17925,740,93,5,5
17926,740,87,3,5
17927,740,56,3,4
17928,741,658,7,7
17929,741,697,7,8
17930,741,786,8,8
17931,741,249,6,6
17932,741,893,8,5
17933,741,509,5,5
17934,741,354,5,5
17935,741,205,5,4
17936,741,301,2,3
17937,741,767,6,7
17938,741,219,4,4
17939,741,432,6,6
17940,741,879,7,8
17941,741,164,8,6
17942,741,242,7,6
17943,741,261,5,6
17944,741,811,7,6
17945,741,931,4,5
17946,741,376,6,5
17947,741,680,4,5
17948,741,832,5,5
17949,741,884,6,5
17950,741,93,3,3
17951,741,87,2,4
17952,741,56,4,4
17953,742,658,8,9
17954,742,697,9,10
17955,742,786,9,10
17956,742,249,10,8
17957,742,893,4,5
17958,742,509,9,8
17959,742,354,6,6
17960,742,205,2,5
17961,742,301,6,7
17962,742,767,9,8
17963,742,219,8,9
17964,742,432,8,7
17965,742,879,10,10
17966,742,164,9,9
17967,742,242,7,5
17968,742,261,4,6
17969,742,811,7,9
17970,742,931,6,8
17971,742,376,9,10
17972,742,680,7,7
17973,742,832,4,5
17974,742,884,8,8
17975,742,93,9,9
17976,742,87,8,7
17977,742,56,6,6
17978,743,658,9,9
17979,743,697,9,9
17980,743,786,10,9
17981,743,249,9,8
17982,743,893,10,8
17983,743,509,7,6
17984,743,354,10,7
17985,743,205,5,7
17986,743,301,5,8
17987,743,767,5,8
17988,743,219,8,10
17989,743,432,9,7
17990,743,879,5,6
17991,743,164,8,10
17992,743,242,7,7
17993,743,261,4,7
17994,743,811,9,7
17995,743,931,8,8
17996,743,376,9,9
17997,743,680,6,6
17998,743,832,9,7
17999,743,884,4,8
18000,743,93,8,10
18001,743,87,4,5
18002,743,56,4,6
18003,744,658,7,7
18004,744,697,9,10
18005,744,786,8,8
18006,744,249,9,9
18007,744,893,7,7
18008,744,509,10,10
18009,744,354,9,9
18010,744,205,7,9
18011,744,301,9,8
18012,744,767,4,5
18013,744,219,6,9
18014,744,432,9,9
18015,744,879,10,9
18016,744,164,8,10
18017,744,242,7,9
18018,744,261,9,9
18019,744,811,7,8
18020,744,931,8,10
18021,744,376,8,8
18022,744,680,8,9
18023,744,832,9,8
18024,744,884,6,6
18025,744,93,9,7
18026,744,87,9,8
18027,744,56,10,8
18028,745,658,9,9
18029,745,697,9,8
18030,745,786,10,8
18031,745,249,6,7
18032,745,893,8,8
18033,745,509,10,10
18034,745,354,9,10
18035,745,205,3,3
18036,745,301,5,8
18037,745,767,7,8
18038,745,219,6,8
18039,745,432,10,8
18040,745,879,8,8
18041,745,164,4,8
18042,745,242,6,8
18043,745,261,5,6
18044,745,811,7,7
18045,745,931,10,10
18046,745,376,9,10
18047,745,680,5,4
18048,745,832,7,8
18049,745,884,4,8
18050,745,93,8,8
18051,745,87,8,8
18052,745,56,8,8
18053,746,658,5,4
18054,746,697,8,6
18055,746,786,6,7
18056,746,249,7,5
18057,746,893,4,4
18058,746,509,7,7
18059,746,354,6,6
18060,746,205,4,3
18061,746,301,6,7
18062,746,767,1,1
18063,746,219,6,7
18064,746,432,7,7
18065,746,879,4,7
18066,746,164,5,4
18067,746,242,2,4
18068,746,261,6,6
18069,746,811,7,6
18070,746,931,6,5
18071,746,376,1,1
18072,746,680,7,6
18073,746,832,1,1
18074,746,884,7,7
18075,746,93,7,6
18076,746,87,7,7
18077,746,56,8,7
18078,747,658,6,8
18079,747,697,7,8
18080,747,786,10,10
18081,747,249,10,9
18082,747,893,8,8
18083,747,509,5,6
18084,747,354,9,8
18085,747,205,4,7
18086,747,301,5,7
18087,747,767,9,9
18088,747,219,9,10
18089,747,432,9,9
18090,747,879,8,9
18091,747,164,9,7
18092,747,242,8,10
18093,747,261,4,4
18094,747,811,6,6
18095,747,931,6,8
18096,747,376,6,6
18097,747,680,8,7
18098,747,832,7,5
18099,747,884,7,8
18100,747,93,9,7
18101,747,87,4,8
18102,747,56,9,7
18103,748,658,6,7
18104,748,697,8,7
18105,748,786,9,8
18106,748,249,9,9
18107,748,893,5,8
18108,748,509,7,8
18109,748,354,4,8
18110,748,205,4,6
18111,748,301,8,8
18112,748,767,7,6
18113,748,219,8,7
18114,748,432,5,5
18115,748,879,7,5
18116,748,164,4,6
18117,748,242,6,8
18118,748,261,5,6
18119,748,811,8,9
18120,748,931,7,8
18121,748,376,5,7
18122,748,680,7,7
18123,748,832,7,7
18124,748,884,6,6
18125,748,93,7,9
18126,748,87,5,7
18127,748,56,4,5
18128,749,658,4,7
18129,749,697,9,9
18130,749,786,6,6
18131,749,249,8,7
18132,749,893,4,6
18133,749,509,6,8
18134,749,354,8,8
18135,749,205,8,7
18136,749,301,6,6
18137,749,767,7,8
18138,749,219,6,6
18139,749,432,8,9
18140,749,879,10,8
18141,749,164,4,4
18142,749,242,9,8
18143,749,261,4,6
18144,749,811,7,8
18145,749,931,9,7
18146,749,376,7,7
18147,749,680,6,4
18148,749,832,5,6
18149,749,884,5,5
18150,749,93,8,7
18151,749,87,3,5
18152,749,56,7,8
18153,750,658,5,6
18154,750,697,9,10
18155,750,786,9,8
18156,750,249,7,8
18157,750,893,6,8
18158,750,509,9,9
18159,750,354,10,9
18160,750,205,8,9
18161,750,301,5,6
18162,750,767,6,4
18163,750,219,7,7
18164,750,432,10,8
18165,750,879,10,10
18166,750,164,4,6
18167,750,242,6,5
18168,750,261,8,9
18169,750,811,9,9
18170,750,931,8,9
18171,750,376,4,7
18172,750,680,8,9
18173,750,832,4,8
18174,750,884,8,7
18175,750,93,5,5
18176,750,87,10,10
18177,750,56,3,5
18178,751,97,1,1
18179,751,489,1,3
18180,751,567,6,6
18181,751,188,1,2
18182,751,286,4,7
18183,751,628,1,3
18184,751,313,7,7
18185,751,588,8,8
18186,751,145,4,7
18187,751,654,9,7
18188,751,236,6,7
18189,751,917,6,6
18190,751,79,1,2
18191,751,316,6,8
18192,751,565,5,7
18193,751,260,9,7
18194,751,550,1,3
18195,751,104,1,1
18196,751,472,1,1
18197,751,906,4,5
18198,751,469,6,6
18199,751,47,1,3
18200,751,871,8,9
18201,751,561,1,2
18202,751,657,3,4
18203,752,97,6,6
18204,752,489,8,9
18205,752,567,8,10
18206,752,188,10,10
18207,752,286,10,8
18208,752,628,9,9
18209,752,313,8,9
18210,752,588,9,9
18211,752,145,8,9
18212,752,654,8,8
18213,752,236,8,10
18214,752,917,7,9
18215,752,79,5,5
18216,752,316,8,9
18217,752,565,5,9
18218,752,260,9,8
18219,752,550,2,3
18220,752,104,2,2
18221,752,472,9,8
18222,752,906,4,7
18223,752,469,4,5
18224,752,47,2,4
18225,752,871,9,9
18226,752,561,9,7
18227,752,657,7,9
18228,753,97,10,10
18229,753,489,10,8
18230,753,567,10,8
18231,753,188,6,7
18232,753,286,1,4
18233,753,628,5,7
18234,753,313,8,10
18235,753,588,8,9
18236,753,145,8,8
18237,753,654,8,8
18238,753,236,8,9
18239,753,917,9,10
18240,753,79,7,6
18241,753,316,8,7
18242,753,565,6,8
18243,753,260,8,9
18244,753,550,8,7
18245,753,104,8,10
18246,753,472,10,9
18247,753,906,7,9
18248,753,469,7,8
18249,753,47,2,2
18250,753,871,5,7
18251,753,561,8,9
18252,753,657,9,10
18253,754,97,10,9
18254,754,489,8,9
18255,754,567,9,10
18256,754,188,4,6
18257,754,286,6,9
18258,754,628,4,8
18259,754,313,9,7
18260,754,588,8,7
18261,754,145,8,7
18262,754,654,10,10
18263,754,236,8,8
18264,754,917,5,7
18265,754,79,5,6
18266,754,316,8,10
18267,754,565,9,9
18268,754,260,8,8
18269,754,550,5,8
18270,754,104,9,7
18271,754,472,5,8
18272,754,906,9,8
18273,754,469,8,8
18274,754,47,7,8
18275,754,871,9,7
18276,754,561,9,9
18277,754,657,8,8
18278,755,97,7,9
18279,755,489,9,9
18280,755,567,8,8
18281,755,188,4,5
18282,755,286,5,6
18283,755,628,1,3
18284,755,313,6,6
18285,755,588,8,9
18286,755,145,7,6
18287,755,654,9,8
18288,755,236,7,6
18289,755,917,8,9
18290,755,79,5,6
18291,755,316,8,7
18292,755,565,5,8
18293,755,260,8,7
18294,755,550,5,6
18295,755,104,6,7
18296,755,472,5,6
18297,755,906,8,7
18298,755,469,8,8
18299,755,47,6,8
18300,755,871,4,4
18301,755,561,6,8
18302,755,657,4,6
18303,756,97,6,6
18304,756,489,6,6
18305,756,567,8,8
18306,756,188,5,4
18307,756,286,4,2
18308,756,628,3,4
18309,756,313,5,5
18310,756,588,7,7
18311,756,145,8,8
18312,756,654,4,5
18313,756,236,7,8
18314,756,917,7,8
18315,756,79,7,7
18316,756,316,7,6
18317,756,565,7,8
18318,756,260,7,8
18319,756,550,2,3
18320,756,104,6,7
18321,756,472,7,8
18322,756,906,5,5
18323,756,469,2,6
18324,756,47,6,7
18325,756,871,4,4
18326,756,561,2,2
18327,756,657,7,6
18328,757,97,6,6
18329,757,489,3,4
18330,757,567,6,8
18331,757,188,7,6
18332,757,286,7,7
18333,757,628,3,6
18334,757,313,8,8
18335,757,588,7,6
18336,757,145,7,7
18337,757,654,8,7
18338,757,236,7,7
18339,757,917,7,7
18340,757,79,4,3
18341,757,316,2,5
18342,757,565,8,8
18343,757,260,6,7
18344,757,550,7,5
18345,757,104,8,8
18346,757,472,3,6
18347,757,906,7,6
18348,757,469,2,3
18349,757,47,6,5
18350,757,871,5,5
18351,757,561,3,3
18352,757,657,5,5
18353,758,97,5,5
18354,758,489,8,8
18355,758,567,7,6
18356,758,188,7,6
18357,758,286,4,3
18358,758,628,3,7
18359,758,313,6,5
18360,758,588,6,6
18361,758,145,7,8
18362,758,654,8,8
18363,758,236,5,5
18364,758,917,7,6
18365,758,79,6,6
18366,758,316,2,4
18367,758,565,8,8
18368,758,260,6,6
18369,758,550,6,7
18370,758,104,7,6
18371,758,472,3,6
18372,758,906,8,8
18373,758,469,2,3
18374,758,47,4,3
18375,758,871,7,6
18376,758,561,5,7
18377,758,657,6,5
18378,759,97,7,7
18379,759,489,5,4
18380,759,567,4,7
18381,759,188,7,8
18382,759,286,2,6
18383,759,628,1,3
18384,759,313,8,8
18385,759,588,6,8
18386,759,145,8,6
18387,759,654,7,8
18388,759,236,6,5
18389,759,917,6,6
18390,759,79,6,5
18391,759,316,3,5
18392,759,565,7,8
18393,759,260,6,6
18394,759,550,7,6
18395,759,104,4,6
18396,759,472,8,8
18397,759,906,8,7
18398,759,469,5,5
18399,759,47,7,6
18400,759,871,3,3
18401,759,561,7,6
18402,759,657,5,6
18403,760,97,5,6
18404,760,489,6,6
18405,760,567,5,7
18406,760,188,3,5
18407,760,286,3,4
18408,760,628,6,8
18409,760,313,2,3
18410,760,588,7,6
18411,760,145,5,5
18412,760,654,7,7
18413,760,236,4,7
18414,760,917,6,7
18415,760,79,6,6
18416,760,316,4,6
18417,760,565,3,6
18418,760,260,5,5
18419,760,550,7,6
18420,760,104,3,6
18421,760,472,7,8
18422,760,906,8,7
18423,760,469,5,5
18424,760,47,6,7
18425,760,871,4,6
18426,760,561,7,6
18427,760,657,7,6
18428,761,97,7,6
18429,761,489,3,4
18430,761,567,3,5
18431,761,188,7,7
18432,761,286,3,6
18433,761,628,7,7
18434,761,313,6,5
18435,761,588,4,6
18436,761,145,8,8
18437,761,654,8,8
18438,761,236,4,3
18439,761,917,6,8
18440,761,79,3,4
18441,761,316,4,5
18442,761,565,6,7
18443,761,260,7,8
18444,761,550,5,5
18445,761,104,5,5
18446,761,472,4,7
18447,761,906,5,5
18448,761,469,2,5
18449,761,47,5,5
18450,761,871,5,7
18451,761,561,8,8
18452,761,657,5,5
18453,762,97,6,8
18454,762,489,5,5
18455,762,567,9,8
18456,762,188,6,9
18457,762,286,4,8
18458,762,628,8,7
18459,762,313,9,9
18460,762,588,8,9
18461,762,145,10,9
18462,762,654,9,9
18463,762,236,4,6
18464,762,917,9,9
18465,762,79,7,7
18466,762,316,8,7
18467,762,565,6,5
18468,762,260,10,9
18469,762,550,8,10
18470,762,104,8,10
18471,762,472,7,8
18472,762,906,7,7
18473,762,469,8,9
18474,762,47,7,9
18475,762,871,9,9
18476,762,561,7,6
18477,762,657,8,8
18478,763,97,6,6
18479,763,489,5,7
18480,763,567,8,9
18481,763,188,7,6
18482,763,286,9,8
18483,763,628,4,6
18484,763,313,7,7
18485,763,588,10,8
18486,763,145,7,7
18487,763,654,10,8
18488,763,236,6,7
18489,763,917,10,9
18490,763,79,8,9
18491,763,316,5,6
18492,763,565,9,9
18493,763,260,10,8
18494,763,550,8,7
18495,763,104,4,7
18496,763,472,5,9
18497,763,906,8,8
18498,763,469,7,8
18499,763,47,7,7
18500,763,871,7,9
18501,763,561,9,10
18502,763,657,8,9
18503,764,97,9,10
18504,764,489,5,7
18505,764,567,5,8
18506,764,188,8,8
18507,764,286,7,7
18508,764,628,7,7
18509,764,313,7,6
18510,764,588,9,8
18511,764,145,6,9
18512,764,654,10,10
18513,764,236,6,4
18514,764,917,8,8
18515,764,79,7,7
18516,764,316,7,9
18517,764,565,9,8
18518,764,260,9,8
18519,764,550,9,7
18520,764,104,5,5
18521,764,472,5,9
18522,764,906,6,6
18523,764,469,8,7
18524,764,47,8,9
18525,764,871,7,7
18526,764,561,8,9
18527,764,657,7,7
18528,765,97,6,6
18529,765,489,2,6
18530,765,567,4,6
18531,765,188,6,7
18532,765,286,6,6
18533,765,628,3,2
18534,765,313,8,6
18535,765,588,7,7
18536,765,145,6,6
18537,765,654,7,6
18538,765,236,8,6
18539,765,917,5,7
18540,765,79,4,6
18541,765,316,3,6
18542,765,565,8,7
18543,765,260,7,6
18544,765,550,7,5
18545,765,104,8,7
18546,765,472,5,7
18547,765,906,3,3
18548,765,469,4,7
18549,765,47,6,7
18550,765,871,7,5
18551,765,561,7,5
18552,765,657,8,7
18553,766,97,10,8
18554,766,489,8,10
18555,766,567,5,7
18556,766,188,10,9
18557,766,286,9,7
18558,766,628,10,8
18559,766,313,9,7
18560,766,588,9,8
18561,766,145,6,7
18562,766,654,8,10
18563,766,236,7,9
18564,766,917,9,8
18565,766,79,4,7
18566,766,316,6,5
18567,766,565,10,8
18568,766,260,10,10
18569,766,550,8,9
18570,766,104,10,10
18571,766,472,7,7
18572,766,906,6,5
18573,766,469,9,8
18574,766,47,9,8
18575,766,871,4,8
18576,766,561,8,9
18577,766,657,9,8
18578,767,97,9,9
18579,767,489,7,8
18580,767,567,4,8
18581,767,188,7,7
18582,767,286,7,8
18583,767,628,7,6
18584,767,313,6,5
18585,767,588,7,7
18586,767,145,5,6
18587,767,654,4,7
18588,767,236,7,9
18589,767,917,4,5
18590,767,79,6,7
18591,767,316,4,4
18592,767,565,9,7
18593,767,260,9,8
18594,767,550,6,7
18595,767,104,6,8
18596,767,472,6,5
18597,767,906,5,7
18598,767,469,3,3
18599,767,47,7,7
18600,767,871,3,2
18601,767,561,8,6
18602,767,657,9,7
18603,768,97,8,8
18604,768,489,8,7
18605,768,567,7,7
18606,768,188,7,7
18607,768,286,8,5
18608,768,628,2,4
18609,768,313,4,6
18610,768,588,6,7
18611,768,145,6,6
18612,768,654,7,6
18613,768,236,7,5
18614,768,917,5,5
18615,768,79,2,3
18616,768,316,7,6
18617,768,565,7,8
18618,768,260,4,7
18619,768,550,8,7
18620,768,104,6,5
18621,768,472,4,6
18622,768,906,7,7
18623,768,469,1,1
18624,768,47,2,5
18625,768,871,7,7
18626,768,561,1,4
18627,768,657,5,5
18628,769,97,6,6
18629,769,489,4,5
18630,769,567,7,5
18631,769,188,8,7
18632,769,286,5,6
18633,769,628,6,5
18634,769,313,5,7
18635,769,588,4,6
18636,769,145,7,7
18637,769,654,6,8
18638,769,236,8,8
18639,769,917,5,6
18640,769,79,3,6
18641,769,316,6,6
18642,769,565,6,8
18643,769,260,5,7
18644,769,550,7,5
18645,769,104,5,7
18646,769,472,3,4
18647,769,906,4,5
18648,769,469,5,6
18649,769,47,2,3
18650,769,871,5,5
18651,769,561,7,5
18652,769,657,5,6
18653,770,97,10,8
18654,770,489,10,8
18655,770,567,6,9
18656,770,188,10,9
18657,770,286,8,10
18658,770,628,4,4
18659,770,313,9,8
18660,770,588,7,8
18661,770,145,7,6
18662,770,654,9,8
18663,770,236,9,10
18664,770,917,5,8
18665,770,79,7,7
18666,770,316,10,10
18667,770,565,6,9
18668,770,260,4,8
18669,770,550,9,8
18670,770,104,4,6
18671,770,472,7,7
18672,770,906,5,6
18673,770,469,5,8
18674,770,47,6,8
18675,770,871,8,7
18676,770,561,4,6
18677,770,657,9,9
18678,771,97,7,6
18679,771,489,7,8
18680,771,567,3,5
18681,771,188,6,8
18682,771,286,8,8
18683,771,628,7,7
18684,771,313,7,6
18685,771,588,3,4
18686,771,145,7,8
18687,771,654,4,6
18688,771,236,3,5
18689,771,917,4,4
18690,771,79,5,6
18691,771,316,3,4
18692,771,565,7,8
18693,771,260,3,4
18694,771,550,7,6
18695,771,104,7,5
18696,771,472,3,5
18697,771,906,7,7
18698,771,469,7,6
18699,771,47,3,6
18700,771,871,6,5
18701,771,561,6,6
18702,771,657,8,8
18703,772,97,8,9
18704,772,489,10,8
18705,772,567,9,8
18706,772,188,10,8
18707,772,286,8,8
18708,772,628,7,9
18709,772,313,9,8
18710,772,588,6,6
18711,772,145,9,10
18712,772,654,7,7
18713,772,236,5,8
18714,772,917,5,6
18715,772,79,7,9
18716,772,316,4,6
18717,772,565,9,10
18718,772,260,8,9
18719,772,550,5,6
18720,772,104,7,8
18721,772,472,8,7
18722,772,906,8,8
18723,772,469,8,9
18724,772,47,7,7
18725,772,871,7,9
18726,772,561,8,7
18727,772,657,9,7
18728,773,97,6,8
18729,773,489,8,8
18730,773,567,3,7
18731,773,188,5,4
18732,773,286,7,7
18733,773,628,7,6
18734,773,313,6,5
18735,773,588,4,6
18736,773,145,6,8
18737,773,654,5,6
18738,773,236,5,4
18739,773,917,3,3
18740,773,79,7,6
18741,773,316,4,7
18742,773,565,7,6
18743,773,260,7,7
18744,773,550,4,6
18745,773,104,7,6
18746,773,472,7,6
18747,773,906,4,2
18748,773,469,4,4
18749,773,47,8,7
18750,773,871,2,5
18751,773,561,5,7
18752,773,657,2,3
18753,774,97,8,9
18754,774,489,5,6
18755,774,567,4,6
18756,774,188,10,9
18757,774,286,5,6
18758,774,628,4,6
18759,774,313,8,6
18760,774,588,8,9
18761,774,145,7,9
18762,774,654,7,9
18763,774,236,4,4
18764,774,917,5,6
18765,774,79,6,6
18766,774,316,4,6
18767,774,565,6,8
18768,774,260,9,7
18769,774,550,7,7
18770,774,104,9,9
18771,774,472,9,8
18772,774,906,8,7
18773,774,469,6,6
18774,774,47,7,7
18775,774,871,4,4
18776,774,561,8,6
18777,774,657,4,5
18778,775,97,6,5
18779,775,489,6,7
18780,775,567,3,4
18781,775,188,7,6
18782,775,286,1,2
18783,775,628,1,1
18784,775,313,4,6
18785,775,588,5,5
18786,775,145,5,4
18787,775,654,6,4
18788,775,236,7,7
18789,775,917,3,5
18790,775,79,6,8
18791,775,316,1,3
18792,775,565,6,8
18793,775,260,7,8
18794,775,550,8,6
18795,775,104,8,6
18796,775,472,8,7
18797,775,906,7,7
18798,775,469,7,6
18799,775,47,6,5
18800,775,871,7,7
18801,775,561,7,6
18802,775,657,6,5
18803,776,97,9,7
18804,776,489,8,9
18805,776,567,6,8
18806,776,188,9,8
18807,776,286,7,6
18808,776,628,9,10
18809,776,313,6,5
18810,776,588,5,8
18811,776,145,8,9
18812,776,654,10,9
18813,776,236,8,8
18814,776,917,9,8
18815,776,79,8,8
18816,776,316,5,6
18817,776,565,8,9
18818,776,260,8,10
18819,776,550,8,9
18820,776,104,9,9
18821,776,472,10,9
18822,776,906,6,6
18823,776,469,8,7
18824,776,47,6,6
18825,776,871,9,9
18826,776,561,7,8
18827,776,657,5,8
18828,777,97,6,6
18829,777,489,8,7
18830,777,567,4,3
18831,777,188,6,6
18832,777,286,8,8
18833,777,628,3,4
18834,777,313,3,7
18835,777,588,6,6
18836,777,145,7,8
18837,777,654,8,8
18838,777,236,8,7
18839,777,917,2,2
18840,777,79,8,6
18841,777,316,2,3
18842,777,565,6,6
18843,777,260,7,6
18844,777,550,4,4
18845,777,104,6,7
18846,777,472,6,6
18847,777,906,5,7
18848,777,469,6,6
18849,777,47,3,4
18850,777,871,8,6
18851,777,561,6,5
18852,777,657,5,6
18853,778,97,8,7
18854,778,489,9,9
18855,778,567,4,5
18856,778,188,4,6
18857,778,286,7,8
18858,778,628,4,6
18859,778,313,8,8
18860,778,588,9,7
18861,778,145,9,8
18862,778,654,10,8
18863,778,236,9,7
18864,778,917,3,6
18865,778,79,6,8
18866,778,316,5,4
18867,778,565,8,8
18868,778,260,7,6
18869,778,550,4,6
18870,778,104,7,9
18871,778,472,9,9
18872,778,906,6,7
18873,778,469,8,7
18874,778,47,4,6
18875,778,871,3,5
18876,778,561,6,7
18877,778,657,1,2
18878,779,97,6,6
18879,779,489,8,6
18880,779,567,4,6
18881,779,188,4,7
18882,779,286,6,6
18883,779,628,4,4
18884,779,313,7,7
18885,779,588,8,7
18886,779,145,6,8
18887,779,654,8,6
18888,779,236,7,6
18889,779,917,6,6
18890,779,79,3,4
18891,779,316,5,7
18892,779,565,7,8
18893,779,260,4,5
18894,779,550,4,3
18895,779,104,7,6
18896,779,472,8,7
18897,779,906,2,5
18898,779,469,5,7
18899,779,47,5,5
18900,779,871,6,5
18901,779,561,5,6
18902,779,657,7,7
18903,780,97,6,6
18904,780,489,6,6
18905,780,567,4,7
18906,780,188,8,6
18907,780,286,1,3
18908,780,628,6,7
18909,780,313,4,2
18910,780,588,7,7
18911,780,145,6,8
18912,780,654,8,6
18913,780,236,5,5
18914,780,917,7,8
18915,780,79,2,5
18916,780,316,5,7
18917,780,565,8,6
18918,780,260,8,7
18919,780,550,7,7
18920,780,104,6,7
18921,780,472,7,6
18922,780,906,2,5
18923,780,469,6,7
18924,780,47,6,5
18925,780,871,5,6
18926,780,561,5,7
18927,780,657,3,5
18928,781,97,10,10
18929,781,489,5,7
18930,781,567,5,6
18931,781,188,9,9
18932,781,286,9,8
18933,781,628,10,9
18934,781,313,7,9
18935,781,588,10,8
18936,781,145,10,10
18937,781,654,9,8
18938,781,236,10,10
18939,781,917,7,9
18940,781,79,5,9
18941,781,316,6,6
18942,781,565,9,9
18943,781,260,8,8
18944,781,550,9,10
18945,781,104,9,8
18946,781,472,6,6
18947,781,906,7,5
18948,781,469,7,9
18949,781,47,4,6
18950,781,871,5,5
18951,781,561,10,9
18952,781,657,3,2
18953,782,97,9,8
18954,782,489,5,8
18955,782,567,6,9
18956,782,188,6,8
18957,782,286,8,7
18958,782,628,9,9
18959,782,313,7,9
18960,782,588,10,9
18961,782,145,9,10
18962,782,654,9,10
18963,782,236,8,10
18964,782,917,9,9
18965,782,79,4,5
18966,782,316,5,8
18967,782,565,8,8
18968,782,260,10,9
18969,782,550,8,7
18970,782,104,9,8
18971,782,472,9,8
18972,782,906,7,7
18973,782,469,7,8
18974,782,47,8,8
18975,782,871,4,6
18976,782,561,6,4
18977,782,657,7,7
18978,783,97,7,8
18979,783,489,7,9
18980,783,567,4,6
18981,783,188,4,5
18982,783,286,6,6
18983,783,628,7,7
18984,783,313,3,4
18985,783,588,7,7
18986,783,145,7,7
18987,783,654,4,7
18988,783,236,7,7
18989,783,917,7,6
18990,783,79,3,7
18991,783,316,2,5
18992,783,565,9,8
18993,783,260,8,6
18994,783,550,5,5
18995,783,104,4,7
18996,783,472,9,7
18997,783,906,7,8
18998,783,469,8,6
18999,783,47,8,6
19000,783,871,7,9
19001,783,561,7,9
19002,783,657,5,6
19003,784,97,6,7
19004,784,489,3,7
19005,784,567,8,6
19006,784,188,8,7
19007,784,286,5,7
19008,784,628,5,5
19009,784,313,3,6
19010,784,588,7,6
19011,784,145,4,4
19012,784,654,4,7
19013,784,236,6,6
19014,784,917,6,5
19015,784,79,2,2
19016,784,316,4,4
19017,784,565,6,8
19018,784,260,2,5
19019,784,550,4,4
19020,784,104,8,6
19021,784,472,8,6
19022,784,906,7,6
19023,784,469,8,6
19024,784,47,6,5
19025,784,871,2,3
19026,784,561,6,7
19027,784,657,6,5
19028,785,97,10,10
19029,785,489,7,6
19030,785,567,10,10
19031,785,188,8,7
19032,785,286,8,7
19033,785,628,8,8
19034,785,313,4,8
19035,785,588,7,6
19036,785,145,7,8
19037,785,654,9,10
19038,785,236,6,5
19039,785,917,9,10
19040,785,79,6,5
19041,785,316,5,8
19042,785,565,9,10
19043,785,260,10,8
19044,785,550,6,5
19045,785,104,7,9
19046,785,472,8,9
19047,785,906,9,8
19048,785,469,7,8
19049,785,47,10,9
19050,785,871,5,9
19051,785,561,7,9
19052,785,657,4,7
19053,786,97,8,9
19054,786,489,8,8
19055,786,567,6,9
19056,786,188,9,9
19057,786,286,9,10
19058,786,628,10,9
19059,786,313,6,7
19060,786,588,5,7
19061,786,145,8,9
19062,786,654,10,8
19063,786,236,10,7
19064,786,917,10,8
19065,786,79,6,8
19066,786,316,5,5
19067,786,565,7,7
19068,786,260,10,10
19069,786,550,10,8
19070,786,104,8,8
19071,786,472,10,9
19072,786,906,8,8
19073,786,469,7,7
19074,786,47,7,9
19075,786,871,6,9
19076,786,561,7,8
19077,786,657,2,3
19078,787,97,10,8
19079,787,489,9,10
19080,787,567,6,7
19081,787,188,8,9
19082,787,286,5,5
19083,787,628,9,8
19084,787,313,4,5
19085,787,588,7,9
19086,787,145,10,10
19087,787,654,5,7
19088,787,236,7,7
19089,787,917,7,6
19090,787,79,5,8
19091,787,316,6,7
19092,787,565,7,6
19093,787,260,9,9
19094,787,550,9,9
19095,787,104,8,9
19096,787,472,8,8
19097,787,906,9,9
19098,787,469,10,10
19099,787,47,8,9
19100,787,871,10,10
19101,787,561,7,8
19102,787,657,7,9
19103,788,944,5,9
19104,788,843,10,10
19105,788,168,6,7
19106,788,409,10,10
19107,788,982,9,9
19108,788,587,8,8
19109,788,275,9,8
19110,788,862,9,10
19111,788,753,2,3
19112,788,826,6,8
19113,788,11,9,8
19114,788,215,2,2
19115,788,892,4,6
19116,788,914,10,8
19117,788,180,2,4
19118,788,607,7,8
19119,788,107,7,8
19120,788,836,2,3
19121,788,88,7,8
19122,788,718,2,2
19123,789,944,6,6
19124,789,843,7,8
19125,789,168,5,6
19126,789,409,9,9
19127,789,982,5,5
19128,789,587,7,7
19129,789,275,7,6
19130,789,862,6,8
19131,789,753,9,9
19132,789,826,7,7
19133,789,11,4,3
19134,789,215,1,3
19135,789,892,8,7
19136,789,914,7,7
19137,789,180,5,5
19138,789,607,8,8
19139,789,107,8,6
19140,789,836,6,8
19141,789,88,7,6
19142,789,718,9,8
19143,790,944,3,5
19144,790,843,3,7
19145,790,168,5,6
19146,790,409,6,7
19147,790,982,5,6
19148,790,587,7,7
19149,790,275,5,7
19150,790,862,5,6
19151,790,753,4,4
19152,790,826,8,7
19153,790,11,5,6
19154,790,215,7,8
19155,790,892,7,6
19156,790,914,7,6
19157,790,180,1,1
19158,790,607,1,1
19159,790,107,7,8
19160,790,836,7,7
19161,790,88,5,6
19162,790,718,8,8
19163,791,944,9,10
19164,791,843,6,6
19165,791,168,9,8
19166,791,409,10,9
19167,791,982,9,9
19168,791,587,8,10
19169,791,275,8,9
19170,791,862,10,9
19171,791,753,5,7
19172,791,826,6,5
19173,791,11,6,4
19174,791,215,10,10
19175,791,892,6,6
19176,791,914,6,6
19177,791,180,9,8
19178,791,607,5,5
19179,791,107,9,10
19180,791,836,10,10
19181,791,88,6,8
19182,791,718,8,8
19183,792,944,8,10
19184,792,843,10,9
19185,792,168,8,10
19186,792,409,8,10
19187,792,982,9,9
19188,792,587,8,9
19189,792,275,5,7
19190,792,862,9,8
19191,792,753,8,10
19192,792,826,10,9
19193,792,11,7,8
19194,792,215,8,9
19195,792,892,7,6
19196,792,914,10,9
19197,792,180,5,7
19198,792,607,6,8
19199,792,107,7,7
19200,792,836,10,8
19201,792,88,7,7
19202,792,718,7,8
19203,793,944,5,7
19204,793,843,8,8
19205,793,168,5,7
19206,793,409,9,9
19207,793,982,8,8
19208,793,587,3,5
19209,793,275,5,4
19210,793,862,3,7
19211,793,753,6,8
19212,793,826,7,7
19213,793,11,8,8
19214,793,215,8,6
19215,793,892,4,6
19216,793,914,8,6
19217,793,180,7,8
19218,793,607,6,7
19219,793,107,5,5
19220,793,836,9,9
19221,793,88,8,7
19222,793,718,8,7
19223,794,944,9,8
19224,794,843,5,5
19225,794,168,3,7
19226,794,409,7,7
19227,794,982,8,7
19228,794,587,9,8
19229,794,275,8,6
19230,794,862,8,8
19231,794,753,5,6
19232,794,826,9,8
19233,794,11,7,6
19234,794,215,7,8
19235,794,892,8,7
19236,794,914,4,5
19237,794,180,6,5
19238,794,607,6,6
19239,794,107,8,8
19240,794,836,8,7
19241,794,88,9,9
19242,794,718,9,7
19243,795,944,9,8
19244,795,843,5,9
19245,795,168,6,8
19246,795,409,5,7
19247,795,982,5,6
19248,795,587,8,7
19249,795,275,7,4
19250,795,862,8,9
19251,795,753,5,6
19252,795,826,10,10
19253,795,11,8,8
19254,795,215,5,6
19255,795,892,9,7
19256,795,914,9,8
19257,795,180,8,7
19258,795,607,10,9
19259,795,107,6,5
19260,795,836,8,8
19261,795,88,8,8
19262,795,718,5,7
19263,796,944,8,6
19264,796,843,6,6
19265,796,168,3,5
19266,796,409,8,7
19267,796,982,5,5
19268,796,587,3,3
19269,796,275,3,5
19270,796,862,6,5
19271,796,753,4,3
19272,796,826,6,7
19273,796,11,2,5
19274,796,215,8,8
19275,796,892,5,7
19276,796,914,5,7
19277,796,180,6,6
19278,796,607,3,6
19279,796,107,7,7
19280,796,836,6,8
19281,796,88,6,6
19282,796,718,6,7
19283,797,944,3,4
19284,797,843,4,5
19285,797,168,6,8
19286,797,409,7,8
19287,797,982,8,7
19288,797,587,2,1
19289,797,275,2,5
19290,797,862,5,4
19291,797,753,5,5
19292,797,826,10,6
19293,797,11,3,7
19294,797,215,7,6
19295,797,892,6,6
19296,797,914,7,5
19297,797,180,8,6
19298,797,607,3,4
19299,797,107,7,8
19300,797,836,3,4
19301,797,88,7,7
19302,797,718,8,7
19303,798,944,6,8
19304,798,843,4,7
19305,798,168,3,5
19306,798,409,10,6
19307,798,982,3,4
19308,798,587,7,7
19309,798,275,7,7
19310,798,862,3,4
19311,798,753,3,4
19312,798,826,6,7
19313,798,11,8,6
19314,798,215,3,4
19315,798,892,5,6
19316,798,914,6,8
19317,798,180,5,6
19318,798,607,7,6
19319,798,107,2,5
19320,798,836,6,7
19321,798,88,8,7
19322,798,718,6,7
19323,799,944,4,7
19324,799,843,4,7
19325,799,168,8,8
19326,799,409,7,9
19327,799,982,8,7
19328,799,587,5,7
19329,799,275,4,4
19330,799,862,8,7
19331,799,753,5,6
19332,799,826,5,7
19333,799,11,8,8
19334,799,215,8,9
19335,799,892,7,6
19336,799,914,5,5
19337,799,180,6,6
19338,799,607,5,6
19339,799,107,8,9
19340,799,836,4,8
19341,799,88,8,9
19342,799,718,9,7
19343,800,944,5,6
19344,800,843,7,7
19345,800,168,9,9
19346,800,409,8,9
19347,800,982,8,7
19348,800,587,9,7
19349,800,275,8,7
19350,800,862,10,10
19351,800,753,8,7
19352,800,826,7,8
19353,800,11,8,9
19354,800,215,10,9
19355,800,892,8,9
19356,800,914,5,6
19357,800,180,6,7
19358,800,607,9,10
19359,800,107,8,8
19360,800,836,6,8
19361,800,88,8,8
19362,800,718,6,7
19363,801,944,5,6
19364,801,843,7,8
19365,801,168,3,6
19366,801,409,8,6
19367,801,982,5,7
19368,801,587,4,2
19369,801,275,6,8
19370,801,862,6,8
19371,801,753,1,3
19372,801,826,3,6
19373,801,11,6,6
19374,801,215,4,4
19375,801,892,8,6
19376,801,914,3,3
19377,801,180,4,7
19378,801,607,2,2
19379,801,107,5,5
19380,801,836,7,6
19381,801,88,6,8
19382,801,718,5,6
19383,802,944,6,7
19384,802,843,5,7
19385,802,168,10,9
19386,802,409,6,9
19387,802,982,7,9
19388,802,587,7,9
19389,802,275,7,7
19390,802,862,8,9
19391,802,753,8,8
19392,802,826,9,10
19393,802,11,7,7
19394,802,215,5,6
19395,802,892,9,8
19396,802,914,4,6
19397,802,180,2,4
19398,802,607,5,7
19399,802,107,4,7
19400,802,836,10,9
19401,802,88,10,10
19402,802,718,10,10
19403,803,944,10,10
19404,803,843,5,7
19405,803,168,9,9
19406,803,409,10,8
19407,803,982,6,5
19408,803,587,8,10
19409,803,275,9,10
19410,803,862,7,6
19411,803,753,9,9
19412,803,826,9,8
19413,803,11,9,9
19414,803,215,5,8
19415,803,892,10,8
19416,803,914,9,8
19417,803,180,5,5
19418,803,607,9,10
19419,803,107,9,9
19420,803,836,8,9
19421,803,88,10,10
19422,803,718,6,7
19423,804,944,5,6
19424,804,843,3,4
19425,804,168,3,6
19426,804,409,3,6
19427,804,982,3,6
19428,804,587,5,6
19429,804,275,2,3
19430,804,862,8,8
19431,804,753,7,7
19432,804,826,5,7
19433,804,11,8,7
19434,804,215,3,6
19435,804,892,7,6
19436,804,914,5,6
19437,804,180,7,7
19438,804,607,6,7
19439,804,107,5,6
19440,804,836,7,7
19441,804,88,6,7
19442,804,718,7,7
19443,805,944,3,7
19444,805,843,5,6
19445,805,168,7,8
19446,805,409,6,7
19447,805,982,5,6
19448,805,587,2,3
19449,805,275,4,3
19450,805,862,7,6
19451,805,753,5,5
19452,805,826,6,6
19453,805,11,6,7
19454,805,215,8,8
19455,805,892,4,4
19456,805,914,6,7
19457,805,180,5,6
19458,805,607,2,3
19459,805,107,3,5
19460,805,836,8,7
19461,805,88,7,8
19462,805,718,7,8
19463,806,944,9,10
19464,806,843,7,9
19465,806,168,6,8
19466,806,409,10,9
19467,806,982,5,8
19468,806,587,4,7
19469,806,275,8,8
19470,806,862,9,9
19471,806,753,9,8
19472,806,826,7,8
19473,806,11,7,9
19474,806,215,8,10
19475,806,892,8,7
19476,806,914,10,10
19477,806,180,10,8
19478,806,607,6,8
19479,806,107,9,9
19480,806,836,8,8
19481,806,88,10,10
19482,806,718,10,9
19483,807,944,7,6
19484,807,843,4,5
19485,807,168,5,5
19486,807,409,3,7
19487,807,982,8,6
19488,807,587,7,6
19489,807,275,6,5
19490,807,862,8,7
19491,807,753,7,6
19492,807,826,8,8
19493,807,11,4,6
19494,807,215,7,7
19495,807,892,7,6
19496,807,914,2,3
19497,807,180,4,5
19498,807,607,5,7
19499,807,107,4,4
19500,807,836,8,8
19501,807,88,5,7
19502,807,718,7,5
19503,808,944,5,6
19504,808,843,5,9
19505,808,168,10,8
19506,808,409,10,8
19507,808,982,8,9
19508,808,587,5,6
19509,808,275,9,7
19510,808,862,10,8
19511,808,753,7,7
19512,808,826,10,9
19513,808,11,8,9
19514,808,215,8,9
19515,808,892,10,8
19516,808,914,7,9
19517,808,180,1,3
19518,808,607,5,7
19519,808,107,2,2
19520,808,836,9,10
19521,808,88,10,10
19522,808,718,5,8
19523,809,944,4,7
19524,809,843,4,8
19525,809,168,9,9
19526,809,409,9,7
19527,809,982,7,7
19528,809,587,6,6
19529,809,275,5,5
19530,809,862,6,5
19531,809,753,8,8
19532,809,826,9,7
19533,809,11,6,6
19534,809,215,5,5
19535,809,892,6,6
19536,809,914,7,6
19537,809,180,8,6
19538,809,607,6,6
19539,809,107,6,7
19540,809,836,8,9
19541,809,88,7,9
19542,809,718,6,5
19543,810,944,8,10
19544,810,843,6,8
19545,810,168,7,9
19546,810,409,8,6
19547,810,982,5,4
19548,810,587,7,7
19549,810,275,10,10
19550,810,862,8,9
19551,810,753,5,8
19552,810,826,10,9
19553,810,11,8,8
19554,810,215,7,9
19555,810,892,6,7
19556,810,914,9,10
19557,810,180,9,9
19558,810,607,9,10
19559,810,107,9,9
19560,810,836,7,9
19561,810,88,8,8
19562,810,718,5,6
19563,811,944,5,7
19564,811,843,8,6
19565,811,168,4,4
19566,811,409,4,7
19567,811,982,7,8
19568,811,587,5,6
19569,811,275,8,7
19570,811,862,8,7
19571,811,753,3,5
19572,811,826,8,6
19573,811,11,4,5
19574,811,215,6,6
19575,811,892,8,6
19576,811,914,6,8
19577,811,180,2,5
19578,811,607,4,4
19579,811,107,5,7
19580,811,836,5,6
19581,811,88,6,6
19582,811,718,5,7
19583,812,944,3,4
19584,812,843,8,6
19585,812,168,4,5
19586,812,409,5,5
19587,812,982,5,5
19588,812,587,5,5
19589,812,275,4,7
19590,812,862,7,7
19591,812,753,2,3
19592,812,826,7,8
19593,812,11,4,3
19594,812,215,4,7
19595,812,892,5,6
19596,812,914,3,4
19597,812,180,5,6
19598,812,607,3,6
19599,812,107,5,7
19600,812,836,4,5
19601,812,88,7,6
19602,812,718,6,8
19603,813,944,9,9
19604,813,843,9,8
19605,813,168,7,6
19606,813,409,8,9
19607,813,982,9,8
19608,813,587,5,8
19609,813,275,7,9
19610,813,862,7,9
19611,813,753,8,7
19612,813,826,10,10
19613,813,11,8,9
19614,813,215,7,7
19615,813,892,8,8
19616,813,914,9,7
19617,813,180,8,8
19618,813,607,9,7
19619,813,107,7,9
19620,813,836,5,9
19621,813,88,9,9
19622,813,718,8,9
19623,814,944,8,10
19624,814,843,10,8
19625,814,168,6,6
19626,814,409,10,9
19627,814,982,4,6
19628,814,587,10,10
19629,814,275,4,5
19630,814,862,10,10
19631,814,753,7,6
19632,814,826,7,9
19633,814,11,9,7
19634,814,215,5,7
19635,814,892,8,10
19636,814,914,8,8
19637,814,180,8,9
19638,814,607,4,8
19639,814,107,8,8
19640,814,836,6,7
19641,814,88,9,9
19642,814,718,8,8
19643,815,944,6,6
19644,815,843,8,6
19645,815,168,7,6
19646,815,409,8,8
19647,815,982,6,8
19648,815,587,4,3
19649,815,275,8,8
19650,815,862,3,6
19651,815,753,7,7
19652,815,826,8,7
19653,815,11,2,5
19654,815,215,5,7
19655,815,892,5,7
19656,815,914,6,8
19657,815,180,6,7
19658,815,607,7,6
19659,815,107,2,6
19660,815,836,6,7
19661,815,88,3,6
19662,815,718,5,6
19663,816,944,7,8
19664,816,843,7,7
19665,816,168,3,4
19666,816,409,6,7
19667,816,982,6,8
19668,816,587,8,6
19669,816,275,6,7
19670,816,862,8,8
19671,816,753,2,3
19672,816,826,8,6
19673,816,11,6,7
19674,816,215,6,7
19675,816,892,7,5
19676,816,914,6,6
19677,816,180,7,5
19678,816,607,4,3
19679,816,107,2,3
19680,816,836,5,4
19681,816,88,6,6
19682,816,718,4,4
19683,817,944,9,8
19684,817,843,9,9
19685,817,168,5,9
19686,817,409,5,6
19687,817,982,10,8
19688,817,587,7,7
19689,817,275,9,7
19690,817,862,10,9
19691,817,753,6,6
19692,817,826,5,5
19693,817,11,7,9
19694,817,215,10,9
19695,817,892,9,7
19696,817,914,4,8
19697,817,180,7,8
19698,817,607,9,8
19699,817,107,6,7
19700,817,836,8,7
19701,817,88,10,9
19702,817,718,9,10
19703,818,944,8,9
19704,818,843,7,7
19705,818,168,10,10
19706,818,409,10,8
19707,818,982,4,6
19708,818,587,7,8
19709,818,275,9,9
19710,818,862,9,10
19711,818,753,7,9
19712,818,826,8,9
19713,818,11,8,8
19714,818,215,9,9
19715,818,892,5,6
19716,818,914,8,9
19717,818,180,7,7
19718,818,607,8,7
19719,818,107,5,8
19720,818,836,9,9
19721,818,88,10,9
19722,818,718,6,7
19723,819,944,5,6
19724,819,843,8,6
19725,819,168,8,8
19726,819,409,5,6
19727,819,982,6,6
19728,819,587,7,6
19729,819,275,5,6
19730,819,862,7,8
19731,819,753,7,7
19732,819,826,8,7
19733,819,11,7,6
19734,819,215,6,7
19735,819,892,4,6
19736,819,914,8,8
19737,819,180,6,7
19738,819,607,4,5
19739,819,107,5,4
19740,819,836,8,6
19741,819,88,4,7
19742,819,718,3,4
19743,820,944,6,6
19744,820,843,8,9
19745,820,168,5,7
19746,820,409,8,8
19747,820,982,9,8
19748,820,587,7,7
19749,820,275,10,9
19750,820,862,9,8
19751,820,753,7,8
19752,820,826,6,9
19753,820,11,8,8
19754,820,215,9,10
19755,820,892,7,7
19756,820,914,8,8
19757,820,180,9,7
19758,820,607,7,8
19759,820,107,8,8
19760,820,836,8,9
19761,820,88,7,9
19762,820,718,10,8
19763,821,944,9,8
19764,821,843,6,7
19765,821,168,7,9
19766,821,409,10,8
19767,821,982,5,5
19768,821,587,9,8
19769,821,275,8,7
19770,821,862,9,10
19771,821,753,5,8
19772,821,826,9,10
19773,821,11,10,9
19774,821,215,9,9
19775,821,892,7,9
19776,821,914,4,7
19777,821,180,10,9
19778,821,607,7,6
19779,821,107,10,8
19780,821,836,8,9
19781,821,88,4,6
19782,821,718,10,8
19783,822,944,10,9
19784,822,843,7,9
19785,822,168,5,6
19786,822,409,9,10
19787,822,982,10,10
19788,822,587,10,8
19789,822,275,7,7
19790,822,862,10,8
19791,822,753,5,8
19792,822,826,10,9
19793,822,11,8,9
19794,822,215,7,6
19795,822,892,7,7
19796,822,914,8,8
19797,822,180,9,9
19798,822,607,1,5
19799,822,107,5,5
19800,822,836,10,8
19801,822,88,10,8
19802,822,718,10,9
19803,823,944,10,9
19804,823,843,6,7
19805,823,168,6,9
19806,823,409,10,8
19807,823,982,7,8
19808,823,587,9,7
19809,823,275,7,6
19810,823,862,10,10
19811,823,753,7,7
19812,823,826,8,9
19813,823,11,9,8
19814,823,215,7,7
19815,823,892,5,5
19816,823,914,8,10
19817,823,180,9,9
19818,823,607,4,5
19819,823,107,10,10
19820,823,836,9,9
19821,823,88,8,10
19822,823,718,8,8
19823,824,944,7,7
19824,824,843,6,7
19825,824,168,4,5
19826,824,409,5,6
19827,824,982,4,8
19828,824,587,8,7
19829,824,275,3,5
19830,824,862,8,9
19831,824,753,7,9
19832,824,826,6,7
19833,824,11,6,6
19834,824,215,6,7
19835,824,892,9,9
19836,824,914,7,9
19837,824,180,4,4
19838,824,607,5,6
19839,824,107,9,7
19840,824,836,8,7
19841,824,88,9,9
19842,824,718,9,7
19843,825,944,8,8
19844,825,843,8,6
19845,825,168,4,4
19846,825,409,3,6
19847,825,982,3,5
19848,825,587,8,7
19849,825,275,5,7
19850,825,862,5,7
19851,825,753,7,7
19852,825,826,7,6
19853,825,11,7,5
19854,825,215,3,6
19855,825,892,7,5
19856,825,914,5,6
19857,825,180,4,4
19858,825,607,5,5
19859,825,107,6,5
19860,825,836,7,8
19861,825,88,5,7
19862,825,718,8,6
19863,826,944,8,8
19864,826,843,8,9
19865,826,168,10,9
19866,826,409,8,8
19867,826,982,9,10
19868,826,587,9,9
19869,826,275,7,9
19870,826,862,10,9
19871,826,753,7,5
19872,826,826,10,8
19873,826,11,9,7
19874,826,215,6,9
19875,826,892,7,8
19876,826,914,7,8
19877,826,180,5,8
19878,826,607,7,9
19879,826,107,7,7
19880,826,836,7,8
19881,826,88,5,6
19882,826,718,10,9
19883,827,944,10,8
19884,827,843,10,10
19885,827,168,5,9
19886,827,409,8,9
19887,827,982,4,5
19888,827,587,10,8
19889,827,275,5,7
19890,827,862,10,9
19891,827,753,10,10
19892,827,826,7,8
19893,827,11,6,4
19894,827,215,9,10
19895,827,892,9,7
19896,827,914,4,6
19897,827,180,8,8
19898,827,607,7,7
19899,827,107,8,10
19900,827,836,10,10
19901,827,88,8,10
19902,827,718,9,10
19903,828,944,5,7
19904,828,843,8,8
19905,828,168,6,6
19906,828,409,8,8
19907,828,982,7,7
19908,828,587,8,7
19909,828,275,4,6
19910,828,862,7,8
19911,828,753,7,7
19912,828,826,9,8
19913,828,11,8,10
19914,828,215,8,8
19915,828,892,8,10
19916,828,914,6,6
19917,828,180,9,8
19918,828,607,9,9
19919,828,107,9,7
19920,828,836,9,8
19921,828,88,5,6
19922,828,718,6,7
19923,829,944,10,8
19924,829,843,10,10
19925,829,168,10,8
19926,829,409,8,7
19927,829,982,8,7
19928,829,587,10,9
19929,829,275,6,5
19930,829,862,10,10
19931,829,753,8,8
19932,829,826,10,10
19933,829,11,8,7
19934,829,215,8,9
19935,829,892,5,7
19936,829,914,10,10
19937,829,180,9,7
19938,829,607,7,8
19939,829,107,10,9
19940,829,836,9,8
19941,829,88,6,6
19942,829,718,9,10
19943,830,944,6,8
19944,830,843,8,6
19945,830,168,3,4
19946,830,409,7,8
19947,830,982,3,6
19948,830,587,2,4
19949,830,275,3,3
19950,830,862,6,8
19951,830,753,7,5
19952,830,826,6,8
19953,830,11,5,5
19954,830,215,8,7
19955,830,892,5,7
19956,830,914,2,5
19957,830,180,8,8
19958,830,607,5,6
19959,830,107,6,7
19960,830,836,8,8
19961,830,88,7,7
19962,830,718,8,8
19963,831,944,8,7
19964,831,843,3,4
19965,831,168,3,5
19966,831,409,7,8
19967,831,982,6,6
19968,831,587,4,5
19969,831,275,4,7
19970,831,862,7,8
19971,831,753,7,6
19972,831,826,6,6
19973,831,11,7,7
19974,831,215,7,8
19975,831,892,7,5
19976,831,914,3,3
19977,831,180,7,8
19978,831,607,5,7
19979,831,107,5,6
19980,831,836,8,7
19981,831,88,6,7
19982,831,718,6,6
19983,832,944,7,8
19984,832,843,5,8
19985,832,168,9,8
19986,832,409,10,8
19987,832,982,8,7
19988,832,587,5,5
19989,832,275,5,7
19990,832,862,9,8
19991,832,753,7,8
19992,832,826,9,8
19993,832,11,8,9
19994,832,215,9,9
19995,832,892,7,8
19996,832,914,8,9
19997,832,180,9,9
19998,832,607,7,8
19999,832,107,8,9
20000,832,836,6,6
20001,832,88,7,7
20002,832,718,6,9
20003,833,866,5,9
20004,833,406,10,9
20005,833,731,2,4
20006,833,380,8,8
20007,833,976,2,2
20008,833,590,2,2
20009,833,715,9,8
20010,833,342,2,4
20011,833,258,7,9
20012,833,18,9,8
20013,833,943,6,7
20014,833,996,2,3
20015,833,38,2,2
20016,833,206,7,8
20017,833,100,8,9
20018,833,831,2,4
20019,833,664,6,8
20020,833,66,2,3
20021,833,77,7,7
20022,833,89,9,10
20023,833,897,10,10
20024,833,726,5,6
20025,833,849,9,10
20026,833,30,2,2
20027,833,809,2,2
20028,834,866,7,7
20029,834,406,4,6
20030,834,731,4,8
20031,834,380,8,9
20032,834,976,9,7
20033,834,590,8,7
20034,834,715,8,7
20035,834,342,9,8
20036,834,258,7,8
20037,834,18,7,8
20038,834,943,5,4
20039,834,996,1,3
20040,834,38,6,7
20041,834,206,6,6
20042,834,100,3,4
20043,834,831,1,2
20044,834,664,5,5
20045,834,66,8,9
20046,834,77,8,8
20047,834,89,7,8
20048,834,897,5,6
20049,834,726,7,6
20050,834,849,8,7
20051,834,30,6,7
20052,834,809,5,6
20053,835,866,8,10
20054,835,406,7,9
20055,835,731,10,9
20056,835,380,9,9
20057,835,976,10,9
20058,835,590,8,7
20059,835,715,9,9
20060,835,342,9,9
20061,835,258,6,6
20062,835,18,9,9
20063,835,943,10,10
20064,835,996,2,2
20065,835,38,9,10
20066,835,206,7,6
20067,835,100,7,9
20068,835,831,9,7
20069,835,664,6,8
20070,835,66,10,9
20071,835,77,8,8
20072,835,89,10,9
20073,835,897,8,9
20074,835,726,4,7
20075,835,849,8,10
20076,835,30,7,8
20077,835,809,10,9
20078,836,866,9,9
20079,836,406,7,8
20080,836,731,6,6
20081,836,380,7,8
20082,836,976,10,8
20083,836,590,9,8
20084,836,715,8,9
20085,836,342,10,9
20086,836,258,1,5
20087,836,18,10,10
20088,836,943,7,7
20089,836,996,2,4
20090,836,38,10,8
20091,836,206,2,2
20092,836,100,5,5
20093,836,831,5,7
20094,836,664,6,5
20095,836,66,10,9
20096,836,77,8,8
20097,836,89,10,8
20098,836,897,9,8
20099,836,726,9,7
20100,836,849,7,9
20101,836,30,10,8
20102,836,809,9,8
20103,837,866,4,6
20104,837,406,6,6
20105,837,731,5,5
20106,837,380,6,8
20107,837,976,8,7
20108,837,590,4,4
20109,837,715,8,6
20110,837,342,6,7
20111,837,258,5,5
20112,837,18,5,5
20113,837,943,7,6
20114,837,996,8,6
20115,837,38,8,7
20116,837,206,2,6
20117,837,100,5,6
20118,837,831,6,6
20119,837,664,2,3
20120,837,66,8,6
20121,837,77,4,5
20122,837,89,7,8
20123,837,897,6,8
20124,837,726,1,1
20125,837,849,7,7
20126,837,30,6,6
20127,837,809,6,7
20128,838,866,7,9
20129,838,406,9,9
20130,838,731,7,7
20131,838,380,5,7
20132,838,976,10,9
20133,838,590,10,8
20134,838,715,10,10
20135,838,342,7,6
20136,838,258,9,8
20137,838,18,10,10
20138,838,943,7,9
20139,838,996,6,5
20140,838,38,6,7
20141,838,206,7,7
20142,838,100,5,5
20143,838,831,10,10
20144,838,664,5,7
20145,838,66,9,9
20146,838,77,4,5
20147,838,89,10,10
20148,838,897,10,10
20149,838,726,7,8
20150,838,849,4,5
20151,838,30,8,8
20152,838,809,8,10
20153,839,866,6,7
20154,839,406,7,8
20155,839,731,6,5
20156,839,380,5,6
20157,839,976,8,8
20158,839,590,4,5
20159,839,715,5,4
20160,839,342,8,7
20161,839,258,9,8
20162,839,18,9,7
20163,839,943,7,7
20164,839,996,4,7
20165,839,38,8,7
20166,839,206,5,4
20167,839,100,7,8
20168,839,831,7,7
20169,839,664,7,9
20170,839,66,4,8
20171,839,77,6,6
20172,839,89,7,6
20173,839,897,8,9
20174,839,726,6,7
20175,839,849,6,8
20176,839,30,9,7
20177,839,809,9,9
20178,840,866,8,9
20179,840,406,5,8
20180,840,731,6,6
20181,840,380,10,10
20182,840,976,10,8
20183,840,590,10,10
20184,840,715,8,8
20185,840,342,5,6
20186,840,258,6,6
20187,840,18,10,10
20188,840,943,10,9
20189,840,996,4,4
20190,840,38,7,7
20191,840,206,10,9
20192,840,100,10,9
20193,840,831,8,10
20194,840,664,8,7
20195,840,66,10,8
20196,840,77,8,8
20197,840,89,10,10
20198,840,897,10,9
20199,840,726,8,9
20200,840,849,5,6
20201,840,30,6,6
20202,840,809,10,9
20203,841,866,10,9
20204,841,406,6,7
20205,841,731,6,7
20206,841,380,9,7
20207,841,976,10,8
20208,841,590,9,8
20209,841,715,8,9
20210,841,342,9,8
20211,841,258,7,8
20212,841,18,10,8
20213,841,943,7,7
20214,841,996,8,7
20215,841,38,9,8
20216,841,206,7,6
20217,841,100,8,8
20218,841,831,7,9
20219,841,664,8,7
20220,841,66,7,6
20221,841,77,8,8
20222,841,89,9,8
20223,841,897,10,10
20224,841,726,9,8
20225,841,849,8,7
20226,841,30,5,6
20227,841,809,7,6
20228,842,866,9,8
20229,842,406,7,9
20230,842,731,6,6
20231,842,380,8,9
20232,842,976,7,8
20233,842,590,10,10
20234,842,715,7,8
20235,842,342,9,8
20236,842,258,5,6
20237,842,18,10,10
20238,842,943,7,7
20239,842,996,7,8
20240,842,38,7,9
20241,842,206,9,7
20242,842,100,5,6
20243,842,831,8,8
20244,842,664,10,8
20245,842,66,9,9
20246,842,77,7,9
20247,842,89,8,7
20248,842,897,9,10
20249,842,726,9,9
20250,842,849,8,10
20251,842,30,6,8
20252,842,809,5,8
20253,843,866,6,6
20254,843,406,7,6
20255,843,731,3,7
20256,843,380,7,7
20257,843,976,6,7
20258,843,590,8,8
20259,843,715,6,7
20260,843,342,6,6
20261,843,258,4,4
20262,843,18,4,7
20263,843,943,4,4
20264,843,996,6,6
20265,843,38,5,6
20266,843,206,7,8
20267,843,100,6,7
20268,843,831,3,5
20269,843,664,5,7
20270,843,66,8,7
20271,843,77,4,5
20272,843,89,4,4
20273,843,897,6,8
20274,843,726,5,6
20275,843,849,4,2
20276,843,30,3,4
20277,843,809,4,6
20278,844,866,9,10
20279,844,406,7,9
20280,844,731,5,9
20281,844,380,7,7
20282,844,976,10,8
20283,844,590,9,9
20284,844,715,6,6
20285,844,342,8,8
20286,844,258,4,4
20287,844,18,10,9
20288,844,943,10,9
20289,844,996,9,9
20290,844,38,10,10
20291,844,206,4,7
20292,844,100,8,9
20293,844,831,9,9
20294,844,664,10,9
20295,844,66,5,7
20296,844,77,9,8
20297,844,89,9,9
20298,844,897,10,9
20299,844,726,8,9
20300,844,849,4,4
20301,844,30,5,7
20302,844,809,9,10
20303,845,866,4,6
20304,845,406,7,6
20305,845,731,3,6
20306,845,380,6,5
20307,845,976,6,7
20308,845,590,3,6
20309,845,715,4,5
20310,845,342,5,6
20311,845,258,4,3
20312,845,18,8,7
20313,845,943,6,6
20314,845,996,6,6
20315,845,38,7,7
20316,845,206,2,5
20317,845,100,3,3
20318,845,831,5,5
20319,845,664,6,7
20320,845,66,3,7
20321,845,77,7,7
20322,845,89,6,8
20323,845,897,7,7
20324,845,726,4,3
20325,845,849,3,4
20326,845,30,8,8
20327,845,809,6,8
20328,846,866,7,7
20329,846,406,8,8
20330,846,731,9,9
20331,846,380,7,9
20332,846,976,9,9
20333,846,590,8,10
20334,846,715,9,7
20335,846,342,9,7
20336,846,258,8,9
20337,846,18,9,8
20338,846,943,9,10
20339,846,996,4,8
20340,846,38,9,7
20341,846,206,5,9
20342,846,100,10,8
20343,846,831,9,9
20344,846,664,10,8
20345,846,66,9,8
20346,846,77,8,7
20347,846,89,9,10
20348,846,897,7,8
20349,846,726,9,8
20350,846,849,4,4
20351,846,30,7,8
20352,846,809,8,9
20353,847,866,6,7
20354,847,406,7,7
20355,847,731,7,6
20356,847,380,9,8
20357,847,976,8,8
20358,847,590,7,7
20359,847,715,6,7
20360,847,342,3,4
20361,847,258,7,5
20362,847,18,8,8
20363,847,943,8,7
20364,847,996,6,7
20365,847,38,5,5
20366,847,206,3,7
20367,847,100,7,8
20368,847,831,6,6
20369,847,664,2,5
20370,847,66,3,7
20371,847,77,4,6
20372,847,89,7,7
20373,847,897,5,4
20374,847,726,4,2
20375,847,849,5,6
20376,847,30,7,7
20377,847,809,7,8
20378,848,866,3,5
20379,848,406,6,7
20380,848,731,7,7
20381,848,380,3,3
20382,848,976,6,7
20383,848,590,7,6
20384,848,715,6,8
20385,848,342,8,7
20386,848,258,6,8
20387,848,18,3,3
20388,848,943,3,5
20389,848,996,4,4
20390,848,38,5,7
20391,848,206,6,5
20392,848,100,7,5
20393,848,831,6,5
20394,848,664,6,6
20395,848,66,5,7
20396,848,77,3,4
20397,848,89,6,6
20398,848,897,4,6
20399,848,726,4,4
20400,848,849,7,8
20401,848,30,5,4
20402,848,809,8,7
20403,849,866,7,8
20404,849,406,8,8
20405,849,731,7,7
20406,849,380,9,10
20407,849,976,8,9
20408,849,590,10,8
20409,849,715,6,7
20410,849,342,9,8
20411,849,258,10,9
20412,849,18,8,10
20413,849,943,9,9
20414,849,996,5,5
20415,849,38,4,7
20416,849,206,10,9
20417,849,100,9,8
20418,849,831,9,8
20419,849,664,6,8
20420,849,66,7,6
20421,849,77,6,7
20422,849,89,10,9
20423,849,897,8,8
20424,849,726,6,6
20425,849,849,8,8
20426,849,30,9,9
20427,849,809,6,8
20428,850,866,5,6
20429,850,406,9,10
20430,850,731,9,9
20431,850,380,7,7
20432,850,976,10,8
20433,850,590,8,7
20434,850,715,4,8
20435,850,342,10,10
20436,850,258,6,8
20437,850,18,10,10
20438,850,943,8,9
20439,850,996,4,6
20440,850,38,8,8
20441,850,206,9,7
20442,850,100,7,7
20443,850,831,9,7
20444,850,664,9,9
20445,850,66,7,9
20446,850,77,4,6
20447,850,89,8,10
20448,850,897,5,6
20449,850,726,8,10
20450,850,849,8,10
20451,850,30,6,8
20452,850,809,6,6
20453,851,866,6,8
20454,851,406,6,5
20455,851,731,8,9
20456,851,380,5,5
20457,851,976,8,7
20458,851,590,7,6
20459,851,715,3,5
20460,851,342,6,8
20461,851,258,5,6
20462,851,18,7,7
20463,851,943,9,8
20464,851,996,3,6
20465,851,38,8,8
20466,851,206,7,7
20467,851,100,7,9
20468,851,831,3,4
20469,851,664,6,7
20470,851,66,6,7
20471,851,77,3,5
20472,851,89,9,9
20473,851,897,5,4
20474,851,726,7,9
20475,851,849,8,7
20476,851,30,6,5
20477,851,809,4,7
20478,852,866,5,5
20479,852,406,7,6
20480,852,731,6,7
20481,852,380,6,5
20482,852,976,5,7
20483,852,590,6,6
20484,852,715,7,6
20485,852,342,7,7
20486,852,258,7,7
20487,852,18,7,7
20488,852,943,7,8
20489,852,996,1,3
20490,852,38,6,7
20491,852,206,3,6
20492,852,100,4,4
20493,852,831,6,5
20494,852,664,7,8
20495,852,66,3,7
20496,852,77,8,6
20497,852,89,6,7
20498,852,897,4,4
20499,852,726,6,6
20500,852,849,4,3
20501,852,30,5,6
20502,852,809,4,3
20503,853,866,8,9
20504,853,406,10,9
20505,853,731,9,9
20506,853,380,8,9
20507,853,976,10,9
20508,853,590,6,5
20509,853,715,9,7
20510,853,342,8,8
20511,853,258,9,8
20512,853,18,9,9
20513,853,943,8,8
20514,853,996,10,10
20515,853,38,7,9
20516,853,206,7,8
20517,853,100,8,9
20518,853,831,6,8
20519,853,664,8,7
20520,853,66,5,9
20521,853,77,5,6
20522,853,89,7,7
20523,853,897,6,7
20524,853,726,9,8
20525,853,849,7,7
20526,853,30,5,8
20527,853,809,6,9
20528,854,866,10,9
20529,854,406,7,9
20530,854,731,10,8
20531,854,380,10,9
20532,854,976,8,8
20533,854,590,4,8
20534,854,715,8,8
20535,854,342,10,9
20536,854,258,9,8
20537,854,18,5,7
20538,854,943,6,9
20539,854,996,7,8
20540,854,38,7,7
20541,854,206,2,6
20542,854,100,8,9
20543,854,831,8,7
20544,854,664,9,7
20545,854,66,5,8
20546,854,77,9,10
20547,854,89,9,8
20548,854,897,6,8
20549,854,726,10,8
20550,854,849,7,8
20551,854,30,10,8
20552,854,809,6,7
20553,855,866,8,6
20554,855,406,7,7
20555,855,731,4,7
20556,855,380,7,8
20557,855,976,8,6
20558,855,590,7,5
20559,855,715,3,6
20560,855,342,5,7
20561,855,258,5,7
20562,855,18,6,8
20563,855,943,4,3
20564,855,996,4,5
20565,855,38,8,7
20566,855,206,2,4
20567,855,100,5,6
20568,855,831,6,8
20569,855,664,6,7
20570,855,66,7,8
20571,855,77,2,2
20572,855,89,6,6
20573,855,897,5,6
20574,855,726,5,7
20575,855,849,7,5
20576,855,30,3,6
20577,855,809,3,5
20578,856,866,5,5
20579,856,406,6,7
20580,856,731,4,6
20581,856,380,5,7
20582,856,976,7,7
20583,856,590,4,6
20584,856,715,4,5
20585,856,342,1,3
20586,856,258,6,7
20587,856,18,7,6
20588,856,943,5,5
20589,856,996,2,5
20590,856,38,8,6
20591,856,206,4,2
20592,856,100,5,5
20593,856,831,8,6
20594,856,664,5,5
20595,856,66,6,7
20596,856,77,6,6
20597,856,89,8,7
20598,856,897,4,6
20599,856,726,6,6
20600,856,849,5,6
20601,856,30,5,5
20602,856,809,8,6
20603,857,866,10,10
20604,857,406,8,10
20605,857,731,7,9
20606,857,380,6,6
20607,857,976,9,9
20608,857,590,9,9
20609,857,715,8,10
20610,857,342,9,8
20611,857,258,7,9
20612,857,18,8,10
20613,857,943,7,6
20614,857,996,6,9
20615,857,38,6,5
20616,857,206,9,8
20617,857,100,8,9
20618,857,831,9,8
20619,857,664,7,7
20620,857,66,8,9
20621,857,77,8,8
20622,857,89,9,8
20623,857,897,6,6
20624,857,726,8,9
20625,857,849,10,10
20626,857,30,6,5
20627,857,809,8,9
20628,858,866,3,4
20629,858,406,7,7
20630,858,731,4,6
20631,858,380,4,6
20632,858,976,7,6
20633,858,590,4,6
20634,858,715,6,7
20635,858,342,7,6
20636,858,258,3,3
20637,858,18,8,6
20638,858,943,8,6
20639,858,996,4,6
20640,858,38,5,6
20641,858,206,8,7
20642,858,100,5,7
20643,858,831,8,6
20644,858,664,7,5
20645,858,66,3,7
20646,858,77,5,7
20647,858,89,6,6
20648,858,897,4,6
20649,858,726,7,6
20650,858,849,6,6
20651,858,30,6,6
20652,858,809,7,7
20653,859,866,3,5
20654,859,406,6,6
20655,859,731,5,5
20656,859,380,5,5
20657,859,976,6,5
20658,859,590,6,6
20659,859,715,8,7
20660,859,342,6,6
20661,859,258,2,3
20662,859,18,6,7
20663,859,943,6,6
20664,859,996,3,6
20665,859,38,2,5
20666,859,206,2,4
20667,859,100,3,3
20668,859,831,6,5
20669,859,664,7,7
20670,859,66,3,5
20671,859,77,6,6
20672,859,89,8,7
20673,859,897,7,6
20674,859,726,7,6
20675,859,849,5,6
20676,859,30,7,8
20677,859,809,7,7
20678,860,866,4,5
20679,860,406,5,5
20680,860,731,7,7
20681,860,380,7,7
20682,860,976,6,6
20683,860,590,4,3
20684,860,715,3,5
20685,860,342,6,5
20686,860,258,7,7
20687,860,18,7,5
20688,860,943,5,6
20689,860,996,2,4
20690,860,38,4,7
20691,860,206,2,6
20692,860,100,5,5
20693,860,831,8,8
20694,860,664,7,5
20695,860,66,8,6
20696,860,77,7,7
20697,860,89,8,6
20698,860,897,5,6
20699,860,726,6,7
20700,860,849,7,6
20701,860,30,8,6
20702,860,809,6,6
20703,861,866,10,8
20704,861,406,5,6
20705,861,731,6,8
20706,861,380,4,6
20707,861,976,9,10
20708,861,590,7,7
20709,861,715,8,8
20710,861,342,6,4
20711,861,258,9,7
20712,861,18,10,9
20713,861,943,10,9
20714,861,996,6,8
20715,861,38,5,7
20716,861,206,8,9
20717,861,100,8,8
20718,861,831,5,5
20719,861,664,8,9
20720,861,66,8,10
20721,861,77,9,9
20722,861,89,10,10
20723,861,897,7,9
20724,861,726,10,9
20725,861,849,9,8
20726,861,30,5,8
20727,861,809,8,8
20728,862,866,8,7
20729,862,406,3,5
20730,862,731,4,5
20731,862,380,6,6
20732,862,976,8,8
20733,862,590,3,5
20734,862,715,5,6
20735,862,342,7,6
20736,862,258,7,7
20737,862,18,7,6
20738,862,943,6,6
20739,862,996,3,4
20740,862,38,6,6
20741,862,206,7,7
20742,862,100,6,5
20743,862,831,4,6
20744,862,664,7,5
20745,862,66,8,7
20746,862,77,7,5
20747,862,89,7,6
20748,862,897,4,5
20749,862,726,4,4
20750,862,849,5,5
20751,862,30,4,6
20752,862,809,7,8
20753,863,866,7,8
20754,863,406,8,7
20755,863,731,5,7
20756,863,380,6,5
20757,863,976,4,4
20758,863,590,3,6
20759,863,715,7,6
20760,863,342,6,6
20761,863,258,7,5
20762,863,18,3,4
20763,863,943,9,6
20764,863,996,4,5
20765,863,38,6,7
20766,863,206,5,5
20767,863,100,5,5
20768,863,831,5,6
20769,863,664,5,5
20770,863,66,9,8
20771,863,77,4,3
20772,863,89,8,6
20773,863,897,5,5
20774,863,726,7,6
20775,863,849,1,2
20776,863,30,3,4
20777,863,809,5,6
20778,864,866,4,5
20779,864,406,5,6
20780,864,731,4,5
20781,864,380,6,6
20782,864,976,4,7
20783,864,590,6,6
20784,864,715,6,6
20785,864,342,7,7
20786,864,258,5,7
20787,864,18,8,8
20788,864,943,7,8
20789,864,996,3,5
20790,864,38,5,5
20791,864,206,7,5
20792,864,100,3,4
20793,864,831,5,5
20794,864,664,4,3
20795,864,66,8,6
20796,864,77,5,5
20797,864,89,6,6
20798,864,897,3,5
20799,864,726,7,6
20800,864,849,6,7
20801,864,30,4,7
20802,864,809,7,8
20803,865,866,6,8
20804,865,406,6,9
20805,865,731,9,8
20806,865,380,6,6
20807,865,976,6,7
20808,865,590,7,9
20809,865,715,6,8
20810,865,342,4,6
20811,865,258,9,8
20812,865,18,9,10
20813,865,943,9,8
20814,865,996,5,5
20815,865,38,10,9
20816,865,206,9,8
20817,865,100,9,8
20818,865,831,8,7
20819,865,664,9,9
20820,865,66,9,8
20821,865,77,8,8
20822,865,89,5,8
20823,865,897,10,10
20824,865,726,8,9
20825,865,849,9,7
20826,865,30,6,8
20827,865,809,9,9
20828,866,866,7,7
20829,866,406,7,7
20830,866,731,7,8
20831,866,380,5,7
20832,866,976,10,8
20833,866,590,5,6
20834,866,715,10,9
20835,866,342,4,5
20836,866,258,8,10
20837,866,18,7,7
20838,866,943,9,10
20839,866,996,9,10
20840,866,38,8,7
20841,866,206,5,5
20842,866,100,9,8
20843,866,831,7,5
20844,866,664,7,6
20845,866,66,10,9
20846,866,77,8,9
20847,866,89,7,6
20848,866,897,10,8
20849,866,726,9,9
20850,866,849,7,7
20851,866,30,10,9
20852,866,809,7,7
20853,867,866,6,9
20854,867,406,8,9
20855,867,731,6,6
20856,867,380,7,8
20857,867,976,9,10
20858,867,590,5,7
20859,867,715,9,7
20860,867,342,7,8
20861,867,258,10,10
20862,867,18,4,5
20863,867,943,9,10
20864,867,996,8,10
20865,867,38,5,6
20866,867,206,7,5
20867,867,100,9,9
20868,867,831,10,8
20869,867,664,8,9
20870,867,66,10,10
20871,867,77,8,10
20872,867,89,7,7
20873,867,897,10,10
20874,867,726,7,8
20875,867,849,8,7
20876,867,30,9,10
20877,867,809,10,9
20878,868,866,9,8
20879,868,406,9,9
20880,868,731,6,7
20881,868,380,6,6
20882,868,976,10,8
20883,868,590,9,8
20884,868,715,8,7
20885,868,342,9,9
20886,868,258,9,10
20887,868,18,7,9
20888,868,943,10,8
20889,868,996,5,6
20890,868,38,10,9
20891,868,206,7,9
20892,868,100,5,9
20893,868,831,8,8
20894,868,664,8,9
20895,868,66,10,8
20896,868,77,7,8
20897,868,89,7,7
20898,868,897,8,8
20899,868,726,8,7
20900,868,849,6,8
20901,868,30,10,8
20902,868,809,8,10
20903,869,866,9,7
20904,869,406,7,8
20905,869,731,8,7
20906,869,380,6,7
20907,869,976,8,8
20908,869,590,8,8
20909,869,715,7,9
20910,869,342,8,8
20911,869,258,7,8
20912,869,18,7,7
20913,869,943,10,7
20914,869,996,4,5
20915,869,38,8,8
20916,869,206,9,9
20917,869,100,5,6
20918,869,831,6,8
20919,869,664,8,7
20920,869,66,7,9
20921,869,77,5,5
20922,869,89,5,5
20923,869,897,6,7
20924,869,726,4,4
20925,869,849,4,5
20926,869,30,9,9
20927,869,809,8,7
20928,870,866,5,7
20929,870,406,6,6
20930,870,731,7,6
20931,870,380,7,6
20932,870,976,8,7
20933,870,590,6,6
20934,870,715,6,7
20935,870,342,5,6
20936,870,258,7,6
20937,870,18,8,6
20938,870,943,7,8
20939,870,996,4,6
20940,870,38,5,6
20941,870,206,1,4
20942,870,100,3,3
20943,870,831,3,5
20944,870,664,5,6
20945,870,66,6,6
20946,870,77,4,5
20947,870,89,4,4
20948,870,897,6,7
20949,870,726,6,5
20950,870,849,3,5
20951,870,30,8,7
20952,870,809,4,5
20953,871,866,9,9
20954,871,406,8,8
20955,871,731,9,8
20956,871,380,3,4
20957,871,976,9,7
20958,871,590,9,9
20959,871,715,3,3
20960,871,342,8,7
20961,871,258,4,4
20962,871,18,6,7
20963,871,943,6,5
20964,871,996,5,3
20965,871,38,4,4
20966,871,206,5,5
20967,871,100,6,8
20968,871,831,6,8
20969,871,664,6,8
20970,871,66,9,8
20971,871,77,1,2
20972,871,89,8,9
20973,871,897,8,9
20974,871,726,4,6
20975,871,849,7,6
20976,871,30,9,9
20977,871,809,4,8
20978,872,866,8,6
20979,872,406,7,9
20980,872,731,6,8
20981,872,380,7,8
20982,872,976,10,9
20983,872,590,8,8
20984,872,715,8,8
20985,872,342,4,6
20986,872,258,5,5
20987,872,18,6,7
20988,872,943,4,8
20989,872,996,7,9
20990,872,38,4,6
20991,872,206,9,7
20992,872,100,5,6
20993,872,831,8,9
20994,872,664,7,6
20995,872,66,7,9
20996,872,77,6,6
20997,872,89,9,9
20998,872,897,4,8
20999,872,726,1,1
21000,872,849,7,6
21001,872,30,8,9
21002,872,809,5,6
21003,873,866,9,9
21004,873,406,10,8
21005,873,731,5,7
21006,873,380,8,9
21007,873,976,10,8
21008,873,590,8,10
21009,873,715,6,7
21010,873,342,6,6
21011,873,258,7,8
21012,873,18,5,7
21013,873,943,7,7
21014,873,996,8,9
21015,873,38,5,5
21016,873,206,9,7
21017,873,100,6,8
21018,873,831,4,7
21019,873,664,9,8
21020,873,66,10,8
21021,873,77,10,9
21022,873,89,6,8
21023,873,897,8,9
21024,873,726,10,10
21025,873,849,8,8
21026,873,30,8,10
21027,873,809,7,6
